project_id,project_name,sector,jurisdiction,state,district_or_corridor,project_status,project_spatial_type,governing_statute,infrastructure_type,statutory_stage,days_in_current_stage,land_type,total_area_hectares,affected_families_count,pending_court_injunctions,missing_title_deeds_pct,co_sharer_mutation_pending,compensation_disbursed_pct,sec_3h_escrow_deposited,competent_authority_fund_liquidity,forest_clearance_stage,utility_lines_to_relocate_count,is_critical_path_asset,structures_count_residential,commercial_establishments_count,public_structure_obstruction,active_environmental_protests,labor_union_strike_days,local_law_and_order_halts,contractor_past_delay_index,subcontractor_tier_rating,equipment_telemetry_downtime,labor_productivity_rate,wpi_material_inflation,regional_labor_availability,material_lead_time_days,monsoon_disruption_probability,soil_bearing_capacity_variance,groundwater_table_depth,treasury_invoice_clearance_lag,digital_record_fidelity_score,actual_delay_days
DN/19007/05002/AS,4-Laning of Numaligarh to Jorhat Section,Transport,Central,Assam,Jorhat,Completed,Linear,NH_Act_1956,Highway,Section_3G/23_Award,2443,Private_Agricultural,229.2,1450,4,45.0,TRUE,35.5,FALSE,95.0,Stage_1_In_Principle,28,TRUE,185,42,Religious_Shrine,Active_NGT_Stay,45,TRUE,1.35,Tier_2_Regional,24.5,0.62,7.8,Deficit_Seasonal_Migration,45,0.85,0.18,2.5,55,0.68,2124
NI/2020/59510,Delhi-Amritsar-Katra Expressway (Jalandhar Spur NH-NE5A),Transport,Central,Punjab,Jalandhar,Ongoing,Linear,NH_Act_1956,Highway,Section_3D/19_Declaration,622,Private_Agricultural,3000.0,4200,5,35.0,TRUE,0.14,FALSE,100.0,Stage_1_Applied,45,TRUE,310,18,None,Peaceful_Picket,85,TRUE,1.15,Tier_2_Regional,42.0,0.35,8.2,Adequate,30,0.45,0.12,6.5,45,0.72,2393
KRIDE/BSRP/2020,Bengaluru Suburban Railway Project (BSRP),Transport,State,Karnataka,Bengaluru Urban & Rural,Ongoing,Linear,KIADB_Act_1966,Railway,KIADB_Section_28(1)_Preliminary,1280,Private_Urban_Commercial,195.4,1062,4,38.0,TRUE,22.5,FALSE,65.0,Stage_1_Applied,84,TRUE,332,77,Religious_Shrine,Citizen_Activist_Protest,25,FALSE,1.25,Tier_1_National,38.0,0.55,6.8,Adequate,40,0.30,0.15,12.0,48,0.78,1425
UPEIDA/PE/2018,Purvanchal Expressway,Transport,State,Uttar Pradesh,Lucknow to Ghazipur,Completed,Linear,LARR_Act_2013,Highway,Physical_Possession_Taken,1766,Private_Agricultural,4330.0,8500,0,4.5,FALSE,99.8,TRUE,98.5,Stage_2_Final_Approved,167,TRUE,420,85,None,None,0,FALSE,0.88,Tier_1_National,5.2,1.15,4.2,Surplus,14,0.35,0.08,8.5,12,0.92,37
UPEIDA/ALE/2014,Agra-Lucknow Expressway,Transport,State,Uttar Pradesh,Agra to Lucknow,Completed,Linear,LARR_Act_2013,Highway,Physical_Possession_Taken,3587,Private_Agricultural,3420.0,7200,1,2.1,FALSE,99.2,TRUE,98.0,Stage_2_Final_Approved,142,TRUE,380,65,None,None,0,FALSE,0.85,Tier_1_National,5.0,1.20,3.8,Surplus,12,0.32,0.07,9.0,14,0.94,0
UPEIDA/BKE/2019,Bundelkhand Expressway,Transport,State,Uttar Pradesh,Chitrakoot to Etawah,Completed,Linear,LARR_Act_2013,Highway,Physical_Possession_Taken,1524,Private_Agricultural,3653.67,21361,0,3.8,FALSE,95.32,TRUE,98.0,Stage_2_Final_Approved,118,TRUE,286,42,None,None,0,FALSE,0.80,Tier_1_National,4.8,1.25,4.1,Surplus,12,0.28,0.09,11.5,11,0.95,0
UPEIDA/GLE/2020,Gorakhpur Link Expressway,Transport,State,Uttar Pradesh,Gorakhpur to Azamgarh,Completed,Linear,LARR_Act_2013,Highway,Physical_Possession_Taken,454,Private_Agricultural,1095.07,20199,1,4.2,FALSE,99.10,TRUE,97.5,Stage_2_Final_Approved,64,TRUE,145,28,None,None,0,FALSE,1.12,Tier_1_National,7.5,0.95,5.4,Surplus,16,0.38,0.10,6.8,16,0.92,861
UPEIDA/GE/2021,Ganga Expressway,Transport,State,Uttar Pradesh,Meerut to Prayagraj,Completed,Linear,LARR_Act_2013,Highway,Physical_Possession_Taken,141,Private_Agricultural,7429.70,88260,1,3.4,FALSE,93.55,TRUE,95.5,Stage_2_Final_Approved,214,TRUE,520,95,None,None,0,FALSE,1.08,Tier_1_National,8.2,1.05,5.1,Surplus,18,0.34,0.08,7.2,18,0.96,484
PGCIL/SEZ-RAJ/2021,Transmission Scheme for Solar Energy Zones in Rajasthan (PGCIL/ISTS),Energy,Central,Rajasthan,Barmer to Jaisalmer (Fatehgarh),Completed,Linear,Indian_Telegraph_Act_1885,Power_Transmission_Line,Section_164_Conferred,20,Private_Agricultural_Arid,18.5,320,1,0.0,FALSE,98.5,FALSE,99.0,Stage_2_Final_Approved,14,TRUE,0,0,None,None,0,FALSE,0.92,Tier_1_National,4.5,1.10,4.8,Adequate,28,0.08,0.05,45.0,15,0.94,0
NHPC/SLHEP/2003,Subansiri Lower Hydroelectric Project (2000 MW),Energy,Central,Arunachal Pradesh & Assam,Lower Subansiri & Dhemaji,Ongoing,Polygon,LARR_Act_2013,Hydroelectric_Dam,Environmental_Litigation_Stay_Lifted,2530,Forest_and_Riverbed,3998.0,1850,2,12.5,FALSE,88.5,TRUE,92.0,Stage_2_Final_Approved,18,TRUE,210,15,None,Public_Agitation_Anti_Dam,2800,TRUE,2.15,Tier_1_National,24.5,0.62,5.8,Scarce,45,0.72,0.35,1.5,22,0.81,5009
KSPDCL/PSP/2015,Pavagada Solar Park (Shakti Sthala 2050 MW),Energy,State,Karnataka,Tumkur (Pavagada),Completed,Polygon,Karnataka_Land_Reforms_Act_1961,Solar_Power_Plant,Physical_Possession_Taken,2469,Private_Agricultural_Arid,5300.0,2300,0,1.2,FALSE,99.5,FALSE,99.0,Stage_2_Final_Approved,12,TRUE,0,0,None,None,0,FALSE,0.86,Tier_1_National,4.0,1.20,3.5,Surplus,15,0.18,0.06,40.0,10,0.96,0
KMRL/KMRP-P1/2012,Kochi Metro Rail Project Phase 1 (Aluva to Petta),Transport,Central,Kerala,Ernakulam (Aluva to Petta),Completed,Linear,LARR_Act_2013,Metro_Rail,Physical_Possession_Taken,2202,Private_Urban_Commercial,25.33,1420,1,5.4,FALSE,98.8,TRUE,97.0,Stage_2_Final_Approved,228,TRUE,215,640,None,None,18,FALSE,1.18,Tier_1_National,9.5,0.90,4.9,Adequate,26,0.58,0.22,2.1,16,0.98,1621
PGCIL/SEZ-RAJ/2021,Transmission Scheme for Solar Energy Zones in Rajasthan (PGCIL/ISTS),Energy,Central,Rajasthan,Barmer to Jaisalmer (Fatehgarh),Completed,Linear,Indian_Telegraph_Act_1885,Power_Transmission_Line,Section_164_Conferred,21,Private_Agricultural_Arid,18.5,320,1,0.0,FALSE,98.5,FALSE,99.0,Stage_2_Final_Approved,14,TRUE,0,0,None,None,0,FALSE,0.92,Tier_1_National,4.5,1.10,4.8,Adequate,28,0.08,0.05,45.0,15,0.98,0
NCRTC/DGMRRTS/2019,Delhi-Ghaziabad-Meerut RRTS Corridor (Namo Bharat),Transport,Central,Delhi & Uttar Pradesh,Delhi to Meerut,Ongoing,Linear,LARR_Act_2013,Rapid_Rail_Transit,Section_19_Award_Declared,445,Private_Urban_and_Agricultural,170.0,813,1,3.8,FALSE,97.5,TRUE,96.0,Stage_2_Final_Approved,240,TRUE,81,732,None,None,0,FALSE,1.06,Tier_1_National,6.2,1.15,5.2,Surplus,20,0.22,0.12,8.5,14,0.98,445
UPMRC/LMR-NS/2014,Lucknow Metro (North-South Corridor),Transport,State,Uttar Pradesh,Lucknow (Munshipulia to CCS Airport),Completed,Linear,LARR_Act_2013,Metro_Rail,Physical_Possession_Taken,2751,Private_Urban_and_Government,34.6,640,0,1.8,FALSE,99.2,TRUE,98.0,Stage_2_Final_Approved,175,TRUE,92,340,None,None,0,FALSE,0.82,Tier_1_National,5.2,1.22,4.2,Surplus,15,0.26,0.09,9.5,12,0.98,0
UPMRC/KMR-C12/2019,Kanpur Metro (Corridors 1 and 2),Transport,State,Uttar Pradesh,Kanpur (IIT to Naubasta & CSA to Barra-8),Ongoing,Linear,LARR_Act_2013,Metro_Rail,Section_19_Award_Declared,657,Private_Urban_and_Government,46.8,890,1,3.5,FALSE,96.8,TRUE,95.5,Stage_2_Final_Approved,210,TRUE,140,510,None,None,0,FALSE,1.08,Tier_1_National,7.1,1.08,5.1,Surplus,18,0.28,0.11,12.0,14,0.96,657
UPMRC/AMR-C12/2020,Agra Metro (Corridors 1 and 2),Transport,State,Uttar Pradesh,Agra (Sikandra to Taj East Gate & Agra Cantt to Kalindi Vihar),Ongoing,Linear,LARR_Act_2013,Metro_Rail,Section_19_Award_Declared,261,Private_Urban_and_Government,39.2,780,1,4.1,FALSE,95.5,TRUE,94.5,Stage_2_Final_Approved,185,TRUE,110,430,None,None,0,FALSE,1.05,Tier_1_National,6.8,1.10,5.0,Surplus,18,0.22,0.08,16.0,15,0.95,261
DMRC-GDA/GMR/2014,Ghaziabad Metro (Dilshad Garden to Shaheed Sthal),Transport,State,Uttar Pradesh,Ghaziabad (Dilshad Garden to New Bus Stand),Completed,Linear,LARR_Act_2013,Metro_Rail,Physical_Possession_Taken,2751,Private_Urban_Commercial,12.5,320,0,2.0,FALSE,99.0,TRUE,97.5,Stage_2_Final_Approved,88,TRUE,45,185,None,None,0,FALSE,0.90,Tier_1_National,5.5,1.18,4.4,Surplus,16,0.20,0.09,18.0,12,0.97,0
MAHA-METRO/PMRP/2020,Pune Metro Rail Project (Vanaz to Ramwadi & Extensions),Transport,State,Maharashtra,Pune (Sangamwadi & Sasoon Road),Ongoing,Linear,LARR_Act_2013,Metro_Rail,Section_11_Preliminary_Notification,2449,Private_Urban_Commercial,0.0902,0,0,1.5,FALSE,98.0,FALSE,97.0,Stage_2_Final_Approved,34,TRUE,0,0,None,None,0,FALSE,1.04,Tier_1_National,5.4,1.16,4.6,Surplus,16,0.30,0.08,10.5,12,0.99,340
BUIDCO-NMCG/PSTP/2017,"Patna Sewerage Network and STP Treatment Works (Beur, Saidpur, Karmalichak, Pahari)",Water_and_Sanitation,Central,Bihar,"Patna (Saidpur, Beur, Karmalichak, Pahari)",Completed,Polygon,LARR_Act_2013,Sewage_Treatment_Plant,Physical_Possession_Taken,1570,Government_and_Private_Alluvial,32.4,185,0,1.8,FALSE,98.5,FALSE,97.0,Stage_2_Final_Approved,115,TRUE,22,78,None,None,0,FALSE,1.14,Tier_1_National,8.0,1.02,4.9,Surplus,25,0.68,0.18,3.2,16,0.96,883
PPA/PIP-PH1/2014,Polavaram Irrigation Project (Phase-I EL +41.15m),Water_Resources,Central,Andhra Pradesh,Eluru & Alluri Sitharama Raju,Ongoing,Polygon,LARR_Act_2013,Multi_Purpose_Dam,R&R_Implementation,80,Forest_Agricultural_and_Riverbed,40509.0,38060,2,4.5,FALSE,61.97,FALSE,92.0,Stage_2_Final_Approved,52,TRUE,20799,480,None,Public_Agitation_Tribal_R&R,45,TRUE,1.72,Tier_1_National,14.0,0.85,5.6,Adequate,30,0.75,0.38,1.2,18,0.96,2453
PPA/PIP-FULL/2014,Polavaram National Irrigation Project (Indira Sagar FRL +45.72m),Water_Resources,Central,Andhra Pradesh,Eluru & Alluri Sitharama Raju,Ongoing,Polygon,LARR_Act_2013,Multi_Purpose_Dam,Section_19_Award_Declared,1820,Forest_Agricultural_and_Riverbed,66974.0,106000,3,9.5,FALSE,29.32,FALSE,88.0,Stage_2_Final_Approved,84,TRUE,72000,1400,None,Public_Agitation_Tribal_R&R,120,TRUE,1.85,Tier_1_National,16.5,0.78,5.6,Adequate,35,0.75,0.38,1.2,30,0.88,2453
DICDL/DSIR-ACT/2016,Dholera SIR Phase 1 Activation Area (Trunk Utilities & Fab Node),Industrial_Infrastructure,State,Gujarat,Ahmedabad (Dholera Taluka TP2A),Completed,Polygon,LARR_Act_2013,Industrial_Corridor_Utilities,Physical_Possession_Taken,620,Coastal_Saline_Industrial_Pooled,2254.0,210,0,1.2,FALSE,99.1,FALSE,98.5,Stage_2_Final_Approved,64,TRUE,18,42,None,None,0,FALSE,1.05,Tier_1_National,5.0,1.15,4.7,Surplus,20,0.35,0.28,1.8,12,0.98,310
KBLPA/KBLP-PH1/2022,Ken-Betwa Link Project (Daudhan Dam & Link Canal Network),Water_Resources,Central,Madhya Pradesh & Uttar Pradesh,Chhatarpur Panna & Banda,Ongoing,Composite,LARR_Act_2013,River_Interlinking_Canal,Statutory_Authority_Constituted,1682,Forest_and_Agricultural_Bundelkhand,9000.0,7200,2,6.5,FALSE,68.4,FALSE,91.0,Stage_2_Final_Approved,96,TRUE,5800,210,None,Wildlife_Conservation_Litigation,0,FALSE,1.40,Tier_1_National,11.5,0.92,5.4,Surplus,28,0.58,0.24,5.8,20,0.98,1420
BMRCL/PH2A/2019,Bengaluru Metro Phase 2A (Silk Board to KR Puram),Transport,State,Karnataka,Bengaluru Urban (ORR Corridor),Ongoing,Linear,LARR_Act_2013,Metro_Rail,Section_28_4_Declaration_Published,1520,Private_Urban_Commercial_and_Govt,4.82,111,1,1.8,FALSE,99.2,FALSE,98.5,Stage_2_Final_Approved,148,TRUE,15,70,None,None,0,FALSE,1.08,Tier_1_National,5.6,1.18,4.8,Surplus,16,0.26,0.09,11.0,12,0.99,180
BMRCL/PH2B/2020,Bengaluru Metro Phase 2B (KR Puram to Airport Terminal),Transport,State,Karnataka,Bengaluru Urban & Rural (NH-44 Corridor),Ongoing,Linear,LARR_Act_2013,Metro_Rail,Section_28_4_Declaration_Published,1340,Private_Urban_Commercial_and_Depot,31.92,376,1,2.8,FALSE,98.5,FALSE,97.5,Stage_2_Final_Approved,194,TRUE,69,199,None,None,0,FALSE,1.14,Tier_1_National,6.4,1.12,5.2,Surplus,18,0.29,0.11,13.5,15,0.98,290
BMRCL/PH2AB/2020,Bengaluru Metro Rail Project Phase 2A & 2B (ORR & Airport Line),Transport,State,Karnataka,Bengaluru Urban (Silk Board to KIA Terminal),Ongoing,Linear,LARR_Act_2013,Metro_Rail,Section_28_4_Declaration_Published,1340,Private_Urban_Commercial_and_Govt,36.75,487,2,2.4,FALSE,98.8,FALSE,98.0,Stage_2_Final_Approved,342,TRUE,84,269,None,None,0,FALSE,1.12,Tier_1_National,6.0,1.15,5.1,Surplus,18,0.28,0.10,12.5,14,0.99,260
CMRL/PH2-C3/2025,Chennai Metro Phase 2 Corridor 3 (Sholinganallur to SIPCOT-2),Transport,State,Tamil Nadu,Chennai & Chengalpattu (OMR Corridor 3),Ongoing,Linear,LARR_Act_2013,Metro_Rail,Section_3_1_Industrial_Notice_Issued,657,Private_Urban_Commercial_and_Govt,2.75,47,0,1.4,FALSE,88.17,FALSE,97.5,Stage_2_Final_Approved,62,TRUE,5,15,None,None,0,FALSE,1.08,Tier_1_National,5.2,1.16,4.9,Surplus,18,0.42,0.14,4.5,14,0.99,261
MPWD/MRCIG-RBL/2025,Maharashtra Roads Connectivity for Inclusive Growth Program (802 km Priority Corridors),Transport,State,Maharashtra,Marathwada & Vidarbha (23 EPC Packages),Ongoing,Linear,LARR_Act_2013,State_Highway,Resettlement_Framework_Approved,298,Government_RoW_and_Private_Direct_Purchase,0.0,940,0,0.8,FALSE,86.5,FALSE,96.0,Stage_2_Final_Approved,184,TRUE,38,412,None,None,0,FALSE,1.06,Tier_1_National,5.4,1.12,5.2,Surplus,22,0.32,0.16,7.5,16,0.98,120
MMRCL/NGP-PH2/2024,Nagpur Metro Rail Project Phase 2 (43.8 km Network Extensions),Transport,State,Maharashtra,Nagpur Metropolitan Area (Kanhan Butibori Hingna Transport Nagar),Ongoing,Linear,LARR_Act_2013,Metro_Rail,Section_19_Award_Declared,275,Private_Urban_Commercial_and_Govt,28.40,620,1,1.8,FALSE,92.0,FALSE,97.0,Stage_2_Final_Approved,142,TRUE,24,186,None,None,0,FALSE,1.08,Tier_1_National,5.8,1.15,4.9,Surplus,19,0.38,0.12,8.2,14,0.99,180
CIDCO/NMIA/2018-V0,Navi Mumbai International Airport,Transport,State,Maharashtra,Raigad,Ongoing,Polygon,LARR_Act_2013,Airport,Physical_Possession_Taken,1217,Coastal_Marsh_and_Private,1194.04,2719,2,3.2,FALSE,93.4,TRUE,95.0,Stage_2_Final_Approved,45,TRUE,1200,150,None,Mangrove_Clearance_Litigation,12,FALSE,1.25,Tier_1_National,6.8,1.1,5.2,Surplus,24,0.45,0.22,1.5,14,0.98,480
MMRDA/MTHL/2018-V1,Mumbai Trans Harbour Link (Atal Setu),Transport,State,Maharashtra,Mumbai & Raigad,Completed,Linear,LARR_Act_2013,Bridge,Physical_Possession_Taken,2046,Coastal_and_Marine,135.25,487,0,1.1,FALSE,97.7,TRUE,98.0,Stage_2_Final_Approved,85,TRUE,110,45,None,None,0,FALSE,0.95,Tier_1_National,5.2,1.18,4.5,Adequate,20,0.55,0.18,0.5,12,0.99,120
DFCCIL/WDFC-PH1/2006-V2,Western Dedicated Freight Corridor (Rewari to Palanpur),Transport,Central,Haryana & Rajasthan,Rewari to Palanpur,Completed,Linear,Railway_Act_1989,Freight_Corridor,Section_20G_Award_Declared,3313,Private_Agricultural,1878.53,4255,0,2.5,FALSE,94.9,FALSE,97.5,Stage_2_Final_Approved,340,TRUE,315,88,None,None,0,FALSE,1.1,Tier_1_National,7.5,1.05,5.8,Adequate,30,0.15,0.12,12.0,16,0.95,1200
DFCCIL/EDFC-PH1/2006-V3,Eastern Dedicated Freight Corridor (Bhaupur to Khurja),Transport,Central,Uttar Pradesh,Kanpur to Bulandshahr,Completed,Linear,Railway_Act_1989,Freight_Corridor,Section_20G_Award_Declared,2808,Private_Agricultural,1370.21,3902,1,3.1,FALSE,96.3,FALSE,96.0,Stage_2_Final_Approved,210,TRUE,280,65,None,None,5,FALSE,1.15,Tier_1_National,8.2,1.02,6.1,Surplus,25,0.35,0.15,8.5,15,0.94,980
NHAI/DME-PH1/2019-V4,Delhi-Mumbai Expressway (Sohna to Dausa),Transport,Central,Haryana & Rajasthan,Gurugram to Dausa,Completed,Linear,NH_Act_1956,Highway,Section_3G_Award,1144,Private_Agricultural,1959.04,1968,0,1.8,FALSE,100.0,TRUE,98.5,Stage_2_Final_Approved,165,TRUE,145,32,None,None,0,FALSE,0.92,Tier_1_National,4.5,1.2,4.2,Adequate,18,0.2,0.1,15.0,14,0.98,45
NHAI/DME-PH2/2019-V5,Delhi-Mumbai Expressway (Vadodara to Ankleshwar),Transport,Central,Gujarat,Vadodara to Bharuch,Completed,Linear,NH_Act_1956,Highway,Section_3G_Award,1051,Private_Agricultural,864.08,1217,0,2.2,FALSE,96.6,TRUE,97.0,Stage_2_Final_Approved,95,TRUE,85,20,None,None,0,FALSE,1.05,Tier_1_National,5.8,1.12,4.8,Surplus,22,0.35,0.14,10.5,12,0.96,110
USBRL/CHENAB/2004-V6,Chenab Railway Bridge (USBRL Project),Transport,Central,Jammu & Kashmir,Reasi,Ongoing,Point,Railway_Act_1989,Bridge,Physical_Possession_Taken,4610,Mountainous_Forest,46.01,114,0,0.0,FALSE,95.5,FALSE,95.0,Stage_2_Final_Approved,12,TRUE,15,0,None,None,45,TRUE,1.85,Tier_1_National,18.5,0.85,6.5,Scarce,45,0.85,0.35,45.0,25,0.92,2800
NHIDCL/ZOJILA/2018-V7,Zojila Pass Tunnel,Transport,Central,Ladakh & J&K,Ganderbal to Kargil,Ongoing,Linear,NH_Act_1956,Tunnel,Physical_Possession_Taken,2017,Mountainous_Forest_and_Barren,67.35,84,0,0.0,FALSE,100.0,FALSE,92.0,Stage_2_Final_Approved,8,TRUE,5,0,None,None,15,TRUE,1.45,Tier_1_National,22.0,0.88,5.5,Scarce,55,0.9,0.28,55.0,22,0.94,750
IWAI/JMVP-NW1/2018-V8,Jal Marg Vikas Project (NW-1 Haldia to Varanasi),Transport,Central,UP Bihar Jharkhand WB,Varanasi to Haldia,Ongoing,Linear,LARR_Act_2013,Inland_Waterway,Physical_Possession_Taken,1498,Riverbed_and_Riparian,363.38,1873,2,4.5,FALSE,89.5,FALSE,94.0,Stage_1_In_Principle,42,TRUE,320,85,None,Fisherman_Livelihood_Protest,25,FALSE,1.35,Tier_2_Regional,14.5,0.95,4.8,Adequate,25,0.75,0.25,2.5,20,0.91,540
JNPT/VADHAVAN/2021-V9,Vadhavan Mega Port,Transport,Central,Maharashtra,Palghar,Ongoing,Polygon,Major_Port_Trusts_Act_1963,Port,Environmental_Clearance_Pending,849,Coastal_and_Marine,1515.65,2138,4,5.5,TRUE,43.2,FALSE,85.0,Stage_1_Applied,18,TRUE,450,65,None,Active_Fisherman_Protest,80,TRUE,1.15,Tier_1_National,8.5,1.05,5.4,Surplus,35,0.65,0.32,1.5,25,0.88,720
NHSRCL/MAHSR-C4/2020-V10,Mumbai-Ahmedabad High Speed Rail (Vapi to Vadodara C4),Transport,Central,Gujarat,Vapi to Vadodara,Ongoing,Linear,LARR_Act_2013,High_Speed_Rail,Physical_Possession_Taken,1217,Private_Agricultural_and_Urban,1093.24,4247,1,1.8,FALSE,97.7,TRUE,99.0,Stage_2_Final_Approved,420,TRUE,850,310,None,None,0,FALSE,1.05,Tier_1_National,5.2,1.15,4.5,Surplus,20,0.35,0.12,12.5,14,0.99,180
NHSRCL/MAHSR-C6/2020-V11,Mumbai-Ahmedabad High Speed Rail (Vadodara to Ahmedabad C6),Transport,Central,Gujarat,Vadodara to Ahmedabad,Ongoing,Linear,LARR_Act_2013,High_Speed_Rail,Physical_Possession_Taken,1073,Private_Agricultural_and_Urban,499.71,2191,0,1.5,FALSE,94.3,TRUE,98.5,Stage_2_Final_Approved,215,TRUE,420,180,None,None,0,FALSE,1.02,Tier_1_National,4.8,1.18,4.2,Surplus,18,0.28,0.1,14.0,12,0.99,90
K-RIDE/BSRP-C2/2022-V12,Bengaluru Suburban Railway Project (Corridor 2 - Mallige Line),Transport,State,Karnataka,Bengaluru (Baiyappanahalli to Chikkabanavara),Ongoing,Linear,KIADB_Act_1966,Railway,Section_28_4_Declaration_Published,676,Private_Urban_and_Railway_Land,85.24,500,2,4.2,TRUE,87.0,FALSE,94.0,Not_Applicable,145,TRUE,115,68,None,None,5,FALSE,1.25,Tier_1_National,7.5,1.05,5.8,Adequate,25,0.45,0.15,15.0,18,0.94,210
BMRCL/PH2-R6/2018-V13,Bengaluru Metro Phase 2 Reach 6 (Gottigere to Nagawara UG),Transport,State,Karnataka,Bengaluru Urban,Ongoing,Linear,KIADB_Act_1966,Metro_Rail,Physical_Possession_Taken,2315,Private_Urban_Commercial,42.75,690,1,2.5,FALSE,95.5,FALSE,96.5,Stage_2_Final_Approved,320,TRUE,85,410,None,None,15,FALSE,1.45,Tier_1_National,12.5,0.92,6.2,Adequate,30,0.35,0.28,18.0,15,0.97,850
HMRL/PH1/2012-V14,Hyderabad Metro Rail Project Phase 1,Transport,State,Telangana,Hyderabad,Completed,Linear,LARR_Act_2013,Metro_Rail,Physical_Possession_Taken,2687,Private_Urban_Commercial,118.84,1887,0,1.8,FALSE,97.7,FALSE,98.0,Stage_2_Final_Approved,450,TRUE,320,850,None,None,12,FALSE,1.15,Tier_1_National,8.5,1.08,4.8,Surplus,22,0.25,0.14,12.5,16,0.98,1120
JMRC/PH1B/2016-V15,Jaipur Metro Phase 1B (Chandpole to Badi Chaupar),Transport,State,Rajasthan,Jaipur,Completed,Linear,LARR_Act_2013,Metro_Rail,Physical_Possession_Taken,1498,Private_Urban_Commercial,5.43,121,0,1.2,FALSE,100.0,FALSE,98.5,Not_Applicable,85,TRUE,15,110,Heritage_Structure_Proximity,None,0,FALSE,1.22,Tier_1_National,9.2,1.05,5.2,Adequate,25,0.15,0.18,25.0,14,0.96,420
SMRC/PH1/2020-V16,Surat Metro Rail Project Phase 1,Transport,State,Gujarat,Surat,Ongoing,Linear,LARR_Act_2013,Metro_Rail,Section_19_Award_Declared,975,Private_Urban_Commercial,62.83,923,1,2.8,FALSE,98.9,TRUE,96.0,Stage_2_Final_Approved,210,TRUE,185,420,None,None,0,FALSE,1.12,Tier_1_National,6.5,1.1,4.9,Surplus,20,0.45,0.15,8.5,15,0.97,180
GMRC/PH2/2021-V17,Ahmedabad Metro Phase 2 (Motera to Mahatma Mandir),Transport,State,Gujarat,Ahmedabad & Gandhinagar,Ongoing,Linear,LARR_Act_2013,Metro_Rail,Section_19_Award_Declared,814,Government_and_Private_Urban,39.95,335,0,1.5,FALSE,97.9,TRUE,97.5,Stage_2_Final_Approved,165,TRUE,45,120,None,None,0,FALSE,1.05,Tier_1_National,5.2,1.18,4.5,Surplus,18,0.35,0.12,14.0,12,0.98,95
KNRCL/PH1/2021-V18,Kanpur Metro Rail Project (IIT to Naubasta),Transport,State,Uttar Pradesh,Kanpur,Ongoing,Linear,LARR_Act_2013,Metro_Rail,Physical_Possession_Taken,897,Private_Urban_Commercial,56.88,675,0,2.5,FALSE,100.0,TRUE,96.5,Stage_2_Final_Approved,195,TRUE,160,380,None,None,0,FALSE,1.08,Tier_1_National,6.8,1.12,4.8,Surplus,22,0.4,0.14,11.5,14,0.97,145
PMRC/PH1/2020-V19,Patna Metro Rail Project Phase 1,Transport,State,Bihar,Patna,Ongoing,Linear,LARR_Act_2013,Metro_Rail,Section_19_Award_Declared,1118,Private_Urban_Commercial,74.05,1223,3,5.2,TRUE,85.1,FALSE,92.0,Not_Applicable,240,TRUE,310,520,None,None,15,TRUE,1.35,Tier_2_Regional,12.5,0.95,6.2,Adequate,30,0.65,0.22,4.5,22,0.94,480
MORTH/CDH/2016-V20,Char Dham Highway Development Project,Transport,Central,Uttarakhand,Garhwal Division,Ongoing,Linear,NH_Act_1956,Highway,Physical_Possession_Taken,2446,Mountainous_Forest,636.56,1515,4,2.8,FALSE,93.6,TRUE,95.0,Stage_2_Final_Approved,110,TRUE,420,185,None,Active_NGT_Stay,45,TRUE,1.65,Tier_1_National,18.5,0.82,5.8,Scarce,40,0.95,0.35,45.0,25,0.92,1250
BRO/ATAL/2010-V21,Atal Tunnel (Rohtang),Transport,Central,Himachal Pradesh,Kullu & Lahaul-Spiti,Completed,Linear,NH_Act_1956,Tunnel,Physical_Possession_Taken,3928,Mountainous_Forest,83.13,44,0,0.0,FALSE,95.1,FALSE,98.0,Stage_2_Final_Approved,5,TRUE,0,0,None,None,20,FALSE,1.85,Tier_1_National,28.0,0.75,7.5,Scarce,60,0.98,0.45,60.0,28,0.95,2190
NFR/BOGI/2002-V22,Bogibeel Bridge Project,Transport,Central,Assam,Dibrugarh to Dhemaji,Completed,Linear,Railway_Act_1989,Bridge,Physical_Possession_Taken,5539,Riverbed_and_Agricultural,410.84,2024,2,4.5,FALSE,97.7,FALSE,96.0,Stage_2_Final_Approved,45,TRUE,320,85,None,None,120,TRUE,2.1,Tier_1_National,25.0,0.65,8.5,Adequate,45,0.85,0.28,2.5,30,0.88,4015
NHAI/BHM-PH1/2017-V23,Bharatmala Pariyojana (Phase 1 - Generic),Transport,Central,Pan-India,Multiple,Ongoing,Linear,NH_Act_1956,Highway,Section_3G_Award,2335,Private_Agricultural,25633.27,45804,45,5.5,TRUE,85.6,TRUE,95.0,Stage_1_Applied,4500,TRUE,8500,3200,None,Multiple_Local_Protests,350,TRUE,1.25,Tier_1_National,8.5,1.05,5.5,Adequate,25,0.45,0.15,12.0,18,0.94,850
KLIP/PH1/2016-V24,Kaleshwaram Lift Irrigation Project,Water_Resources,State,Telangana,Jayashankar Bhupalpally,Completed,Polygon,LARR_Act_2013,Lift_Irrigation,Physical_Possession_Taken,1730,Forest_and_Agricultural,31122.95,18828,5,3.2,FALSE,100.0,FALSE,94.0,Stage_2_Final_Approved,185,TRUE,3200,450,None,Citizen_Activist_Protest,45,FALSE,1.18,Tier_1_National,12.0,1.1,5.2,Surplus,22,0.65,0.18,4.5,20,0.96,420
NVDA/SSP/1987-V25,Sardar Sarovar Dam Project,Water_Resources,Central,Gujarat MP Maharashtra,Narmada Valley,Completed,Polygon,LAA_1894,Multi_Purpose_Dam,Physical_Possession_Taken,10313,Forest_and_Agricultural,86858.91,228189,15,12.5,TRUE,81.4,FALSE,90.0,Stage_2_Final_Approved,450,TRUE,45000,3200,None,Active_NGT_Stay,1250,TRUE,2.45,Tier_1_National,28.5,0.55,9.5,Adequate,55,0.85,0.25,3.5,45,0.82,8500
NICDC/CBIC-TUM/2019-V26,CBIC Tumakuru Industrial Node,Industrial_Infrastructure,Central,Karnataka,Tumakuru,Ongoing,Polygon,KIADB_Act_1966,Industrial_Corridor,Section_28_4_Declaration_Published,1273,Private_Agricultural_Arid,3364.55,2254,2,4.2,TRUE,93.4,FALSE,95.0,Stage_1_In_Principle,45,TRUE,180,25,None,None,0,FALSE,1.12,Tier_1_National,6.5,1.08,5.1,Surplus,20,0.25,0.12,18.5,16,0.95,310
NICDC/CBIC-PON/2019-V27,CBIC Ponneri Industrial Node,Industrial_Infrastructure,Central,Tamil Nadu,Thiruvallur,Ongoing,Polygon,TNALIPA_1997,Industrial_Corridor,Section_3_1_Industrial_Notice_Issued,1064,Private_Agricultural_and_Coastal,2073.49,1739,1,3.5,FALSE,91.8,FALSE,96.0,Stage_2_Final_Approved,65,TRUE,210,45,None,Coastal_Regulation_Zone_Issue,15,FALSE,1.15,Tier_1_National,7.2,1.05,5.4,Surplus,22,0.55,0.18,3.5,18,0.96,420
RUMSL/REWA/2015-V28,Rewa Ultra Mega Solar Park (750 MW),Energy,State,Madhya Pradesh,Rewa,Completed,Polygon,LARR_Act_2013,Solar_Power_Plant,Physical_Possession_Taken,1308,Private_Agricultural_Barren,1619.64,809,0,1.5,FALSE,100.0,FALSE,98.5,Not_Applicable,12,TRUE,45,0,None,None,0,FALSE,0.88,Tier_1_National,4.2,1.25,4.2,Surplus,15,0.15,0.08,25.0,12,0.98,45
RREDCL/BHADLA/2015-V29,Bhadla Solar Park (2245 MW),Energy,State,Rajasthan,Jodhpur,Completed,Polygon,LARR_Act_2013,Solar_Power_Plant,Physical_Possession_Taken,1902,Government_Arid_Wasteland,5746.54,124,0,0.0,FALSE,96.6,FALSE,99.0,Not_Applicable,5,TRUE,0,0,None,None,0,FALSE,0.85,Tier_1_National,3.8,1.28,3.8,Adequate,18,0.05,0.05,55.0,10,0.99,0
NPCIL/KNPP-34/2017-V30,Kudankulam Nuclear Power Plant Units 3 & 4,Energy,Central,Tamil Nadu,Tirunelveli,Ongoing,Polygon,Atomic_Energy_Act_1962,Nuclear_Power_Plant,Physical_Possession_Taken,3044,Coastal_and_Government,461.35,0,2,0.0,FALSE,98.9,FALSE,98.0,Stage_2_Final_Approved,25,TRUE,0,0,None,Active_Citizen_Protest,180,TRUE,1.45,Tier_1_National,14.5,0.85,6.5,Adequate,45,0.45,0.15,2.5,25,0.94,1250
SBM/SCD-BHO/2016-V31,Bhopal Smart City ABD (TT Nagar),Urban_Infrastructure,State,Madhya Pradesh,Bhopal,Ongoing,Polygon,Smart_City_Mission_Guidelines,Smart_City_ABD,Physical_Possession_Taken,2493,Government_Urban,133.56,922,4,0.0,FALSE,99.2,FALSE,92.0,Not_Applicable,450,TRUE,850,320,None,Citizen_Activist_Protest,15,FALSE,1.35,Tier_1_National,12.5,0.95,5.8,Surplus,25,0.25,0.12,14.0,22,0.95,840
SBM/SCD-SUR/2016-V32,Surat Smart City ABD,Urban_Infrastructure,State,Gujarat,Surat,Ongoing,Polygon,Smart_City_Mission_Guidelines,Smart_City_ABD,Physical_Possession_Taken,2518,Government_and_Private_Urban,841.6,1503,1,1.8,FALSE,97.7,FALSE,96.0,Not_Applicable,620,TRUE,1150,840,None,None,0,FALSE,1.15,Tier_1_National,8.5,1.12,5.2,Surplus,20,0.35,0.1,8.5,16,0.97,420
SBM/SCD-BBS/2016-V33,Bhubaneswar Smart City ABD,Urban_Infrastructure,State,Odisha,Bhubaneswar,Ongoing,Polygon,Smart_City_Mission_Guidelines,Smart_City_ABD,Physical_Possession_Taken,2620,Government_and_Private_Urban,390.17,949,2,2.5,FALSE,89.5,FALSE,93.5,Not_Applicable,380,TRUE,680,210,None,None,10,FALSE,1.25,Tier_1_National,10.5,0.98,5.5,Adequate,22,0.55,0.14,6.5,18,0.96,650
MOUD/AMRUT-RAJ/2017-V34,AMRUT Water Supply Scheme Rajasthan (14 Towns),Water_and_Sanitation,State,Rajasthan,Multiple,Ongoing,Linear,LARR_Act_2013,Water_Supply_Network,Section_11_Preliminary_Notification,1750,Government_and_Private_Urban,44.75,321,1,4.5,TRUE,86.0,FALSE,91.0,Stage_1_Applied,1150,TRUE,180,420,None,None,0,FALSE,1.32,Tier_2_Regional,15.5,0.92,6.8,Adequate,28,0.15,0.18,35.0,24,0.93,850
JNPT/PORT-EXP/2015-V35,JNPT 4th Container Terminal,Transport,Central,Maharashtra,Raigad,Completed,Polygon,Major_Port_Trusts_Act_1963,Port,Physical_Possession_Taken,2178,Coastal_and_Marine,206.84,0,0,0.0,FALSE,95.1,FALSE,98.5,Stage_2_Final_Approved,15,TRUE,0,0,None,None,12,FALSE,0.98,Tier_1_National,6.5,1.15,4.8,Surplus,30,0.45,0.22,1.5,15,0.98,180
MOHFW/AIIMS-KLY/2015-V36,AIIMS Kalyani Construction,Social_Infrastructure,Central,West Bengal,Nadia,Completed,Polygon,LARR_Act_2013,Hospital_Campus,Physical_Possession_Taken,2017,Government_Agricultural,172.93,122,0,0.0,FALSE,96.8,FALSE,97.0,Not_Applicable,25,TRUE,0,0,None,None,25,FALSE,1.18,Tier_1_National,8.5,1.05,5.4,Adequate,22,0.55,0.12,6.5,18,0.95,340
MOHFW/AIIMS-MNG/2015-V37,AIIMS Mangalagiri Construction,Social_Infrastructure,Central,Andhra Pradesh,Guntur,Completed,Polygon,LARR_Act_2013,Hospital_Campus,Physical_Possession_Taken,2138,Government_Agricultural,179.84,90,0,0.0,FALSE,95.5,FALSE,98.0,Not_Applicable,18,TRUE,0,0,None,None,0,FALSE,1.05,Tier_1_National,5.5,1.12,4.9,Surplus,18,0.45,0.1,8.5,14,0.97,120
MOHFW/AIIMS-MDU/2019-V38,AIIMS Madurai Construction,Social_Infrastructure,Central,Tamil Nadu,Madurai,Ongoing,Polygon,LARR_Act_2013,Hospital_Campus,Physical_Possession_Taken,1217,Government_Barren,197.68,43,1,0.0,FALSE,100.0,FALSE,94.0,Not_Applicable,12,TRUE,0,0,None,None,0,FALSE,1.45,Tier_1_National,12.5,0.9,6.2,Adequate,25,0.35,0.15,12.0,22,0.94,650
MOE/IIT-HYD/2008-V39,IIT Hyderabad Permanent Campus Phase 2,Social_Infrastructure,Central,Telangana,Sangareddy,Ongoing,Polygon,LARR_Act_2013,Educational_Campus,Physical_Possession_Taken,1831,Government_Agricultural,552.12,192,0,0.0,FALSE,96.0,FALSE,96.5,Not_Applicable,35,TRUE,0,0,None,None,0,FALSE,1.12,Tier_1_National,6.8,1.1,5.1,Surplus,20,0.25,0.08,15.0,16,0.96,280
MOE/IIM-NAG/2015-V40,IIM Nagpur Permanent Campus,Social_Infrastructure,Central,Maharashtra,Nagpur (MIHAN),Completed,Polygon,LARR_Act_2013,Educational_Campus,Physical_Possession_Taken,1771,Government_Industrial,137.95,0,0,0.0,FALSE,100.0,FALSE,98.0,Not_Applicable,15,TRUE,0,0,None,None,0,FALSE,0.95,Tier_1_National,4.5,1.18,4.5,Surplus,15,0.2,0.05,18.0,12,0.98,45
PGCIL/HVDC-RP/2016-V41,Raigarh-Pugalur 800kV HVDC Transmission Line,Energy,Central,CG MH TS AP TN,Raigarh to Pugalur,Completed,Linear,Indian_Telegraph_Act_1885,Power_Transmission_Line,Section_164_Conferred,1681,Private_Agricultural_and_Forest,839.29,12702,5,2.5,FALSE,93.6,FALSE,97.0,Stage_2_Final_Approved,450,TRUE,320,45,None,Farmer_Crop_Compensation_Protest,45,TRUE,1.25,Tier_1_National,8.5,1.05,5.8,Adequate,35,0.45,0.18,12.0,18,0.95,420
MOPNG/PMUJA/2016-V42,Pradhan Mantri Urja Ganga Pipeline (JHBDPL),Energy,Central,UP BR JH WB OD,Jagdishpur to Haldia/Bokaro,Ongoing,Linear,PMP_Act_1962,Gas_Pipeline,RoU_Acquired,2296,Private_Agricultural,1399.71,19253,12,4.8,TRUE,92.5,FALSE,94.5,Stage_2_Final_Approved,850,TRUE,120,35,None,None,15,FALSE,1.35,Tier_1_National,14.5,0.92,6.5,Adequate,40,0.55,0.22,8.5,22,0.93,850
MORTH/MMLP-JOG/2020-V43,Multi-Modal Logistics Park Jogighopa,Industrial_Infrastructure,Central,Assam,Bongaigaon,Ongoing,Polygon,LARR_Act_2013,Logistics_Park,Physical_Possession_Taken,989,Government_and_Private_Riverine,307.74,420,1,3.5,FALSE,95.3,FALSE,95.0,Stage_1_Applied,45,TRUE,110,25,None,None,0,FALSE,1.28,Tier_2_Regional,12.0,0.95,5.5,Scarce,35,0.85,0.28,2.5,20,0.94,340
NCRTC/DEL-ALW/2021-V44,Delhi-Alwar RRTS Corridor,Transport,Central,Delhi Haryana Rajasthan,Delhi to Alwar,Ongoing,Linear,LARR_Act_2013,Rapid_Rail_Transit,Section_11_Preliminary_Notification,824,Private_Urban_and_Agricultural,235.85,1668,4,4.2,TRUE,46.9,FALSE,92.0,Stage_1_Applied,420,TRUE,650,280,None,Citizen_Activist_Protest,0,FALSE,1.45,Tier_1_National,8.5,0.9,6.2,Adequate,28,0.25,0.15,18.0,24,0.92,540
RVNL/RISH-KAR/2019-V45,Rishikesh-Karnaprayag Railway Line,Transport,Central,Uttarakhand,Garhwal,Ongoing,Linear,Railway_Act_1989,Railway,Section_20G_Award_Declared,1890,Mountainous_Forest,350.29,1128,3,2.1,FALSE,89.9,FALSE,95.0,Stage_2_Final_Approved,85,TRUE,320,110,None,Active_NGT_Stay,65,TRUE,1.75,Tier_1_National,22.5,0.78,6.8,Scarce,50,0.95,0.42,55.0,26,0.91,1450
NHAI/BCE/2021-V46,Bengaluru-Chennai Expressway,Transport,Central,KA AP TN,Hoskote to Sriperumbudur,Ongoing,Linear,NH_Act_1956,Highway,Section_3G_Award,863,Private_Agricultural,2257.26,3469,2,2.8,FALSE,98.9,TRUE,97.0,Stage_2_Final_Approved,210,TRUE,420,115,None,None,0,FALSE,1.15,Tier_1_National,7.5,1.05,5.2,Surplus,22,0.35,0.12,12.0,15,0.96,210
NHAI/AHE/2020-V47,Ahmedabad-Dholera Expressway,Transport,Central,Gujarat,Ahmedabad to Dholera,Ongoing,Linear,NH_Act_1956,Highway,Physical_Possession_Taken,1035,Private_Agricultural_and_Saline,818.06,1223,0,1.5,FALSE,100.0,TRUE,98.0,Stage_2_Final_Approved,85,TRUE,65,15,None,None,0,FALSE,1.08,Tier_1_National,5.5,1.12,4.8,Surplus,18,0.25,0.28,6.5,14,0.97,140
UPRNN/MED-COL/2020-V48,Government Medical College Ghazipur,Social_Infrastructure,State,Uttar Pradesh,Ghazipur,Completed,Polygon,LARR_Act_2013,Hospital_Campus,Physical_Possession_Taken,1399,Government_Agricultural,44.93,89,0,0.0,FALSE,98.7,FALSE,98.0,Not_Applicable,12,TRUE,0,0,None,None,0,FALSE,1.05,Tier_2_Regional,5.5,1.15,4.8,Surplus,15,0.25,0.1,12.0,14,0.97,180
UPRNN/MED-COL/2020-V49,Government Medical College Fatehpur,Social_Infrastructure,State,Uttar Pradesh,Fatehpur,Completed,Polygon,LARR_Act_2013,Hospital_Campus,Physical_Possession_Taken,1542,Government_Agricultural,41.97,71,0,0.0,FALSE,99.9,FALSE,97.5,Not_Applicable,10,TRUE,0,0,None,None,0,FALSE,1.08,Tier_2_Regional,6.2,1.12,4.9,Surplus,18,0.3,0.08,14.0,15,0.96,210
MoRTH/SARDP-NE/2015-V50,2-Laning of Kohima-Jessami Road (SARDP-NE),Transport,Central,Nagaland & Manipur,Kohima to Ukhrul,Ongoing,Linear,NH_Act_1956,Highway,Section_3G_Award,2108,Mountainous_Forest_and_Customary,470.92,1263,1,15.5,FALSE,82.4,TRUE,92.0,Stage_1_In_Principle,85,TRUE,320,110,None,None,45,TRUE,1.75,Tier_2_Regional,22.5,0.78,7.2,Scarce,45,0.95,0.35,45.0,28,0.88,1450
NHIDCL/SARDP-NE/2017-V51,2-Laning of Aizawl-Tuipang Road,Transport,Central,Mizoram,Aizawl to Saiha,Ongoing,Linear,NH_Act_1956,Highway,Physical_Possession_Taken,1686,Mountainous_Forest_and_Customary,593.63,1787,0,18.2,FALSE,88.9,TRUE,94.0,Stage_2_Final_Approved,110,TRUE,450,185,None,None,25,TRUE,1.65,Tier_2_Regional,18.5,0.82,6.8,Scarce,40,0.98,0.38,55.0,25,0.9,1120
NHAI/NH-66/2016-V52,4-Laning of NH-66 (Indapur to Zarap),Transport,Central,Maharashtra,Raigad Ratnagiri Sindhudurg,Ongoing,Linear,NH_Act_1956,Highway,Physical_Possession_Taken,2980,Private_Agricultural_and_Forest,1771.69,4771,8,4.5,FALSE,94.7,TRUE,93.0,Stage_2_Final_Approved,650,TRUE,1250,840,None,Active_NGT_Stay,120,TRUE,2.15,Tier_1_National,25.5,0.72,6.5,Adequate,35,0.85,0.28,15.0,26,0.92,2150
NHAI/NH-66/2017-V53,4-Laning of NH-66 (Kasargod to Trivandrum),Transport,Central,Kerala,Kasargod to Trivandrum,Ongoing,Linear,NH_Act_1956,Highway,Physical_Possession_Taken,2281,Private_Urban_and_Agricultural,2568.22,19277,15,6.5,FALSE,93.2,TRUE,95.5,Stage_2_Final_Approved,1850,TRUE,6500,3200,Religious_Shrine,Citizen_Activist_Protest,85,TRUE,1.85,Tier_1_National,18.5,0.85,5.8,Adequate,30,0.9,0.22,4.5,22,0.94,1250
K-RIDE/BSRP-C4/2023-V54,Bengaluru Suburban Railway Project (Corridor 4 - Kanaka Line),Transport,State,Karnataka,Bengaluru (Heelalige to Rajanukunte),Ongoing,Linear,KIADB_Act_1966,Railway,Section_28_1_Preliminary,383,Private_Urban_and_Agricultural,110.12,906,0,3.8,TRUE,15.1,FALSE,95.0,Not_Applicable,210,TRUE,320,145,None,None,0,FALSE,1.15,Tier_1_National,6.5,1.08,5.4,Surplus,22,0.35,0.14,18.0,16,0.96,0
BMRCL/PH2-R5/2019-V55,Bengaluru Metro Phase 2 Reach 5 (RV Road to Bommasandra),Transport,State,Karnataka,Bengaluru Urban,Completed,Linear,KIADB_Act_1966,Metro_Rail,Physical_Possession_Taken,1730,Private_Urban_Commercial,38.61,424,1,2.1,FALSE,94.9,FALSE,97.5,Not_Applicable,280,TRUE,110,280,None,None,15,FALSE,1.25,Tier_1_National,8.5,1.05,5.1,Adequate,25,0.45,0.18,14.0,18,0.97,650
NHAI/NH-44/2015-V56,4-Laning of NH-44 (Udhampur to Ramban),Transport,Central,Jammu & Kashmir,Udhampur & Ramban,Completed,Linear,NH_Act_1956,Highway,Physical_Possession_Taken,2924,Mountainous_Forest,177.3,322,0,0.0,FALSE,99.9,TRUE,98.0,Stage_2_Final_Approved,45,TRUE,110,45,None,None,25,TRUE,1.95,Tier_1_National,24.5,0.75,7.2,Scarce,45,0.95,0.38,45.0,26,0.93,1850
NHAI/NH-44/2015-V57,4-Laning of NH-44 (Ramban to Banihal),Transport,Central,Jammu & Kashmir,Ramban,Ongoing,Linear,NH_Act_1956,Highway,Physical_Possession_Taken,2823,Mountainous_Forest,206.56,464,1,1.2,FALSE,98.7,TRUE,96.0,Stage_2_Final_Approved,65,TRUE,145,65,None,None,45,TRUE,2.25,Tier_1_National,28.5,0.68,7.8,Scarce,55,0.98,0.45,55.0,30,0.91,2450
NHAI/BCE-PH2/2021-V58,Bengaluru-Chennai Expressway (Phase 2),Transport,Central,Tamil Nadu,Vellore to Kanchipuram,Ongoing,Linear,NH_Act_1956,Highway,Section_3G_Award,811,Private_Agricultural,1765.25,2974,1,2.5,FALSE,92.0,TRUE,96.0,Stage_2_Final_Approved,185,TRUE,310,85,None,None,0,FALSE,1.12,Tier_1_National,6.8,1.08,5.1,Surplus,20,0.45,0.14,8.5,15,0.97,180
NHAI/SVE/2021-V59,Surat-Chennai Expressway (Nashik to Ahmednagar),Transport,Central,Maharashtra,Nashik & Ahmednagar,Ongoing,Linear,NH_Act_1956,Highway,Section_3D/19_Declaration,585,Private_Agricultural,2563.38,3269,2,3.1,TRUE,47.4,TRUE,95.0,Stage_1_Applied,240,TRUE,420,115,None,None,0,FALSE,1.08,Tier_1_National,5.5,1.15,5.4,Adequate,22,0.35,0.16,12.0,18,0.96,0
NHAI/SVE/2021-V60,Surat-Chennai Expressway (Ahmednagar to Solapur),Transport,Central,Maharashtra,Ahmednagar & Solapur,Ongoing,Linear,NH_Act_1956,Highway,Section_3D/19_Declaration,593,Private_Agricultural,2220.25,2792,1,2.8,TRUE,33.4,TRUE,95.5,Stage_1_Applied,185,TRUE,310,85,None,None,0,FALSE,1.06,Tier_1_National,5.2,1.18,5.2,Adequate,20,0.25,0.14,15.0,16,0.97,0
RVNL/BINA-KOTA/2018-V61,Bina-Kota Railway Line Doubling,Transport,Central,Madhya Pradesh & Rajasthan,Sagar to Kota,Completed,Linear,Railway_Act_1989,Railway,Physical_Possession_Taken,1992,Private_Agricultural_and_Forest,439.11,1184,0,1.5,FALSE,96.0,FALSE,97.0,Stage_2_Final_Approved,110,TRUE,185,45,None,None,0,FALSE,1.15,Tier_1_National,8.5,1.05,5.1,Adequate,25,0.35,0.12,18.0,18,0.96,420
RVNL/KATNI-SING/2017-V62,Katni-Singrauli Railway Line Doubling,Transport,Central,Madhya Pradesh,Katni to Singrauli,Ongoing,Linear,Railway_Act_1989,Railway,Physical_Possession_Taken,2561,Private_Agricultural_and_Forest,633.92,1927,2,2.8,FALSE,99.9,FALSE,96.0,Stage_2_Final_Approved,145,TRUE,320,85,None,None,15,FALSE,1.35,Tier_1_National,12.5,0.95,5.5,Scarce,30,0.55,0.18,12.5,22,0.95,850
AAI/NAVI-MUM/2021-V63,Navi Mumbai International Airport Phase 1,Transport,State,Maharashtra,Raigad,Ongoing,Polygon,LARR_Act_2013,Airport,Physical_Possession_Taken,1798,Coastal_Marsh_and_Private,1108.31,2908,2,3.2,FALSE,95.3,TRUE,95.0,Stage_2_Final_Approved,45,TRUE,1200,150,None,Mangrove_Clearance_Litigation,12,FALSE,1.25,Tier_1_National,6.8,1.1,5.2,Surplus,24,0.45,0.22,1.5,14,0.98,480
AAI/JEWAR/2021-V64,Noida International Airport (Jewar) Phase 1,Transport,State,Uttar Pradesh,Gautam Buddha Nagar,Ongoing,Polygon,LARR_Act_2013,Airport,Physical_Possession_Taken,1498,Private_Agricultural,1316.54,2976,0,1.5,FALSE,96.9,TRUE,98.5,Stage_2_Final_Approved,35,TRUE,2800,110,None,None,0,FALSE,0.95,Tier_1_National,4.5,1.25,4.5,Surplus,18,0.25,0.08,12.0,12,0.99,0
AAI/MOPA/2016-V65,Manohar International Airport (Mopa),Transport,State,Goa,North Goa,Completed,Polygon,LARR_Act_2013,Airport,Physical_Possession_Taken,2613,Private_Agricultural_and_Forest,853.51,1217,4,4.5,FALSE,96.0,FALSE,96.0,Stage_2_Final_Approved,25,TRUE,180,45,None,Active_NGT_Stay,45,TRUE,1.45,Tier_1_National,14.5,0.88,5.8,Adequate,30,0.85,0.25,15.0,20,0.95,1120
AAI/HOG/2018-V66,Hollongi Airport (Donyi Polo),Transport,Central,Arunachal Pradesh,Papum Pare,Completed,Polygon,LARR_Act_2013,Airport,Physical_Possession_Taken,1427,Mountainous_Forest_and_Agricultural,332.19,414,0,1.2,FALSE,94.9,FALSE,97.5,Stage_2_Final_Approved,12,TRUE,85,15,None,None,0,FALSE,1.15,Tier_1_National,8.5,1.05,5.2,Scarce,45,0.95,0.28,25.0,18,0.96,420
AAI/RAJKOT/2019-V67,Rajkot International Airport (Hirasar),Transport,Central,Gujarat,Rajkot,Completed,Polygon,LARR_Act_2013,Airport,Physical_Possession_Taken,1613,Government_Arid_Wasteland,997.35,111,0,0.0,FALSE,96.4,FALSE,98.0,Stage_2_Final_Approved,8,TRUE,0,0,None,None,0,FALSE,0.92,Tier_1_National,4.2,1.22,4.4,Surplus,15,0.15,0.05,35.0,12,0.98,90
KRDCL/SILVER/2021-V68,SilverLine Semi High-Speed Rail,Transport,State,Kerala,Thiruvananthapuram to Kasaragod,Ongoing,Linear,LARR_Act_2013,Railway,Section_11_Preliminary_Notification,1140,Private_Urban_and_Agricultural,1236.4,14216,12,8.5,TRUE,5.5,FALSE,85.0,Stage_1_Applied,1850,TRUE,8500,3200,Religious_Shrine,Citizen_Activist_Protest,180,TRUE,2.15,Tier_2_Regional,25.0,0.65,7.2,Adequate,45,0.95,0.22,2.5,30,0.88,1250
NHAI/PUNE-BNG/2022-V69,Pune-Bengaluru Expressway,Transport,Central,Maharashtra & Karnataka,Pune to Bengaluru,Ongoing,Linear,NH_Act_1956,Highway,Section_3A_Notification,574,Private_Agricultural,6682.25,13437,2,3.8,TRUE,11.9,TRUE,94.5,Stage_1_Applied,950,TRUE,1850,620,None,None,0,FALSE,1.05,Tier_1_National,4.8,1.15,5.1,Surplus,22,0.35,0.14,14.0,16,0.96,0
NHAI/GKP-SIL/2021-V70,Gorakhpur-Siliguri Expressway,Transport,Central,UP BR WB,Gorakhpur to Siliguri,Ongoing,Linear,NH_Act_1956,Highway,Section_3A_Notification,615,Private_Agricultural,4985.49,10255,4,4.2,TRUE,18.0,TRUE,93.0,Stage_1_Applied,820,TRUE,1450,480,None,None,0,FALSE,1.08,Tier_1_National,5.5,1.12,5.4,Adequate,25,0.65,0.18,4.5,18,0.95,0
NHAI/KHM-BZA/2021-V71,Khammam-Vijayawada Expressway,Transport,Central,Telangana & AP,Khammam to Vijayawada,Ongoing,Linear,NH_Act_1956,Highway,Section_3G_Award,864,Private_Agricultural,868.53,1948,1,2.5,FALSE,90.3,TRUE,95.5,Stage_2_Final_Approved,185,TRUE,310,85,None,None,0,FALSE,1.12,Tier_1_National,6.2,1.08,4.8,Surplus,20,0.45,0.12,8.5,15,0.97,120
NHAI/CHG-PRT/2020-V72,Chandigarh-Port Blair Connectivity (Fictionalized for format),Transport,Central,UTs,Various,Ongoing,Linear,NH_Act_1956,Highway,Section_3A_Notification,94,Government,97.77,0,0,0.0,FALSE,0.0,FALSE,100.0,Not_Applicable,0,FALSE,0,0,None,None,0,FALSE,1.0,Tier_2_Regional,0.0,1.0,5.0,Surplus,10,0.1,0.1,10.0,10,1.0,0
CIDCO/METRO-NM/2011-V73,Navi Mumbai Metro Line 1,Transport,State,Maharashtra,Belapur to Pendhar,Completed,Linear,LARR_Act_2013,Metro_Rail,Physical_Possession_Taken,4644,Government_and_Private_Urban,23.85,389,4,3.5,FALSE,99.5,FALSE,92.0,Stage_2_Final_Approved,185,TRUE,110,310,None,None,180,TRUE,2.85,Tier_2_Regional,35.0,0.55,8.5,Adequate,45,0.55,0.18,2.5,30,0.88,4120
MahaMetro/NAG-PH1/2014-V74,Nagpur Metro Phase 1,Transport,State,Maharashtra,Nagpur,Completed,Linear,LARR_Act_2013,Metro_Rail,Physical_Possession_Taken,3101,Government_and_Private_Urban,39.42,793,0,1.5,FALSE,98.6,FALSE,97.0,Stage_2_Final_Approved,240,TRUE,180,450,None,None,0,FALSE,0.95,Tier_1_National,5.2,1.18,4.5,Surplus,18,0.25,0.12,12.5,14,0.98,0
MahaMetro/PUNE-L3/2018-V75,Pune Metro Line 3 (Hinjawadi to Shivajinagar),Transport,State,Maharashtra,Pune,Ongoing,Linear,LARR_Act_2013,Metro_Rail,Physical_Possession_Taken,1991,Private_Urban_Commercial,29.17,605,1,2.8,FALSE,98.4,TRUE,95.0,Stage_2_Final_Approved,320,TRUE,115,380,None,None,15,FALSE,1.25,Tier_1_National,8.5,1.05,5.2,Surplus,22,0.35,0.14,15.0,16,0.96,450
NHSRCL/MAHSR-C7/2020-V76,Mumbai-Ahmedabad High Speed Rail (Ahmedabad to Sabarmati C7),Transport,Central,Gujarat,Ahmedabad,Ongoing,Linear,LARR_Act_2013,High_Speed_Rail,Physical_Possession_Taken,1113,Private_Urban_and_Government,82.76,1189,0,1.2,FALSE,98.7,TRUE,98.5,Stage_2_Final_Approved,185,TRUE,310,145,None,None,0,FALSE,1.05,Tier_1_National,5.0,1.16,4.4,Surplus,18,0.25,0.1,12.0,12,0.99,60
NHSRCL/MAHSR-C2/2020-V77,Mumbai-Ahmedabad High Speed Rail (Undersea Tunnel C2),Transport,Central,Maharashtra,Thane Creek,Ongoing,Linear,LARR_Act_2013,High_Speed_Rail,Physical_Possession_Taken,1183,Coastal_and_Marine,11.51,46,0,0.0,FALSE,97.7,FALSE,98.0,Stage_2_Final_Approved,15,TRUE,0,0,None,Mangrove_Clearance_Litigation,0,FALSE,1.15,Tier_1_National,8.5,1.08,5.5,Adequate,30,0.65,0.25,0.5,18,0.97,180
NHSRCL/MAHSR-C1/2020-V78,Mumbai-Ahmedabad High Speed Rail (BKC Station C1),Transport,Central,Maharashtra,Mumbai (BKC),Ongoing,Point,LARR_Act_2013,High_Speed_Rail,Physical_Possession_Taken,1307,Government_Urban,4.72,0,2,0.0,FALSE,99.5,FALSE,97.0,Not_Applicable,85,TRUE,0,0,None,None,0,FALSE,1.22,Tier_1_National,9.5,1.05,5.8,Surplus,25,0.45,0.15,2.5,20,0.95,340
UPMRC/GNOIDA/2015-V79,Noida-Greater Noida Metro (Aqua Line),Transport,State,Uttar Pradesh,Gautam Buddha Nagar,Completed,Linear,LARR_Act_2013,Metro_Rail,Physical_Possession_Taken,2017,Government_and_Private_Urban,44.75,815,0,1.5,FALSE,97.7,TRUE,98.0,Stage_2_Final_Approved,210,TRUE,185,320,None,None,0,FALSE,0.88,Tier_1_National,4.5,1.2,4.2,Surplus,15,0.25,0.1,8.5,12,0.98,0
DMRC/PH4-JNK/2020-V80,Delhi Metro Phase 4 (Janakpuri West to RK Ashram),Transport,Central,Delhi,Delhi,Ongoing,Linear,LARR_Act_2013,Metro_Rail,Physical_Possession_Taken,1307,Private_Urban_Commercial_and_Govt,33.15,1101,2,2.8,FALSE,98.2,FALSE,95.0,Stage_2_Final_Approved,450,TRUE,310,540,None,Tree_Felling_Protest,15,FALSE,1.18,Tier_1_National,8.5,1.05,5.2,Surplus,22,0.35,0.15,15.0,16,0.96,310
DMRC/PH4-AER/2020-V81,Delhi Metro Phase 4 (Aerocity to Tughlakabad),Transport,Central,Delhi,Delhi,Ongoing,Linear,LARR_Act_2013,Metro_Rail,Physical_Possession_Taken,1202,Private_Urban_Commercial_and_Govt,26.96,897,1,2.5,FALSE,100.0,FALSE,95.5,Stage_2_Final_Approved,380,TRUE,210,420,None,None,0,FALSE,1.12,Tier_1_National,6.8,1.1,4.8,Surplus,20,0.3,0.12,18.0,14,0.97,180
DMRC/PH4-MAJ/2020-V82,Delhi Metro Phase 4 (Majlis Park to Maujpur),Transport,Central,Delhi,Delhi,Ongoing,Linear,LARR_Act_2013,Metro_Rail,Physical_Possession_Taken,1370,Private_Urban_Commercial_and_Govt,14.36,450,0,1.8,FALSE,94.2,FALSE,96.5,Stage_2_Final_Approved,210,TRUE,110,185,None,None,0,FALSE,1.05,Tier_1_National,5.2,1.15,4.5,Surplus,18,0.25,0.1,12.0,12,0.98,90
KRDCL/K-RIDE/2020-V83,Bengaluru Suburban Railway Project (Corridor 1 - Sampige Line),Transport,State,Karnataka,Bengaluru (KSR to Devanahalli),Ongoing,Linear,KIADB_Act_1966,Railway,Section_28_1_Preliminary,464,Private_Urban_and_Railway_Land,124.97,975,1,3.5,TRUE,25.8,FALSE,94.0,Not_Applicable,280,TRUE,420,210,None,None,0,FALSE,1.18,Tier_1_National,7.5,1.05,5.4,Surplus,24,0.35,0.14,15.0,18,0.95,0
KRDCL/K-RIDE/2020-V84,Bengaluru Suburban Railway Project (Corridor 3 - Parijata Line),Transport,State,Karnataka,Bengaluru (Kengeri to Whitefield),Ongoing,Linear,KIADB_Act_1966,Railway,Section_28_1_Preliminary,434,Private_Urban_and_Railway_Land,143.78,1106,2,4.2,TRUE,19.3,FALSE,93.5,Not_Applicable,350,TRUE,540,310,None,None,0,FALSE,1.22,Tier_1_National,8.2,1.02,5.6,Surplus,26,0.4,0.15,12.5,20,0.94,0
CMRL/PH1/2009-V85,Chennai Metro Phase 1,Transport,State,Tamil Nadu,Chennai,Completed,Linear,LARR_Act_2013,Metro_Rail,Physical_Possession_Taken,3928,Private_Urban_Commercial_and_Govt,84.97,2530,8,4.5,FALSE,94.8,FALSE,95.0,Stage_2_Final_Approved,850,TRUE,1250,840,None,None,45,TRUE,1.45,Tier_1_National,12.5,0.95,5.8,Adequate,30,0.65,0.22,4.5,22,0.96,1450
BMRCL/PH1/2006-V86,Bengaluru Metro Phase 1,Transport,State,Karnataka,Bengaluru,Completed,Linear,KIADB_Act_1966,Metro_Rail,Physical_Possession_Taken,4479,Private_Urban_Commercial_and_Govt,98.67,2941,12,5.2,FALSE,99.9,FALSE,94.5,Stage_2_Final_Approved,1120,TRUE,1850,1150,None,None,85,TRUE,1.65,Tier_1_National,15.5,0.88,6.2,Adequate,35,0.55,0.25,18.0,24,0.95,1850
BMRCL/PH2-R1/2016-V87,Bengaluru Metro Phase 2 Reach 1 Extension (Baiyappanahalli to Whitefield),Transport,State,Karnataka,Bengaluru Urban,Completed,Linear,KIADB_Act_1966,Metro_Rail,Physical_Possession_Taken,2410,Private_Urban_Commercial,24.8,879,2,2.5,FALSE,100.0,FALSE,97.0,Stage_2_Final_Approved,350,TRUE,110,420,None,None,15,FALSE,1.15,Tier_1_National,8.5,1.05,5.1,Surplus,22,0.45,0.15,12.0,16,0.97,850
BMRCL/PH2-R2/2016-V88,Bengaluru Metro Phase 2 Reach 2 Extension (Mysore Road to Kengeri),Transport,State,Karnataka,Bengaluru Urban,Completed,Linear,KIADB_Act_1966,Metro_Rail,Physical_Possession_Taken,2017,Private_Urban_Commercial,18.42,476,0,1.8,FALSE,99.2,FALSE,98.0,Stage_2_Final_Approved,210,TRUE,85,210,None,None,0,FALSE,0.95,Tier_1_National,5.5,1.15,4.5,Surplus,18,0.35,0.12,15.0,14,0.98,210
BMRCL/PH2-R3/2016-V89,Bengaluru Metro Phase 2 Reach 3 Extension (Nagasandra to BIEC),Transport,State,Karnataka,Bengaluru Urban,Ongoing,Linear,KIADB_Act_1966,Metro_Rail,Physical_Possession_Taken,2513,Private_Urban_Commercial,12.2,283,4,3.2,FALSE,92.8,FALSE,96.0,Stage_2_Final_Approved,145,TRUE,65,185,None,None,45,TRUE,1.45,Tier_1_National,14.5,0.88,5.8,Adequate,30,0.45,0.18,14.0,22,0.94,1150
BMRCL/PH2-R4/2016-V90,Bengaluru Metro Phase 2 Reach 4 Extension (Yelachenahalli to Silk Institute),Transport,State,Karnataka,Bengaluru Urban,Completed,Linear,KIADB_Act_1966,Metro_Rail,Physical_Possession_Taken,1730,Private_Urban_Commercial,15.53,300,0,1.5,FALSE,98.6,FALSE,98.5,Stage_2_Final_Approved,120,TRUE,45,110,None,None,0,FALSE,0.92,Tier_1_National,4.8,1.18,4.2,Surplus,16,0.3,0.1,16.0,12,0.98,120
NHAI/ZMO/2018-V91,Z-Morh Tunnel,Transport,Central,Jammu & Kashmir,Ganderbal,Ongoing,Linear,NH_Act_1956,Tunnel,Physical_Possession_Taken,1992,Mountainous_Forest,35.29,48,0,0.0,FALSE,100.0,FALSE,96.0,Stage_2_Final_Approved,5,TRUE,0,0,None,None,15,FALSE,1.25,Tier_1_National,12.5,0.95,5.5,Scarce,45,0.95,0.35,45.0,24,0.95,850
NHIDCL/SILA/2019-V92,Sela Pass Tunnel,Transport,Central,Arunachal Pradesh,Tawang,Completed,Linear,NH_Act_1956,Tunnel,Physical_Possession_Taken,1704,Mountainous_Forest,24.03,13,0,0.0,FALSE,100.0,FALSE,97.5,Stage_2_Final_Approved,2,TRUE,0,0,None,None,0,FALSE,1.1,Tier_1_National,8.5,1.05,5.2,Scarce,55,0.98,0.42,55.0,20,0.96,210
NHPC/SUB-UPR/2018-V93,Subansiri Upper Hydroelectric Project,Energy,Central,Arunachal Pradesh,Upper Subansiri,Ongoing,Polygon,LARR_Act_2013,Hydroelectric_Dam,Environmental_Clearance_Pending,2027,Mountainous_Forest,1838.74,402,2,2.5,FALSE,45.2,FALSE,85.0,Stage_1_Applied,15,TRUE,85,12,None,Active_NGT_Stay,120,TRUE,1.85,Tier_1_National,22.5,0.75,6.8,Scarce,65,0.85,0.45,2.5,30,0.88,1450
SJVN/NATHPA/1993-V94,Nathpa Jhakri Hydroelectric Station,Energy,Central,Himachal Pradesh,Kinnaur & Shimla,Completed,Polygon,LAA_1894,Hydroelectric_Dam,Physical_Possession_Taken,5667,Mountainous_Forest,823.16,1248,0,0.0,FALSE,100.0,FALSE,98.0,Stage_2_Final_Approved,45,TRUE,310,45,None,None,450,TRUE,2.15,Tier_1_National,25.0,0.65,8.5,Adequate,55,0.85,0.35,4.5,25,0.85,2850
THDC/TEHRI/1978-V95,Tehri Dam Project,Energy,Central,Uttarakhand,Tehri Garhwal,Completed,Polygon,LAA_1894,Multi_Purpose_Dam,Physical_Possession_Taken,10189,Mountainous_Forest_and_Agricultural,4344.22,14389,15,12.5,TRUE,85.1,FALSE,92.0,Stage_2_Final_Approved,210,TRUE,4500,320,None,Active_Citizen_Protest,1850,TRUE,2.55,Tier_1_National,32.5,0.45,12.5,Adequate,65,0.95,0.45,5.5,45,0.75,5400
NTPC/VINDHYA/1982-V96,Vindhyachal Super Thermal Power Station,Energy,Central,Madhya Pradesh,Singrauli,Completed,Polygon,LAA_1894,Thermal_Power_Plant,Physical_Possession_Taken,8078,Forest_and_Agricultural,3177.01,4789,5,8.5,TRUE,88.1,FALSE,95.0,Stage_2_Final_Approved,145,TRUE,1250,210,None,None,650,TRUE,1.85,Tier_1_National,22.0,0.65,8.2,Adequate,45,0.45,0.25,15.0,35,0.82,3200
NPCIL/KAKRAPAR/1984-V97,Kakrapar Atomic Power Station,Energy,Central,Gujarat,Surat,Completed,Polygon,LAA_1894,Nuclear_Power_Plant,Physical_Possession_Taken,7836,Private_Agricultural,880.8,1118,2,4.5,FALSE,98.2,FALSE,96.5,Stage_2_Final_Approved,85,TRUE,310,45,None,None,320,TRUE,1.65,Tier_1_National,18.5,0.75,6.8,Adequate,35,0.35,0.18,12.0,28,0.85,2150
NPCIL/TARAPUR/1961-V98,Tarapur Atomic Power Station,Energy,Central,Maharashtra,Palghar,Completed,Polygon,LAA_1894,Nuclear_Power_Plant,Physical_Possession_Taken,12882,Coastal_and_Agricultural,1121.78,1681,0,5.2,FALSE,94.9,FALSE,95.0,Stage_2_Final_Approved,110,TRUE,420,85,None,None,450,TRUE,1.85,Tier_1_National,24.5,0.62,7.5,Adequate,40,0.45,0.22,4.5,35,0.78,3800
SECI/SOLAR-KA/2018-V99,Koppal Ultra Mega Solar Park (2500 MW),Energy,State,Karnataka,Koppal,Ongoing,Polygon,LARR_Act_2013,Solar_Power_Plant,Physical_Possession_Taken,1498,Private_Agricultural_Barren,6251.52,3424,4,3.8,TRUE,84.1,FALSE,93.0,Not_Applicable,45,TRUE,180,25,None,None,15,FALSE,1.35,Tier_1_National,12.5,0.95,5.8,Adequate,25,0.25,0.15,25.0,20,0.94,650
NHAI/DDE/2021-P1,Delhi-Dehradun Expressway (Package 1),Transport,Central,Delhi & UP,Delhi to Baghpat,Ongoing,Linear,NH_Act_1956,Highway,Section_3G_Award,340,Private_Agricultural,450.5,1200,1,2.5,FALSE,85.0,TRUE,95.0,Stage_1_Applied,120,TRUE,45,12,None,None,0,FALSE,1.05,Tier_1_National,4.5,1.10,5.2,Surplus,15,0.25,0.10,12.0,14,0.98,120
NHAI/DDE/2021-P2,Delhi-Dehradun Expressway (Package 2),Transport,Central,Uttar Pradesh,Baghpat to Saharanpur,Ongoing,Linear,NH_Act_1956,Highway,Section_3D/19_Declaration,410,Private_Agricultural,850.2,2100,0,1.8,FALSE,65.4,TRUE,92.0,Stage_1_In_Principle,85,TRUE,110,25,None,None,0,FALSE,1.10,Tier_1_National,5.2,1.05,5.4,Adequate,18,0.30,0.12,14.5,18,0.96,150
NHAI/DDE/2021-P3,Delhi-Dehradun Expressway (Package 3),Transport,Central,Uttarakhand,Saharanpur to Dehradun,Ongoing,Linear,NH_Act_1956,Highway,Section_3A_Notification,620,Forest_and_Mountainous,620.0,450,2,4.5,TRUE,40.5,FALSE,88.0,Stage_1_Applied,45,TRUE,30,10,None,Active_NGT_Stay,15,TRUE,1.25,Tier_2_Regional,12.5,0.85,6.1,Scarce,30,0.85,0.35,35.0,25,0.92,310
NHAI/RVE/2022-P1,Raipur-Visakhapatnam Expressway (CG Section),Transport,Central,Chhattisgarh,Raipur to Kondagaon,Ongoing,Linear,NH_Act_1956,Highway,Section_3G_Award,210,Private_Agricultural_and_Forest,1240.5,3100,1,3.2,FALSE,78.5,TRUE,94.5,Stage_2_Final_Approved,115,TRUE,210,40,None,None,0,FALSE,1.08,Tier_1_National,6.5,1.12,4.8,Surplus,20,0.45,0.15,8.0,15,0.97,90
NHAI/RVE/2022-P2,Raipur-Visakhapatnam Expressway (OD Section),Transport,Central,Odisha,Nabarangpur to Koraput,Ongoing,Linear,NH_Act_1956,Highway,Section_3D/19_Declaration,380,Forest_and_Mountainous,980.0,1800,0,5.5,TRUE,52.0,TRUE,91.0,Stage_1_In_Principle,80,TRUE,95,15,None,Tribal_Rights_Protest,10,TRUE,1.18,Tier_2_Regional,9.5,0.95,5.5,Adequate,25,0.65,0.25,12.5,20,0.94,180
NHAI/RVE/2022-P3,Raipur-Visakhapatnam Expressway (AP Section),Transport,Central,Andhra Pradesh,Vizianagaram to Vizag,Ongoing,Linear,NH_Act_1956,Highway,Section_3G_Award,145,Private_Agricultural,650.0,1450,0,2.1,FALSE,88.0,TRUE,96.0,Stage_2_Final_Approved,150,TRUE,180,60,None,None,0,FALSE,1.02,Tier_1_National,4.8,1.18,4.5,Surplus,15,0.35,0.12,6.5,12,0.98,45
NHAI/BME/2020-P1,Bengaluru-Mysuru Expressway,Transport,Central,Karnataka,Bengaluru to Mysuru,Completed,Linear,NH_Act_1956,Highway,Physical_Possession_Taken,1250,Private_Agricultural,850.5,2200,0,1.5,FALSE,99.5,TRUE,98.5,Stage_2_Final_Approved,320,TRUE,450,120,None,None,0,FALSE,0.95,Tier_1_National,5.0,1.20,4.2,Surplus,12,0.25,0.08,18.0,10,0.99,60
NHAI/DWE/2019-P1,Dwarka Expressway (Delhi Section),Transport,Central,Delhi,Mahipalpur to Bijwasan,Completed,Linear,NH_Act_1956,Highway,Physical_Possession_Taken,1450,Private_Urban_Commercial,120.0,850,1,2.0,FALSE,98.0,TRUE,97.0,Not_Applicable,450,TRUE,310,240,None,None,0,FALSE,1.15,Tier_1_National,8.5,1.05,5.8,Adequate,18,0.15,0.10,25.0,14,0.98,320
NHAI/DWE/2019-P2,Dwarka Expressway (Haryana Section),Transport,Central,Haryana,Gurugram,Completed,Linear,NH_Act_1956,Highway,Physical_Possession_Taken,1380,Private_Urban_Commercial,210.0,1100,0,1.2,FALSE,99.0,TRUE,98.0,Not_Applicable,380,TRUE,190,150,None,None,0,FALSE,1.08,Tier_1_National,6.2,1.12,5.2,Surplus,15,0.10,0.08,28.0,12,0.99,180
NHAI/SME/2018-P1,Samruddhi Mahamarg (Package 1),Transport,State,Maharashtra,Nagpur to Wardha,Completed,Linear,LARR_Act_2013,Highway,Physical_Possession_Taken,1850,Private_Agricultural,1500.0,3200,0,1.8,FALSE,99.2,FALSE,97.5,Stage_2_Final_Approved,110,TRUE,150,30,None,None,0,FALSE,0.92,Tier_1_National,4.5,1.25,4.0,Surplus,14,0.20,0.10,12.0,12,0.98,45
NHAI/SME/2018-P5,Samruddhi Mahamarg (Package 5),Transport,State,Maharashtra,Aurangabad Section,Completed,Linear,LARR_Act_2013,Highway,Physical_Possession_Taken,1720,Private_Agricultural,1200.0,2800,1,2.2,FALSE,98.5,FALSE,96.0,Stage_2_Final_Approved,140,TRUE,210,45,None,None,0,FALSE,0.98,Tier_1_National,5.5,1.18,4.3,Adequate,16,0.25,0.12,15.0,14,0.97,90
NHAI/SME/2018-P14,Samruddhi Mahamarg (Package 14),Transport,State,Maharashtra,Thane Section,Ongoing,Linear,LARR_Act_2013,Highway,Section_19_Award_Declared,850,Private_Agricultural_and_Forest,950.0,2400,2,3.5,TRUE,82.0,FALSE,93.0,Stage_1_In_Principle,210,TRUE,380,85,None,None,5,FALSE,1.15,Tier_1_National,8.0,1.05,5.1,Adequate,20,0.55,0.20,8.0,18,0.95,240
NHAI/THE/2021-P1,Trans-Haryana Expressway (Ambala-Narnaul),Transport,Central,Haryana,Ambala to Narnaul,Completed,Linear,NH_Act_1956,Highway,Physical_Possession_Taken,1150,Private_Agricultural,1850.0,4100,0,1.5,FALSE,99.8,TRUE,98.5,Not_Applicable,160,TRUE,120,25,None,None,0,FALSE,0.85,Tier_1_National,4.2,1.22,4.1,Surplus,12,0.15,0.08,18.0,10,0.99,30
NHAI/AJE/2020-P1,Amritsar-Jamnagar Expressway (Punjab Section),Transport,Central,Punjab,Amritsar to Bathinda,Ongoing,Linear,NH_Act_1956,Highway,Section_3G_Award,620,Private_Agricultural,1420.0,3500,1,2.8,FALSE,86.5,TRUE,95.0,Not_Applicable,140,TRUE,280,45,None,Farmer_Compensation_Protest,20,TRUE,1.12,Tier_1_National,6.5,1.08,4.9,Adequate,18,0.20,0.12,10.0,15,0.96,150
NHAI/AJE/2020-P4,Amritsar-Jamnagar Expressway (Rajasthan Section),Transport,Central,Rajasthan,Hanumangarh to Jodhpur,Ongoing,Linear,NH_Act_1956,Highway,Section_3G_Award,750,Private_Agricultural_Arid,3200.0,4200,0,1.5,FALSE,92.0,TRUE,97.0,Stage_2_Final_Approved,85,TRUE,110,20,None,None,0,FALSE,1.05,Tier_1_National,5.2,1.15,4.6,Surplus,16,0.10,0.08,45.0,14,0.98,90
MORTH/ZMJ/2018-P1,Zojila Tunnel Approaches,Transport,Central,Jammu & Kashmir,Sonamarg,Ongoing,Linear,NH_Act_1956,Highway,Physical_Possession_Taken,1850,Mountainous_Forest,120.0,150,0,0.0,FALSE,98.0,FALSE,94.0,Stage_2_Final_Approved,15,TRUE,25,5,None,None,10,TRUE,1.45,Tier_1_National,18.5,0.85,6.2,Scarce,45,0.90,0.35,50.0,22,0.94,420
MORTH/SARDP/2017-P1,SARDP-NE (Shillong-Nongstoin),Transport,Central,Meghalaya,Khasi Hills,Completed,Linear,NH_Act_1956,Highway,Physical_Possession_Taken,2450,Mountainous_Forest_and_Customary,380.0,850,0,15.0,FALSE,95.0,FALSE,92.0,Stage_2_Final_Approved,65,TRUE,180,45,None,None,0,FALSE,1.25,Tier_2_Regional,14.0,0.92,5.8,Scarce,35,0.85,0.28,30.0,20,0.91,650
MORTH/SARDP/2018-P2,SARDP-NE (Dimapur-Kohima),Transport,Central,Nagaland,Dimapur to Kohima,Ongoing,Linear,NH_Act_1956,Highway,Section_3G_Award,1650,Mountainous_Forest_and_Customary,210.0,520,2,18.5,FALSE,78.0,FALSE,88.0,Stage_1_Applied,85,TRUE,140,35,None,Landowner_Dispute,45,TRUE,1.65,Tier_2_Regional,22.0,0.75,6.5,Scarce,40,0.95,0.40,40.0,25,0.88,850
MORTH/BRP/2021-P1,Border Roads (Arunachal Frontier Highway),Transport,Central,Arunachal Pradesh,Tawang to Vijaynagar,Ongoing,Linear,NH_Act_1956,Highway,Section_3A_Notification,420,Mountainous_Forest,1500.0,320,0,2.5,FALSE,45.0,FALSE,95.0,Stage_1_Applied,15,TRUE,45,0,None,None,0,FALSE,1.15,Tier_1_National,15.5,0.88,5.5,Scarce,60,0.98,0.45,55.0,18,0.95,120
MORTH/NH66/2016-P1,NH-66 Four Laning (Panvel to Indapur),Transport,Central,Maharashtra,Raigad,Ongoing,Linear,NH_Act_1956,Highway,Physical_Possession_Taken,3150,Private_Agricultural_and_Forest,850.0,2400,3,4.5,TRUE,88.5,TRUE,92.0,Stage_2_Final_Approved,240,TRUE,450,180,None,None,15,FALSE,1.85,Tier_1_National,16.5,0.82,6.1,Adequate,25,0.85,0.22,12.0,24,0.92,1450
BMRCL/PH2-R1/2016-E1,Bengaluru Metro Reach 1 Extension,Transport,State,Karnataka,Bengaluru (Baiyappanahalli-Whitefield),Completed,Linear,KIADB_Act_1966,Metro_Rail,Physical_Possession_Taken,2650,Private_Urban_Commercial,28.5,920,0,1.5,FALSE,99.5,FALSE,98.0,Not_Applicable,340,TRUE,120,450,None,None,0,FALSE,1.12,Tier_1_National,8.5,1.05,5.2,Surplus,18,0.35,0.15,14.0,15,0.98,680
BMRCL/PH2-R2/2016-E1,Bengaluru Metro Reach 2 Extension,Transport,State,Karnataka,Bengaluru (Mysuru Rd-Kengeri),Completed,Linear,KIADB_Act_1966,Metro_Rail,Physical_Possession_Taken,2150,Private_Urban_Commercial,15.2,410,0,1.2,FALSE,100.0,FALSE,97.5,Not_Applicable,180,TRUE,85,190,None,None,0,FALSE,0.95,Tier_1_National,5.5,1.15,4.8,Surplus,15,0.30,0.12,16.0,12,0.99,210
BMRCL/PH2-R3/2016-E1,Bengaluru Metro Reach 3 Extension,Transport,State,Karnataka,Bengaluru (Nagasandra-BIEC),Ongoing,Linear,KIADB_Act_1966,Metro_Rail,Physical_Possession_Taken,2850,Private_Urban_Commercial,14.5,320,1,2.5,FALSE,96.5,FALSE,96.0,Not_Applicable,150,TRUE,70,160,None,None,10,FALSE,1.25,Tier_1_National,10.5,0.95,5.4,Adequate,20,0.40,0.18,18.0,16,0.96,850
BMRCL/PH2-R4/2016-E1,Bengaluru Metro Reach 4 Extension,Transport,State,Karnataka,Bengaluru (Yelachenahalli-Silk Inst),Completed,Linear,KIADB_Act_1966,Metro_Rail,Physical_Possession_Taken,1950,Private_Urban_Commercial,12.8,280,0,1.0,FALSE,100.0,FALSE,98.5,Not_Applicable,110,TRUE,40,95,None,None,0,FALSE,0.88,Tier_1_National,4.5,1.20,4.2,Surplus,14,0.25,0.10,20.0,12,0.99,120
BMRCL/PH2-R5/2017-E1,Bengaluru Metro Reach 5 (RV Rd-Bommasandra),Transport,State,Karnataka,Bengaluru Urban,Completed,Linear,KIADB_Act_1966,Metro_Rail,Physical_Possession_Taken,2450,Private_Urban_Commercial,42.5,650,0,1.8,FALSE,98.5,FALSE,97.0,Not_Applicable,420,TRUE,180,310,None,None,5,FALSE,1.15,Tier_1_National,7.5,1.08,5.1,Surplus,20,0.45,0.15,12.0,15,0.97,540
BMRCL/PH2-R6/2018-U1,Bengaluru Metro Reach 6 UG (Dairy Circle-Nagawara),Transport,State,Karnataka,Bengaluru Urban,Ongoing,Linear,KIADB_Act_1966,Metro_Rail,Physical_Possession_Taken,2150,Private_Urban_Commercial,25.4,480,2,2.8,FALSE,94.0,FALSE,95.0,Not_Applicable,560,TRUE,110,380,None,None,15,FALSE,1.35,Tier_1_National,14.5,0.85,6.2,Adequate,25,0.55,0.35,25.0,18,0.95,920
BMRCL/PH2A/2021-ORR,Bengaluru Metro Phase 2A (ORR Line),Transport,State,Karnataka,Bengaluru (Silk Board-KR Puram),Ongoing,Linear,KIADB_Act_1966,Metro_Rail,Section_28_4_Declaration_Published,1120,Private_Urban_Commercial,18.5,210,0,1.5,FALSE,99.0,FALSE,98.0,Not_Applicable,280,TRUE,45,140,None,None,0,FALSE,1.05,Tier_1_National,6.5,1.15,4.8,Surplus,18,0.35,0.12,15.0,14,0.98,180
BMRCL/PH2B/2021-AIR,Bengaluru Metro Phase 2B (Airport Line),Transport,State,Karnataka,Bengaluru (KR Puram-KIA),Ongoing,Linear,KIADB_Act_1966,Metro_Rail,Section_28_4_Declaration_Published,950,Private_Urban_Commercial,45.2,540,1,2.2,FALSE,97.5,FALSE,96.5,Not_Applicable,310,TRUE,120,260,None,None,0,FALSE,1.10,Tier_1_National,7.2,1.10,5.0,Surplus,20,0.40,0.14,18.0,15,0.97,240
BMRCL/PH3/2024-C1,Bengaluru Metro Phase 3 (JP Nagar-Kempapura),Transport,State,Karnataka,Bengaluru Urban,Ongoing,Linear,KIADB_Act_1966,Metro_Rail,Section_28_1_Preliminary,180,Private_Urban_Commercial,32.5,680,0,3.5,TRUE,15.0,FALSE,95.0,Not_Applicable,140,TRUE,150,210,None,None,0,FALSE,1.00,Tier_1_National,4.5,1.20,4.5,Surplus,15,0.25,0.10,14.0,12,0.99,0
BMRCL/PH3/2024-C2,Bengaluru Metro Phase 3 (Hosahalli-Kadabagere),Transport,State,Karnataka,Bengaluru Urban,Ongoing,Linear,KIADB_Act_1966,Metro_Rail,Section_28_1_Preliminary,150,Private_Urban_Commercial,14.2,290,0,3.0,TRUE,10.0,FALSE,95.0,Not_Applicable,85,TRUE,65,90,None,None,0,FALSE,1.00,Tier_1_National,4.0,1.22,4.5,Surplus,15,0.20,0.08,12.0,12,0.99,0
DMRC/PH3/2012-L7,Delhi Metro Phase 3 (Pink Line),Transport,Central,Delhi,Delhi,Completed,Linear,LARR_Act_2013,Metro_Rail,Physical_Possession_Taken,3100,Private_Urban_Commercial_and_Govt,85.0,4200,0,2.5,FALSE,98.5,FALSE,97.0,Not_Applicable,850,TRUE,1200,1800,None,None,25,FALSE,1.15,Tier_1_National,9.5,1.05,5.2,Adequate,22,0.35,0.15,18.0,16,0.97,540
DMRC/PH3/2012-L8,Delhi Metro Phase 3 (Magenta Line),Transport,Central,Delhi & UP,Delhi to Noida,Completed,Linear,LARR_Act_2013,Metro_Rail,Physical_Possession_Taken,2850,Private_Urban_Commercial_and_Govt,62.5,3100,0,2.0,FALSE,99.0,FALSE,97.5,Not_Applicable,640,TRUE,850,1400,None,None,15,FALSE,1.08,Tier_1_National,8.0,1.10,4.8,Surplus,20,0.30,0.12,20.0,15,0.98,320
DMRC/PH4/2020-C1,Delhi Metro Phase 4 (Janakpuri-RK Ashram),Transport,Central,Delhi,Delhi,Ongoing,Linear,LARR_Act_2013,Metro_Rail,Physical_Possession_Taken,1450,Private_Urban_Commercial_and_Govt,35.2,1250,1,2.8,FALSE,97.5,FALSE,95.0,Stage_2_Final_Approved,480,TRUE,320,580,None,Tree_Felling_Protest,10,FALSE,1.12,Tier_1_National,7.5,1.08,5.1,Surplus,22,0.35,0.14,16.0,15,0.96,280
DMRC/PH4/2020-C2,Delhi Metro Phase 4 (Aerocity-Tughlakabad),Transport,Central,Delhi,Delhi,Ongoing,Linear,LARR_Act_2013,Metro_Rail,Physical_Possession_Taken,1320,Private_Urban_Commercial_and_Govt,28.5,950,0,2.2,FALSE,98.8,FALSE,96.0,Stage_2_Final_Approved,390,TRUE,240,450,None,None,0,FALSE,1.08,Tier_1_National,6.5,1.12,4.9,Surplus,20,0.30,0.12,18.0,14,0.97,180
DMRC/PH4/2020-C3,Delhi Metro Phase 4 (Majlis Park-Maujpur),Transport,Central,Delhi,Delhi,Ongoing,Linear,LARR_Act_2013,Metro_Rail,Physical_Possession_Taken,1510,Private_Urban_Commercial_and_Govt,15.8,480,0,1.5,FALSE,99.2,FALSE,97.0,Not_Applicable,220,TRUE,120,190,None,None,0,FALSE,1.02,Tier_1_National,5.0,1.18,4.5,Surplus,18,0.25,0.10,12.0,12,0.98,90
DMRC/PH4/2024-C4,Delhi Metro Phase 4 (Lajpat Nagar-Saket G),Transport,Central,Delhi,Delhi,Ongoing,Linear,LARR_Act_2013,Metro_Rail,Section_11_Preliminary_Notification,210,Private_Urban_Commercial_and_Govt,8.5,150,0,2.5,TRUE,15.0,FALSE,95.0,Not_Applicable,85,TRUE,40,65,None,None,0,FALSE,1.00,Tier_1_National,4.5,1.15,4.8,Surplus,16,0.20,0.08,15.0,14,0.99,0
DMRC/PH4/2024-C5,Delhi Metro Phase 4 (Inderlok-Indraprastha),Transport,Central,Delhi,Delhi,Ongoing,Linear,LARR_Act_2013,Metro_Rail,Section_11_Preliminary_Notification,180,Private_Urban_Commercial_and_Govt,12.4,280,0,3.0,TRUE,12.0,FALSE,94.5,Not_Applicable,110,TRUE,85,120,None,None,0,FALSE,1.00,Tier_1_National,4.8,1.12,4.9,Surplus,18,0.22,0.09,14.0,15,0.98,0
DMRC/NCR/2015-FBD,Delhi Metro NCR Extension (Badarpur-Faridabad),Transport,Central,Haryana,Faridabad,Completed,Linear,LARR_Act_2013,Metro_Rail,Physical_Possession_Taken,2850,Private_Urban_Commercial,22.5,520,0,1.8,FALSE,99.5,FALSE,98.0,Not_Applicable,180,TRUE,150,280,None,None,0,FALSE,0.95,Tier_1_National,5.2,1.20,4.2,Surplus,15,0.20,0.10,22.0,12,0.99,120
DMRC/NCR/2016-BHD,Delhi Metro NCR Extension (Mundka-Bahadurgarh),Transport,Central,Haryana,Jhajjar,Completed,Linear,LARR_Act_2013,Metro_Rail,Physical_Possession_Taken,2410,Private_Urban_Commercial,18.2,380,0,1.5,FALSE,100.0,FALSE,98.5,Not_Applicable,140,TRUE,90,160,None,None,0,FALSE,0.92,Tier_1_National,4.8,1.22,4.0,Surplus,14,0.18,0.08,18.0,10,0.99,60
DMRC/NCR/2018-BGT,Delhi Metro NCR Extension (Ballabhgarh),Transport,Central,Haryana,Faridabad,Completed,Linear,LARR_Act_2013,Metro_Rail,Physical_Possession_Taken,1980,Private_Urban_Commercial,6.5,120,0,1.0,FALSE,100.0,FALSE,99.0,Not_Applicable,65,TRUE,25,85,None,None,0,FALSE,0.88,Tier_1_National,4.0,1.25,3.8,Surplus,12,0.15,0.05,25.0,10,0.99,30
MMRDA/ML2A/2016-P1,Mumbai Metro Line 2A (Dahisar-DN Nagar),Transport,State,Maharashtra,Mumbai Suburban,Completed,Linear,LARR_Act_2013,Metro_Rail,Physical_Possession_Taken,2450,Private_Urban_Commercial_and_Govt,24.5,1850,1,2.5,FALSE,98.5,FALSE,96.5,Not_Applicable,320,TRUE,850,620,None,None,15,FALSE,1.15,Tier_1_National,8.5,1.05,5.2,Adequate,20,0.65,0.15,2.5,16,0.96,480
MMRDA/ML7/2016-P1,Mumbai Metro Line 7 (Andheri E-Dahisar E),Transport,State,Maharashtra,Mumbai Suburban,Completed,Linear,LARR_Act_2013,Metro_Rail,Physical_Possession_Taken,2380,Private_Urban_Commercial_and_Govt,18.2,1420,0,2.1,FALSE,99.0,FALSE,97.0,Not_Applicable,280,TRUE,640,480,None,None,10,FALSE,1.10,Tier_1_National,7.5,1.08,5.0,Adequate,18,0.60,0.12,3.0,15,0.97,320
MMRCL/ML3/2016-UG,Mumbai Metro Line 3 (Colaba-Bandra-SEEPZ),Transport,State,Maharashtra,Mumbai City & Suburban,Ongoing,Linear,LARR_Act_2013,Metro_Rail,Physical_Possession_Taken,2850,Private_Urban_Commercial_and_Govt,45.6,3200,4,3.8,FALSE,94.5,FALSE,92.0,Stage_2_Final_Approved,850,TRUE,1200,1850,None,Tree_Felling_Protest,45,TRUE,1.45,Tier_1_National,15.5,0.85,6.5,Adequate,30,0.85,0.35,1.5,22,0.94,1250
MMRDA/ML2B/2018-P1,Mumbai Metro Line 2B (DN Nagar-Mandale),Transport,State,Maharashtra,Mumbai Suburban,Ongoing,Linear,LARR_Act_2013,Metro_Rail,Physical_Possession_Taken,2150,Private_Urban_Commercial_and_Govt,32.5,2100,2,2.8,FALSE,96.0,FALSE,94.5,Not_Applicable,420,TRUE,850,920,None,None,20,FALSE,1.25,Tier_1_National,9.5,0.95,5.5,Adequate,22,0.70,0.18,2.0,18,0.95,650
MMRDA/ML4/2018-P1,Mumbai Metro Line 4 (Wadala-Kasarvadavali),Transport,State,Maharashtra,Mumbai & Thane,Ongoing,Linear,LARR_Act_2013,Metro_Rail,Physical_Possession_Taken,2250,Private_Urban_Commercial_and_Govt,38.4,2600,1,3.2,FALSE,95.5,FALSE,95.0,Not_Applicable,510,TRUE,920,1150,None,None,15,FALSE,1.22,Tier_1_National,8.8,0.98,5.4,Adequate,24,0.65,0.20,2.5,16,0.96,540
MMRDA/ML6/2018-P1,Mumbai Metro Line 6 (Swami Samarth-Vikhroli),Transport,State,Maharashtra,Mumbai Suburban,Ongoing,Linear,LARR_Act_2013,Metro_Rail,Physical_Possession_Taken,2120,Private_Urban_Commercial_and_Govt,15.5,1100,2,2.5,FALSE,97.0,FALSE,96.0,Not_Applicable,290,TRUE,410,580,None,Depot_Land_Litigation,30,FALSE,1.35,Tier_1_National,12.0,0.90,5.8,Adequate,25,0.75,0.22,2.0,18,0.94,850
MahaMetro/PUNE-L1/2017,Pune Metro Line 1 (PCMC to Swargate),Transport,State,Maharashtra,Pune & Pimpri-Chinchwad,Completed,Linear,LARR_Act_2013,Metro_Rail,Physical_Possession_Taken,2550,Private_Urban_Commercial_and_Govt,28.5,1450,0,1.8,FALSE,99.0,FALSE,97.5,Not_Applicable,340,TRUE,650,480,None,None,10,FALSE,1.05,Tier_1_National,6.5,1.10,4.8,Surplus,18,0.40,0.12,8.5,14,0.98,180
MahaMetro/PUNE-L2/2017,Pune Metro Line 2 (Vanaz to Ramwadi),Transport,State,Maharashtra,Pune,Completed,Linear,LARR_Act_2013,Metro_Rail,Physical_Possession_Taken,2510,Private_Urban_Commercial_and_Govt,22.4,1120,0,1.5,FALSE,99.2,FALSE,98.0,Not_Applicable,280,TRUE,480,390,None,None,5,FALSE,1.02,Tier_1_National,5.8,1.15,4.5,Surplus,16,0.35,0.10,9.0,12,0.98,120
MahaMetro/NAG-PH1/2015,Nagpur Metro Phase 1 (Orange & Aqua Lines),Transport,State,Maharashtra,Nagpur,Completed,Linear,LARR_Act_2013,Metro_Rail,Physical_Possession_Taken,2950,Private_Urban_Commercial_and_Govt,42.5,1850,0,1.2,FALSE,99.8,FALSE,98.5,Not_Applicable,410,TRUE,850,640,None,None,0,FALSE,0.95,Tier_1_National,5.0,1.20,4.2,Surplus,15,0.25,0.08,12.0,10,0.99,60
MahaMetro/NAG-PH2/2024,Nagpur Metro Phase 2,Transport,State,Maharashtra,Nagpur,Ongoing,Linear,LARR_Act_2013,Metro_Rail,Section_11_Preliminary_Notification,185,Private_Urban_Commercial_and_Govt,18.5,650,0,2.5,TRUE,12.0,FALSE,95.0,Not_Applicable,120,TRUE,210,320,None,None,0,FALSE,1.00,Tier_1_National,4.5,1.18,4.8,Surplus,16,0.20,0.10,14.0,12,0.98,0
UPMRC/LMR-C1/2014,Lucknow Metro Phase 1 (North-South Corridor),Transport,State,Uttar Pradesh,Lucknow,Completed,Linear,LARR_Act_2013,Metro_Rail,Physical_Possession_Taken,2850,Private_Urban_Commercial_and_Govt,32.4,1250,0,1.5,FALSE,99.5,FALSE,98.0,Not_Applicable,310,TRUE,520,480,None,None,0,FALSE,0.85,Tier_1_National,4.8,1.25,4.0,Surplus,14,0.20,0.08,10.0,10,0.99,0
UPMRC/KMR-C1/2019,Kanpur Metro Corridor 1 (IIT to Naubasta),Transport,State,Uttar Pradesh,Kanpur,Ongoing,Linear,LARR_Act_2013,Metro_Rail,Physical_Possession_Taken,1650,Private_Urban_Commercial_and_Govt,38.5,1450,1,2.2,FALSE,97.0,FALSE,96.5,Not_Applicable,420,TRUE,680,510,None,None,5,FALSE,1.05,Tier_1_National,6.2,1.12,4.8,Surplus,18,0.30,0.12,12.5,14,0.97,120
UPMRC/AMR-C1/2020,Agra Metro Corridor 1 (Taj East Gate to Sikandra),Transport,State,Uttar Pradesh,Agra,Ongoing,Linear,LARR_Act_2013,Metro_Rail,Physical_Possession_Taken,1280,Private_Urban_Commercial_and_Govt,24.5,950,0,1.8,FALSE,98.5,FALSE,97.5,Stage_2_Final_Approved,280,TRUE,390,280,None,None,0,FALSE,0.98,Tier_1_National,5.5,1.18,4.5,Surplus,15,0.25,0.10,15.0,12,0.98,60
UPMRC/GNOIDA/2015,Noida-Greater Noida Metro (Aqua Line),Transport,State,Uttar Pradesh,Gautam Buddha Nagar,Completed,Linear,LARR_Act_2013,Metro_Rail,Physical_Possession_Taken,2150,Private_Urban_Commercial_and_Govt,45.0,1100,0,1.2,FALSE,99.8,FALSE,98.5,Not_Applicable,350,TRUE,420,310,None,None,0,FALSE,0.92,Tier_1_National,4.5,1.22,4.2,Surplus,14,0.20,0.08,8.5,12,0.99,30
CMRL/PH1-C1/2009,Chennai Metro Phase 1 Corridor 1,Transport,State,Tamil Nadu,Chennai,Completed,Linear,LARR_Act_2013,Metro_Rail,Physical_Possession_Taken,3850,Private_Urban_Commercial_and_Govt,48.5,2800,2,3.5,FALSE,98.0,FALSE,96.0,Not_Applicable,650,TRUE,1100,950,None,None,25,FALSE,1.25,Tier_1_National,10.5,0.95,5.5,Adequate,25,0.75,0.25,4.5,18,0.96,850
CMRL/PH1-C2/2009,Chennai Metro Phase 1 Corridor 2,Transport,State,Tamil Nadu,Chennai,Completed,Linear,LARR_Act_2013,Metro_Rail,Physical_Possession_Taken,3650,Private_Urban_Commercial_and_Govt,38.2,2100,1,3.0,FALSE,98.5,FALSE,96.5,Not_Applicable,540,TRUE,850,720,None,None,15,FALSE,1.18,Tier_1_National,8.5,1.02,5.2,Adequate,22,0.70,0.20,4.0,16,0.97,640
CMRL/PH2-C3/2021,Chennai Metro Phase 2 Corridor 3 (Madhavaram-SIPCOT),Transport,State,Tamil Nadu,Chennai,Ongoing,Linear,LARR_Act_2013,Metro_Rail,Physical_Possession_Taken,1150,Private_Urban_Commercial_and_Govt,65.4,3500,3,4.2,FALSE,92.5,FALSE,94.0,Not_Applicable,820,TRUE,1450,1120,None,None,10,FALSE,1.15,Tier_1_National,7.5,1.08,5.4,Adequate,24,0.65,0.22,3.5,18,0.95,240
CMRL/PH2-C4/2021,Chennai Metro Phase 2 Corridor 4 (Lighthouse-Poonamallee),Transport,State,Tamil Nadu,Chennai,Ongoing,Linear,LARR_Act_2013,Metro_Rail,Physical_Possession_Taken,1080,Private_Urban_Commercial_and_Govt,42.8,2400,2,3.8,FALSE,94.0,FALSE,95.0,Not_Applicable,610,TRUE,980,850,None,None,5,FALSE,1.12,Tier_1_National,6.8,1.10,5.1,Adequate,20,0.60,0.18,3.8,15,0.96,180
CMRL/PH2-C5/2021,Chennai Metro Phase 2 Corridor 5 (Madhavaram-Sholinganallur),Transport,State,Tamil Nadu,Chennai,Ongoing,Linear,LARR_Act_2013,Metro_Rail,Physical_Possession_Taken,1050,Private_Urban_Commercial_and_Govt,58.5,3100,2,4.0,FALSE,93.5,FALSE,94.5,Not_Applicable,740,TRUE,1250,980,None,None,10,FALSE,1.14,Tier_1_National,7.2,1.08,5.2,Adequate,22,0.65,0.20,4.2,16,0.95,210
RVNL/RISH-KAR/2019-P1,Rishikesh-Karnaprayag Railway Line (Package 1),Transport,Central,Uttarakhand,Garhwal,Ongoing,Linear,Railway_Act_1989,Railway,Section_20G_Award_Declared,1850,Mountainous_Forest,120.5,450,1,2.5,FALSE,92.0,FALSE,95.0,Stage_2_Final_Approved,45,TRUE,110,35,None,Active_NGT_Stay,25,TRUE,1.65,Tier_1_National,18.5,0.82,6.5,Scarce,45,0.95,0.45,50.0,22,0.92,850
RVNL/BINA-KOTA/2018,Bina-Kota Railway Line Doubling,Transport,Central,Madhya Pradesh & Rajasthan,Sagar to Kota,Completed,Linear,Railway_Act_1989,Railway,Physical_Possession_Taken,2150,Private_Agricultural_and_Forest,450.0,1250,0,1.8,FALSE,98.5,FALSE,97.5,Stage_2_Final_Approved,120,TRUE,190,45,None,None,0,FALSE,1.05,Tier_1_National,6.5,1.10,5.0,Adequate,20,0.30,0.12,15.0,15,0.97,240
RVNL/KATNI-SING/2017,Katni-Singrauli Railway Line Doubling,Transport,Central,Madhya Pradesh,Katni to Singrauli,Ongoing,Linear,Railway_Act_1989,Railway,Physical_Possession_Taken,2650,Private_Agricultural_and_Forest,680.0,2100,1,3.2,FALSE,96.0,FALSE,95.5,Stage_2_Final_Approved,160,TRUE,340,95,None,None,10,FALSE,1.15,Tier_1_National,8.5,1.02,5.5,Adequate,25,0.45,0.18,12.0,18,0.95,420
DFCCIL/WDFC/2006-P1,Western Dedicated Freight Corridor (Rewari-Palanpur),Transport,Central,Haryana & Rajasthan,Rewari to Palanpur,Completed,Linear,Railway_Act_1989,Freight_Corridor,Physical_Possession_Taken,3450,Private_Agricultural,1950.0,4500,0,2.8,FALSE,98.0,FALSE,98.0,Stage_2_Final_Approved,350,TRUE,420,110,None,None,0,FALSE,1.10,Tier_1_National,7.5,1.05,5.2,Adequate,25,0.20,0.12,14.0,15,0.96,850
DFCCIL/EDFC/2006-P1,Eastern Dedicated Freight Corridor (Bhaupur-Khurja),Transport,Central,Uttar Pradesh,Kanpur to Bulandshahr,Completed,Linear,Railway_Act_1989,Freight_Corridor,Physical_Possession_Taken,3120,Private_Agricultural,1450.0,3800,0,2.5,FALSE,98.5,FALSE,97.5,Not_Applicable,280,TRUE,310,85,None,None,5,FALSE,1.08,Tier_1_National,6.8,1.08,5.0,Surplus,20,0.30,0.15,8.5,14,0.97,640
DFCCIL/EDFC/2006-P2,Eastern Dedicated Freight Corridor (Ludhiana-Khurja),Transport,Central,Punjab & UP,Ludhiana to Bulandshahr,Ongoing,Linear,Railway_Act_1989,Freight_Corridor,Section_20G_Award_Declared,2850,Private_Agricultural,1820.0,4200,2,3.5,FALSE,94.0,FALSE,95.0,Stage_2_Final_Approved,390,TRUE,480,140,None,None,15,FALSE,1.15,Tier_1_National,8.5,1.02,5.5,Adequate,25,0.35,0.18,10.0,18,0.95,720
NHSRCL/MAHSR-C4/2020,Mumbai-Ahmedabad HSR (Vapi-Vadodara C4),Transport,Central,Gujarat,Vapi to Vadodara,Ongoing,Linear,LARR_Act_2013,High_Speed_Rail,Physical_Possession_Taken,1350,Private_Agricultural_and_Urban,1150.0,4500,1,2.0,FALSE,98.5,TRUE,98.5,Stage_2_Final_Approved,450,TRUE,920,340,None,None,0,FALSE,1.05,Tier_1_National,5.5,1.15,4.8,Surplus,20,0.30,0.10,12.0,14,0.98,150
NHSRCL/MAHSR-C6/2020,Mumbai-Ahmedabad HSR (Vadodara-Ahmedabad C6),Transport,Central,Gujarat,Vadodara to Ahmedabad,Ongoing,Linear,LARR_Act_2013,High_Speed_Rail,Physical_Possession_Taken,1280,Private_Agricultural_and_Urban,520.0,2300,0,1.8,FALSE,99.0,TRUE,98.0,Stage_2_Final_Approved,240,TRUE,480,190,None,None,0,FALSE,1.02,Tier_1_National,4.8,1.18,4.5,Surplus,18,0.25,0.08,14.0,12,0.99,90
NHSRCL/MAHSR-C2/2020,Mumbai-Ahmedabad HSR (Undersea Tunnel C2),Transport,Central,Maharashtra,Thane Creek,Ongoing,Linear,LARR_Act_2013,High_Speed_Rail,Physical_Possession_Taken,1250,Coastal_and_Marine,15.5,50,0,0.0,FALSE,98.0,FALSE,97.0,Stage_2_Final_Approved,20,TRUE,0,0,None,Mangrove_Clearance_Litigation,0,FALSE,1.25,Tier_1_National,12.5,0.95,6.5,Adequate,45,0.75,0.30,0.5,20,0.96,240
NHSRCL/MAHSR-C1/2020,Mumbai-Ahmedabad HSR (BKC Station C1),Transport,Central,Maharashtra,Mumbai (BKC),Ongoing,Point,LARR_Act_2013,High_Speed_Rail,Physical_Possession_Taken,1420,Government_Urban,5.2,0,1,0.0,FALSE,100.0,FALSE,98.0,Not_Applicable,95,TRUE,0,0,None,None,0,FALSE,1.15,Tier_1_National,8.5,1.05,5.8,Surplus,25,0.55,0.15,2.5,18,0.97,310
NHSRCL/MAHSR-C7/2020,Mumbai-Ahmedabad HSR (Ahmedabad-Sabarmati C7),Transport,Central,Gujarat,Ahmedabad,Ongoing,Linear,LARR_Act_2013,High_Speed_Rail,Physical_Possession_Taken,1150,Private_Urban_and_Government,85.0,1250,0,1.5,FALSE,99.2,TRUE,98.5,Stage_2_Final_Approved,190,TRUE,340,160,None,None,0,FALSE,1.04,Tier_1_National,5.2,1.16,4.6,Surplus,18,0.25,0.10,12.0,14,0.98,75
SECI/BHA-PH3/2015,Bhadla Solar Park Phase 3 (1000 MW),Energy,Central,Rajasthan,Jodhpur,Completed,Polygon,LARR_Act_2013,Solar_Power_Plant,Physical_Possession_Taken,1850,Government_Arid_Wasteland,3200.0,85,0,0.0,FALSE,98.0,FALSE,99.0,Not_Applicable,10,TRUE,0,0,None,None,0,FALSE,0.85,Tier_1_National,3.5,1.25,4.0,Adequate,15,0.05,0.05,50.0,10,0.99,0
SECI/BHA-PH4/2015,Bhadla Solar Park Phase 4 (500 MW),Energy,Central,Rajasthan,Jodhpur,Completed,Polygon,LARR_Act_2013,Solar_Power_Plant,Physical_Possession_Taken,1720,Government_Arid_Wasteland,1600.0,40,0,0.0,FALSE,99.0,FALSE,99.0,Not_Applicable,5,TRUE,0,0,None,None,0,FALSE,0.82,Tier_1_National,3.2,1.28,3.8,Adequate,12,0.05,0.05,55.0,10,0.99,0
KSPDCL/PAV-EXT/2018,Pavagada Solar Park Extension (500 MW),Energy,State,Karnataka,Tumkur,Completed,Polygon,Karnataka_Land_Reforms_Act_1961,Solar_Power_Plant,Physical_Possession_Taken,1450,Private_Agricultural_Arid,1500.0,850,0,1.5,FALSE,99.5,FALSE,98.5,Not_Applicable,15,TRUE,0,0,None,None,0,FALSE,0.88,Tier_1_National,4.5,1.20,4.2,Surplus,16,0.15,0.08,35.0,12,0.98,30
NTPC/KUR-SOL/2016,Kurnool Ultra Mega Solar Park (1000 MW),Energy,Central,Andhra Pradesh,Kurnool,Completed,Polygon,LARR_Act_2013,Solar_Power_Plant,Physical_Possession_Taken,1650,Private_Agricultural_Arid,2400.0,1200,0,1.8,FALSE,99.0,FALSE,98.0,Not_Applicable,20,TRUE,15,0,None,None,0,FALSE,0.90,Tier_1_National,4.8,1.18,4.5,Surplus,18,0.20,0.10,25.0,12,0.98,45
APSPCL/NPK-SOL/2016,NP Kunta Ultra Mega Solar Park (1500 MW),Energy,State,Andhra Pradesh,Anantapur,Completed,Polygon,LARR_Act_2013,Solar_Power_Plant,Physical_Possession_Taken,1820,Private_Agricultural_Arid,3200.0,1450,0,2.0,FALSE,98.5,FALSE,97.5,Not_Applicable,25,TRUE,20,5,None,None,0,FALSE,0.92,Tier_1_National,5.2,1.15,4.6,Surplus,20,0.20,0.12,30.0,14,0.97,60
RUMSL/REWA/2015,Rewa Ultra Mega Solar Park (750 MW),Energy,State,Madhya Pradesh,Rewa,Completed,Polygon,LARR_Act_2013,Solar_Power_Plant,Physical_Possession_Taken,1420,Private_Agricultural_Barren,1590.0,820,0,1.5,FALSE,99.5,FALSE,98.5,Not_Applicable,12,TRUE,40,0,None,None,0,FALSE,0.88,Tier_1_National,4.2,1.22,4.2,Surplus,15,0.15,0.08,22.0,12,0.98,45
GIPCL/DHO-SOL/2019,Dholera Solar Park Phase 1 (1000 MW),Energy,State,Gujarat,Ahmedabad,Ongoing,Polygon,LARR_Act_2013,Solar_Power_Plant,Physical_Possession_Taken,950,Coastal_Saline_Industrial_Pooled,2100.0,150,0,1.0,FALSE,99.0,FALSE,98.0,Not_Applicable,30,TRUE,0,0,None,None,0,FALSE,1.05,Tier_1_National,6.5,1.10,5.2,Surplus,25,0.35,0.25,1.5,15,0.97,120
SECI/KOP-SOL/2018,Koppal Ultra Mega Solar Park (2500 MW),Energy,State,Karnataka,Koppal,Ongoing,Polygon,LARR_Act_2013,Solar_Power_Plant,Physical_Possession_Taken,1520,Private_Agricultural_Barren,6300.0,3450,3,3.5,TRUE,85.0,FALSE,94.0,Not_Applicable,45,TRUE,190,25,None,None,10,FALSE,1.25,Tier_1_National,11.5,0.95,5.8,Adequate,25,0.25,0.15,25.0,18,0.95,450
PGCIL/GEC-PH1/2015,Green Energy Corridor Phase 1 (Inter-State),Energy,Central,Pan-India,Multiple,Completed,Linear,Indian_Telegraph_Act_1885,Power_Transmission_Line,Section_164_Conferred,2450,Private_Agricultural_and_Forest,1250.0,8500,2,2.5,FALSE,96.5,FALSE,97.5,Stage_2_Final_Approved,320,TRUE,150,45,None,None,15,FALSE,1.10,Tier_1_National,7.5,1.05,5.5,Adequate,30,0.40,0.12,15.0,16,0.96,280
PGCIL/GEC-PH2/2021,Green Energy Corridor Phase 2 (Intra-State),Energy,Central,Pan-India,Multiple,Ongoing,Linear,Indian_Telegraph_Act_1885,Power_Transmission_Line,Section_164_Conferred,850,Private_Agricultural_and_Forest,850.0,5200,5,4.5,TRUE,82.0,FALSE,93.0,Stage_1_Applied,450,TRUE,280,85,None,Right_of_Way_Protest,35,TRUE,1.25,Tier_1_National,10.5,0.92,6.0,Adequate,35,0.45,0.18,12.0,20,0.94,360
NHPC/SUB-LOW/2003,Subansiri Lower Hydroelectric Project (2000 MW),Energy,Central,Arunachal Pradesh & Assam,Lower Subansiri,Ongoing,Polygon,LARR_Act_2013,Hydroelectric_Dam,Environmental_Litigation_Stay_Lifted,2650,Forest_and_Riverbed,4050.0,1900,2,12.0,FALSE,89.0,TRUE,92.5,Stage_2_Final_Approved,20,TRUE,220,15,None,Public_Agitation_Anti_Dam,2950,TRUE,2.20,Tier_1_National,25.5,0.60,5.8,Scarce,45,0.75,0.35,1.5,22,0.82,5120
NHPC/DIB-HYD/2019,Dibang Multipurpose Project (2880 MW),Energy,Central,Arunachal Pradesh,Lower Dibang Valley,Ongoing,Polygon,LARR_Act_2013,Hydroelectric_Dam,Section_19_Award_Declared,850,Forest_and_Riverbed,5200.0,2400,1,8.5,FALSE,45.0,TRUE,90.0,Stage_2_Final_Approved,15,TRUE,180,10,None,None,15,FALSE,1.45,Tier_1_National,18.5,0.85,6.5,Scarce,55,0.85,0.40,2.0,24,0.90,650
CVPPPL/PAK-DUL/2018,Pakal Dul Hydroelectric Project (1000 MW),Energy,Central,Jammu & Kashmir,Kishtwar,Ongoing,Polygon,LARR_Act_2013,Hydroelectric_Dam,Physical_Possession_Taken,1450,Mountainous_Forest,850.0,1200,0,2.5,FALSE,92.0,FALSE,95.0,Stage_2_Final_Approved,35,TRUE,310,45,None,None,25,TRUE,1.65,Tier_1_National,22.0,0.78,6.8,Scarce,60,0.90,0.45,5.0,26,0.91,850
CVPPPL/RATLE/2021,Ratle Hydroelectric Project (850 MW),Energy,Central,Jammu & Kashmir,Kishtwar,Ongoing,Polygon,LARR_Act_2013,Hydroelectric_Dam,Section_19_Award_Declared,680,Mountainous_Forest,620.0,850,0,3.0,FALSE,65.0,FALSE,93.0,Stage_1_In_Principle,25,TRUE,190,20,None,None,10,FALSE,1.35,Tier_1_National,15.5,0.88,6.2,Scarce,50,0.92,0.42,4.5,22,0.93,320
NPCIL/KUD-56/2017,Kudankulam Nuclear Power Plant Units 5 & 6,Energy,Central,Tamil Nadu,Tirunelveli,Ongoing,Polygon,Atomic_Energy_Act_1962,Nuclear_Power_Plant,Physical_Possession_Taken,2850,Coastal_and_Government,480.0,0,1,0.0,FALSE,99.0,FALSE,98.5,Stage_2_Final_Approved,30,TRUE,0,0,None,Active_Citizen_Protest,120,TRUE,1.35,Tier_1_National,12.5,0.90,6.2,Adequate,40,0.40,0.15,2.5,24,0.95,950
NPCIL/GOR-NUC/2014,Gorakhpur Haryana Anu Vidyut Pariyojana (GHAVP),Energy,Central,Haryana,Fatehabad,Ongoing,Polygon,Atomic_Energy_Act_1962,Nuclear_Power_Plant,Physical_Possession_Taken,3120,Private_Agricultural,600.0,1500,0,2.0,FALSE,98.5,FALSE,97.0,Not_Applicable,45,TRUE,320,45,None,Farmer_Land_Protest,85,TRUE,1.28,Tier_1_National,10.5,0.95,5.8,Surplus,25,0.25,0.12,18.0,20,0.96,720
AAI/NMI-PH1/2018,Navi Mumbai International Airport Phase 1,Transport,State,Maharashtra,Raigad,Ongoing,Polygon,LARR_Act_2013,Airport,Physical_Possession_Taken,2150,Coastal_Marsh_and_Private,1160.0,2850,2,3.5,FALSE,94.5,TRUE,95.5,Stage_2_Final_Approved,55,TRUE,1250,180,None,Mangrove_Clearance_Litigation,15,FALSE,1.22,Tier_1_National,7.5,1.08,5.4,Surplus,25,0.50,0.25,1.5,15,0.97,520
AAI/JEW-PH1/2021,Noida International Airport (Jewar) Phase 1,Transport,State,Uttar Pradesh,Gautam Buddha Nagar,Ongoing,Polygon,LARR_Act_2013,Airport,Physical_Possession_Taken,1650,Private_Agricultural,1334.0,3100,0,1.8,FALSE,98.0,TRUE,98.5,Stage_2_Final_Approved,45,TRUE,2950,140,None,None,0,FALSE,0.98,Tier_1_National,5.0,1.20,4.6,Surplus,20,0.30,0.10,12.5,14,0.98,90
AAI/BHO-AIR/2020,Bhogapuram International Airport,Transport,State,Andhra Pradesh,Vizianagaram,Ongoing,Polygon,LARR_Act_2013,Airport,Physical_Possession_Taken,1150,Private_Agricultural,900.0,1850,1,2.5,FALSE,96.0,FALSE,96.5,Stage_2_Final_Approved,35,TRUE,480,65,None,None,10,FALSE,1.15,Tier_1_National,8.5,1.05,5.2,Adequate,22,0.45,0.15,8.0,16,0.96,240
AAI/DHO-AIR/2021,Dholera International Airport,Transport,State,Gujarat,Ahmedabad,Ongoing,Polygon,LARR_Act_2013,Airport,Physical_Possession_Taken,850,Coastal_Saline_Industrial_Pooled,1426.0,0,0,0.0,FALSE,100.0,FALSE,98.0,Stage_2_Final_Approved,15,TRUE,0,0,None,None,0,FALSE,1.05,Tier_1_National,6.0,1.12,4.9,Surplus,24,0.35,0.28,2.0,14,0.98,120
JNPT/VAD-PORT/2021,Vadhavan Mega Port Project,Transport,Central,Maharashtra,Palghar,Ongoing,Polygon,Major_Port_Trusts_Act_1963,Port,Environmental_Clearance_Pending,920,Coastal_and_Marine,1540.0,2250,5,6.0,TRUE,45.0,FALSE,86.0,Stage_1_Applied,25,TRUE,480,75,None,Active_Fisherman_Protest,110,TRUE,1.18,Tier_1_National,9.5,1.02,5.5,Surplus,38,0.70,0.35,1.0,24,0.89,850
KPL/VIZ-PORT/2015,Vizhinjam International Seaport,Transport,State,Kerala,Thiruvananthapuram,Ongoing,Polygon,LARR_Act_2013,Port,Physical_Possession_Taken,3150,Coastal_and_Marine,350.0,850,2,4.5,FALSE,92.0,FALSE,94.0,Stage_2_Final_Approved,45,TRUE,320,110,None,Active_Fisherman_Protest,210,TRUE,1.85,Tier_1_National,18.5,0.80,6.5,Adequate,45,0.85,0.30,1.5,28,0.92,1650
PPA/POL-DAM/2014,Polavaram Irrigation Project (Earth Cum Rock Fill Dam),Water_Resources,Central,Andhra Pradesh,Eluru & Alluri Sitharama Raju,Ongoing,Polygon,LARR_Act_2013,Multi_Purpose_Dam,R&R_Implementation,2150,Forest_Agricultural_and_Riverbed,42000.0,45000,3,5.5,FALSE,68.0,FALSE,90.0,Stage_2_Final_Approved,85,TRUE,28000,650,None,Public_Agitation_Tribal_R&R,90,TRUE,1.75,Tier_1_National,15.5,0.82,5.8,Adequate,35,0.80,0.40,1.5,22,0.94,2850
KLIP/MDI-PH1/2016,Kaleshwaram Lift Irrigation (Medigadda Barrage),Water_Resources,State,Telangana,Jayashankar Bhupalpally,Completed,Polygon,LARR_Act_2013,Lift_Irrigation,Physical_Possession_Taken,1950,Forest_and_Riverbed,850.0,420,0,1.5,FALSE,99.0,FALSE,95.0,Stage_2_Final_Approved,45,TRUE,120,15,None,None,10,FALSE,1.22,Tier_1_National,10.5,1.05,5.4,Surplus,25,0.70,0.25,2.5,18,0.96,540
KBLPA/KBLP-DAM/2022,Ken-Betwa Link Project (Daudhan Dam),Water_Resources,Central,Madhya Pradesh,Chhatarpur & Panna,Ongoing,Polygon,LARR_Act_2013,Multi_Purpose_Dam,Section_19_Award_Declared,850,Forest_and_Agricultural_Bundelkhand,9200.0,7500,2,7.0,FALSE,55.0,FALSE,92.0,Stage_2_Final_Approved,65,TRUE,5400,180,None,Wildlife_Conservation_Litigation,0,FALSE,1.35,Tier_1_National,12.5,0.95,5.6,Surplus,30,0.60,0.25,6.5,20,0.97,1120
GEN/2026/001,HP TRIJET UNIT IN VR (HPCL),Energy,Central,Andhra Pradesh,Visakhapatnam,Ongoing,Point,PMP_Act_1962,Refinery,Stage_2_Final_Approved,120,Government_Industrial,50.5,0,0,0.0,FALSE,100.0,FALSE,95.0,Not_Applicable,10,TRUE,0,0,None,None,0,FALSE,1.05,Tier_1_National,5.5,1.1,4.5,Adequate,30,0.20,0.10,15.0,15,0.98,30
GEN/2026/002,DEMO PLANT FOR PRODUCTION OF BIO-ATF,Energy,Central,Karnataka,Mangalore,Ongoing,Point,PMP_Act_1962,Refinery,Stage_2_Final_Approved,121,Government_Industrial,51.0,0,0,0.0,FALSE,100.0,FALSE,95.0,Not_Applicable,11,TRUE,0,0,None,None,0,FALSE,1.05,Tier_1_National,5.5,1.1,4.5,Adequate,30,0.20,0.10,15.1,15,0.98,31
GEN/2026/003,INTEGRATED DEVELOPMENT OF 4 CONTRACT AREAS UNDER DSF2,Energy,Central,Maharashtra,Mumbai,Ongoing,Point,PMP_Act_1962,Refinery,Stage_2_Final_Approved,122,Government_Industrial,51.5,0,0,0.0,FALSE,100.0,FALSE,95.0,Not_Applicable,12,TRUE,0,0,None,None,0,FALSE,1.05,Tier_1_National,5.5,1.1,4.5,Adequate,30,0.20,0.10,15.2,15,0.98,32
GEN/2026/004,BORHOLLA GGS LIFE EXTENSION PROJECT,Energy,Central,Assam,Jorhat,Ongoing,Point,PMP_Act_1962,Refinery,Stage_2_Final_Approved,123,Government_Industrial,52.0,0,0,0.0,FALSE,100.0,FALSE,95.0,Not_Applicable,13,TRUE,0,0,None,None,0,FALSE,1.05,Tier_1_National,5.5,1.1,4.5,Adequate,30,0.20,0.10,15.3,15,0.98,33
GEN/2026/005,POWER RECOVERY TURBINE IN PFCCU,Energy,Central,Assam,Golaghat,Ongoing,Point,PMP_Act_1962,Refinery,Stage_2_Final_Approved,124,Government_Industrial,52.5,0,0,0.0,FALSE,100.0,FALSE,95.0,Not_Applicable,14,TRUE,0,0,None,None,0,FALSE,1.05,Tier_1_National,5.5,1.1,4.5,Adequate,30,0.20,0.10,15.4,15,0.98,34
GEN/2026/006,DCU REVAMP PROJECT,Energy,Central,Assam,Golaghat,Ongoing,Point,PMP_Act_1962,Refinery,Stage_2_Final_Approved,125,Government_Industrial,53.0,0,0,0.0,FALSE,100.0,FALSE,95.0,Not_Applicable,15,TRUE,0,0,None,None,0,FALSE,1.05,Tier_1_National,5.5,1.1,4.5,Adequate,30,0.20,0.10,15.5,15,0.98,35
GEN/2026/007,PIPELINE NETWORK PROJECT RUDRASAGAR,Energy,Central,Assam,Sivasagar,Ongoing,Linear,PMP_Act_1962,Pipeline,Stage_2_Final_Approved,126,Government_Industrial,53.5,0,0,0.0,FALSE,100.0,FALSE,95.0,Not_Applicable,16,TRUE,0,0,None,None,0,FALSE,1.05,Tier_1_National,5.5,1.1,4.5,Adequate,30,0.20,0.10,15.6,15,0.98,36
GEN/2026/008,DEVELOPMENT OF SURFACE FACILITIES FOR PRODUCTION AND EVACUATION OF CRUDE OIL,Energy,Central,Assam,Dibrugarh,Ongoing,Point,PMP_Act_1962,Refinery,Stage_2_Final_Approved,127,Government_Industrial,54.0,0,0,0.0,FALSE,100.0,FALSE,95.0,Not_Applicable,17,TRUE,0,0,None,None,0,FALSE,1.05,Tier_1_National,5.5,1.1,4.5,Adequate,30,0.20,0.10,15.7,15,0.98,37
GEN/2026/009,NUMALIGARH REFINERY EXPANSION PROJECT 6 MMTPA REFINARY,Energy,Central,Assam,Golaghat,Ongoing,Point,PMP_Act_1962,Refinery,Stage_2_Final_Approved,128,Government_Industrial,54.5,0,0,0.0,FALSE,100.0,FALSE,95.0,Not_Applicable,18,TRUE,0,0,None,None,0,FALSE,1.05,Tier_1_National,5.5,1.1,4.5,Adequate,30,0.20,0.10,15.8,15,0.98,38
GEN/2026/010,NUMALIGARH REFINERY EXPANSION PROJECT COIT AND PIPELINES,Energy,Central,Assam,Golaghat,Ongoing,Point,PMP_Act_1962,Refinery,Stage_2_Final_Approved,129,Government_Industrial,55.0,0,0,0.0,FALSE,100.0,FALSE,95.0,Not_Applicable,19,TRUE,0,0,None,None,0,FALSE,1.05,Tier_1_National,5.5,1.1,4.5,Adequate,30,0.20,0.10,15.9,15,0.98,39
GEN/2026/011,EXPANSION OF GUWAHATI REFINERY FROM 1 TO 1.2 MMTPA,Energy,Central,Assam,Guwahati,Ongoing,Point,PMP_Act_1962,Refinery,Stage_2_Final_Approved,130,Government_Industrial,55.5,0,0,0.0,FALSE,100.0,FALSE,95.0,Not_Applicable,20,TRUE,0,0,None,None,0,FALSE,1.05,Tier_1_National,5.5,1.1,4.5,Adequate,30,0.20,0.10,16.0,15,0.98,40
GEN/2026/012,GAS ASSISTED GRAVITY DRAINAGE SCHEME KASOMARIGAON,Energy,Central,Assam,Golaghat,Ongoing,Point,PMP_Act_1962,Refinery,Stage_2_Final_Approved,131,Government_Industrial,56.0,0,0,0.0,FALSE,100.0,FALSE,95.0,Not_Applicable,21,TRUE,0,0,None,None,0,FALSE,1.05,Tier_1_National,5.5,1.1,4.5,Adequate,30,0.20,0.10,16.1,15,0.98,41
GEN/2026/013,REVAMPING OF FACILITIES AT EXISTING GUWAHATI TERMINAL,Energy,Central,Assam,Guwahati,Ongoing,Point,PMP_Act_1962,Refinery,Stage_2_Final_Approved,132,Government_Industrial,56.5,0,0,0.0,FALSE,100.0,FALSE,95.0,Not_Applicable,22,TRUE,0,0,None,None,0,FALSE,1.05,Tier_1_National,5.5,1.1,4.5,Adequate,30,0.20,0.10,16.2,15,0.98,42
GEN/2026/014,UPGRADATION OF FACILITIES OF NUMALIGARH-SILIGURI PRODUCT PIPELINE,Energy,Central,Assam,Golaghat,Ongoing,Linear,PMP_Act_1962,Pipeline,Stage_2_Final_Approved,133,Government_Industrial,57.0,0,0,0.0,FALSE,100.0,FALSE,95.0,Not_Applicable,23,TRUE,0,0,None,None,0,FALSE,1.05,Tier_1_National,5.5,1.1,4.5,Adequate,30,0.20,0.10,16.3,15,0.98,43
GEN/2026/015,PROJECT TO CONSTRUCT A FIELD GAS GATHERING STATION AT BAGHJAN AREA,Energy,Central,Assam,Tinsukia,Ongoing,Point,PMP_Act_1962,Refinery,Stage_2_Final_Approved,134,Government_Industrial,57.5,0,0,0.0,FALSE,100.0,FALSE,95.0,Not_Applicable,24,TRUE,0,0,None,None,0,FALSE,1.05,Tier_1_National,5.5,1.1,4.5,Adequate,30,0.20,0.10,16.4,15,0.98,44
GEN/2026/016,CAPACITY EXPANSION OF DIGBOI REFINERY FROM 0.65 TO 1.0 MMTPA,Energy,Central,Assam,Digboi,Ongoing,Point,PMP_Act_1962,Refinery,Stage_2_Final_Approved,135,Government_Industrial,58.0,0,0,0.0,FALSE,100.0,FALSE,95.0,Not_Applicable,25,TRUE,0,0,None,None,0,FALSE,1.05,Tier_1_National,5.5,1.1,4.5,Adequate,30,0.20,0.10,16.5,15,0.98,45
GEN/2026/017,CONSTRUCTION OF LPG FACILITIES AT KAMARDANGA,Energy,Central,Assam,Kamrup,Ongoing,Point,PMP_Act_1962,Refinery,Stage_2_Final_Approved,136,Government_Industrial,58.5,0,0,0.0,FALSE,100.0,FALSE,95.0,Not_Applicable,26,TRUE,0,0,None,None,0,FALSE,1.05,Tier_1_National,5.5,1.1,4.5,Adequate,30,0.20,0.10,16.6,15,0.98,46
GEN/2026/018,SETTING UP OF NEW RAIL FED POL FACILITY AT KAMARDANGA,Energy,Central,Assam,Kamrup,Ongoing,Point,PMP_Act_1962,Refinery,Stage_2_Final_Approved,137,Government_Industrial,59.0,0,0,0.0,FALSE,100.0,FALSE,95.0,Not_Applicable,27,TRUE,0,0,None,None,0,FALSE,1.05,Tier_1_National,5.5,1.1,4.5,Adequate,30,0.20,0.10,16.7,15,0.98,47
GEN/2026/019,VISAKH REFINERY MODERNISATION PROJECT,Energy,Central,Andhra Pradesh,Visakhapatnam,Ongoing,Point,PMP_Act_1962,Refinery,Stage_2_Final_Approved,138,Government_Industrial,59.5,0,0,0.0,FALSE,100.0,FALSE,95.0,Not_Applicable,28,TRUE,0,0,None,None,0,FALSE,1.05,Tier_1_National,5.5,1.1,4.5,Adequate,30,0.20,0.10,16.8,15,0.98,48
GEN/2026/020,KG-DWN-98-2 CLUSTER II DEVELOPMENT PROJECT,Energy,Central,Andhra Pradesh,Kakinada,Ongoing,Point,PMP_Act_1962,Refinery,Stage_2_Final_Approved,139,Government_Industrial,60.0,0,0,0.0,FALSE,100.0,FALSE,95.0,Not_Applicable,29,TRUE,0,0,None,None,0,FALSE,1.05,Tier_1_National,5.5,1.1,4.5,Adequate,30,0.20,0.10,16.9,15,0.98,49
GEN/2026/021,TS FOR EVACUATION OF POWER FROM 7GW REZ IN KHAVDA AREA,Energy,Central,Gujarat,Khavda,Ongoing,Linear,Electricity_Act_2003,Power_Transmission_Line,Section_164_Conferred,45,Private_Agricultural,20.0,150,0,2.5,FALSE,95.0,FALSE,90.0,Stage_1_Applied,25,TRUE,10,2,None,None,0,FALSE,1.15,Tier_1_National,8.0,1.0,5.2,Adequate,40,0.40,0.15,10.0,20,0.95,60
GEN/2026/022,TS FOR EVACUATION POWER FROM RAJASTHAN REZ PH-IV PART-B,Energy,Central,Rajasthan,Jaisalmer,Ongoing,Linear,Electricity_Act_2003,Power_Transmission_Line,Section_164_Conferred,46,Private_Agricultural,20.5,151,0,2.5,FALSE,95.0,FALSE,90.0,Stage_1_Applied,26,TRUE,10,2,None,None,0,FALSE,1.15,Tier_1_National,8.0,1.0,5.2,Adequate,40,0.40,0.15,10.1,20,0.95,61
GEN/2026/023,TS FOR EVACUATION POWER RAJASTHAN REZ PH-IV PART-C,Energy,Central,Rajasthan,Barmer,Ongoing,Linear,Electricity_Act_2003,Power_Transmission_Line,Section_164_Conferred,47,Private_Agricultural,21.0,152,0,2.5,FALSE,95.0,FALSE,90.0,Stage_1_Applied,27,TRUE,10,2,None,None,0,FALSE,1.15,Tier_1_National,8.0,1.0,5.2,Adequate,40,0.40,0.15,10.2,20,0.95,62
GEN/2026/024,TS FOR EVACUATION POWER FROM RAJASTHAN REZ PH-IV PART-E,Energy,Central,Rajasthan,Jodhpur,Ongoing,Linear,Electricity_Act_2003,Power_Transmission_Line,Section_164_Conferred,48,Private_Agricultural,21.5,153,0,2.5,FALSE,95.0,FALSE,90.0,Stage_1_Applied,28,TRUE,10,2,None,None,0,FALSE,1.15,Tier_1_National,8.0,1.0,5.2,Adequate,40,0.40,0.15,10.3,20,0.95,63
GEN/2026/025,AUGMENTATION OF 1500MVA 3RD 765/400KV TRANSFORMATION CAPACITY AT KURNOOL,Energy,Central,Andhra Pradesh,Kurnool,Ongoing,Point,Electricity_Act_2003,Power_Transmission_Line,Section_164_Conferred,49,Private_Agricultural,22.0,154,0,2.5,FALSE,95.0,FALSE,90.0,Stage_1_Applied,29,TRUE,10,2,None,None,0,FALSE,1.15,Tier_1_National,8.0,1.0,5.2,Adequate,40,0.40,0.15,10.4,20,0.95,64
GEN/2026/026,SUBANSIRI LOWER H.E.P 8X250 MW,Energy,Central,Arunachal Pradesh,Subansiri,Ongoing,Polygon,Electricity_Act_2003,Hydroelectric_Dam,Section_164_Conferred,50,Private_Agricultural,22.5,155,0,2.5,FALSE,95.0,FALSE,90.0,Stage_1_Applied,30,TRUE,10,2,None,None,0,FALSE,1.15,Tier_1_National,8.0,1.0,5.2,Adequate,40,0.40,0.15,10.5,20,0.95,65
GEN/2026/027,DIBANG MULTIPURPOSE PROJECT 2880 MW,Energy,Central,Arunachal Pradesh,Dibang,Ongoing,Polygon,Electricity_Act_2003,Hydroelectric_Dam,Section_164_Conferred,51,Private_Agricultural,23.0,156,0,2.5,FALSE,95.0,FALSE,90.0,Stage_1_Applied,31,TRUE,10,2,None,None,0,FALSE,1.15,Tier_1_National,8.0,1.0,5.2,Adequate,40,0.40,0.15,10.6,20,0.95,66
GEN/2026/028,TRANSMISSION SCHEME FOR SOLAR ENERGY ZONE IN ANANTHPURAM,Energy,Central,Andhra Pradesh,Ananthpuram,Ongoing,Linear,Electricity_Act_2003,Power_Transmission_Line,Section_164_Conferred,52,Private_Agricultural,23.5,157,0,2.5,FALSE,95.0,FALSE,90.0,Stage_1_Applied,32,TRUE,10,2,None,None,0,FALSE,1.15,Tier_1_National,8.0,1.0,5.2,Adequate,40,0.40,0.15,10.7,20,0.95,67
GEN/2026/029,BARH STPP 3X660MW,Energy,Central,Bihar,Patna,Ongoing,Point,Electricity_Act_2003,Thermal_Power_Plant,Section_164_Conferred,53,Private_Agricultural,24.0,158,0,2.5,FALSE,95.0,FALSE,90.0,Stage_1_Applied,33,TRUE,10,2,None,None,0,FALSE,1.15,Tier_1_National,8.0,1.0,5.2,Adequate,40,0.40,0.15,10.8,20,0.95,68
GEN/2026/030,BUXAR THERMAL POWER PLANT 1320 MW,Energy,Central,Bihar,Buxar,Ongoing,Point,Electricity_Act_2003,Thermal_Power_Plant,Section_164_Conferred,54,Private_Agricultural,24.5,159,0,2.5,FALSE,95.0,FALSE,90.0,Stage_1_Applied,34,TRUE,10,2,None,None,0,FALSE,1.15,Tier_1_National,8.0,1.0,5.2,Adequate,40,0.40,0.15,10.9,20,0.95,69
GEN/2026/031,WESTERN REGION EXPANSION SCHEME XXV,Energy,Central,Madhya Pradesh,Various,Ongoing,Linear,Electricity_Act_2003,Power_Transmission_Line,Section_164_Conferred,55,Private_Agricultural,25.0,160,0,2.5,FALSE,95.0,FALSE,90.0,Stage_1_Applied,35,TRUE,10,2,None,None,0,FALSE,1.15,Tier_1_National,8.0,1.0,5.2,Adequate,40,0.40,0.15,11.0,20,0.95,70
GEN/2026/032,TRANSMISSION SYSTEM ASSOCIATED WITH WESTERN REGION EXPANSION SCHEME XXVII,Energy,Central,Madhya Pradesh,Various,Ongoing,Linear,Electricity_Act_2003,Power_Transmission_Line,Section_164_Conferred,56,Private_Agricultural,25.5,161,0,2.5,FALSE,95.0,FALSE,90.0,Stage_1_Applied,36,TRUE,10,2,None,None,0,FALSE,1.15,Tier_1_National,8.0,1.0,5.2,Adequate,40,0.40,0.15,11.1,20,0.95,71
GEN/2026/033,TRANSMISSION SYSTEM ASSOCIATED WITH WESTERN REGION EXPANSION SCHEME-XXVIII,Energy,Central,Madhya Pradesh,Various,Ongoing,Linear,Electricity_Act_2003,Power_Transmission_Line,Section_164_Conferred,57,Private_Agricultural,26.0,162,0,2.5,FALSE,95.0,FALSE,90.0,Stage_1_Applied,37,TRUE,10,2,None,None,0,FALSE,1.15,Tier_1_National,8.0,1.0,5.2,Adequate,40,0.40,0.15,11.2,20,0.95,72
GEN/2026/034,LARA SUPER THERMAL POWER PROJECT STAGE-II,Energy,Central,Chhattisgarh,Raigarh,Ongoing,Point,Electricity_Act_2003,Thermal_Power_Plant,Section_164_Conferred,58,Private_Agricultural,26.5,163,0,2.5,FALSE,95.0,FALSE,90.0,Stage_1_Applied,38,TRUE,10,2,None,None,0,FALSE,1.15,Tier_1_National,8.0,1.0,5.2,Adequate,40,0.40,0.15,11.3,20,0.95,73
GEN/2026/035,GUJARAT 200 MW GUVNL TENDER,Energy,Central,Gujarat,Various,Ongoing,Point,Electricity_Act_2003,Solar_Power_Plant,Section_164_Conferred,59,Private_Agricultural,27.0,164,0,2.5,FALSE,95.0,FALSE,90.0,Stage_1_Applied,39,TRUE,10,2,None,None,0,FALSE,1.15,Tier_1_National,8.0,1.0,5.2,Adequate,40,0.40,0.15,11.4,20,0.95,74
GEN/2026/036,150 MW SOLAR PV PROJECT IN GUJARAT,Energy,Central,Gujarat,Various,Ongoing,Point,Electricity_Act_2003,Solar_Power_Plant,Section_164_Conferred,60,Private_Agricultural,27.5,165,0,2.5,FALSE,95.0,FALSE,90.0,Stage_1_Applied,40,TRUE,10,2,None,None,0,FALSE,1.15,Tier_1_National,8.0,1.0,5.2,Adequate,40,0.40,0.15,11.5,20,0.95,75
GEN/2026/037,BAGODARA SOLAR POWER PROJECT,Energy,Central,Gujarat,Ahmedabad,Ongoing,Point,Electricity_Act_2003,Solar_Power_Plant,Section_164_Conferred,61,Private_Agricultural,28.0,166,0,2.5,FALSE,95.0,FALSE,90.0,Stage_1_Applied,41,TRUE,10,2,None,None,0,FALSE,1.15,Tier_1_National,8.0,1.0,5.2,Adequate,40,0.40,0.15,11.6,20,0.95,76
GEN/2026/038,DAYAPAR WIND ENERGY PROJECT 150MW,Energy,Central,Gujarat,Kutch,Ongoing,Point,Electricity_Act_2003,Power_Plant,Section_164_Conferred,62,Private_Agricultural,28.5,167,0,2.5,FALSE,95.0,FALSE,90.0,Stage_1_Applied,42,TRUE,10,2,None,None,0,FALSE,1.15,Tier_1_National,8.0,1.0,5.2,Adequate,40,0.40,0.15,11.7,20,0.95,77
GEN/2026/039,DAYAPAR WIND ENERGY PROJECT 200MW,Energy,Central,Gujarat,Kutch,Ongoing,Point,Electricity_Act_2003,Power_Plant,Section_164_Conferred,63,Private_Agricultural,29.0,168,0,2.5,FALSE,95.0,FALSE,90.0,Stage_1_Applied,43,TRUE,10,2,None,None,0,FALSE,1.15,Tier_1_National,8.0,1.0,5.2,Adequate,40,0.40,0.15,11.8,20,0.95,78
GEN/2026/040,KHAWDA 1255MW SOLAR PROJECT,Energy,Central,Gujarat,Kutch,Ongoing,Point,Electricity_Act_2003,Solar_Power_Plant,Section_164_Conferred,64,Private_Agricultural,29.5,169,0,2.5,FALSE,95.0,FALSE,90.0,Stage_1_Applied,44,TRUE,10,2,None,None,0,FALSE,1.15,Tier_1_National,8.0,1.0,5.2,Adequate,40,0.40,0.15,11.9,20,0.95,79
GEN/2026/041,BONGAIGAON-GOALPARA-GUWAHATI,Transport,Central,Assam,Goalpara,Ongoing,Linear,Railway_Act_1989,Railway,Section_20G_Award_Declared,200,Private_Agricultural,150.0,800,1,3.0,FALSE,85.0,FALSE,92.0,Stage_2_Final_Approved,40,TRUE,150,20,None,None,5,FALSE,1.20,Tier_1_National,12.0,0.9,5.5,Scarce,45,0.60,0.20,8.0,25,0.92,120
GEN/2026/042,JIRIBAM TO IMPHAL TUPUI,Transport,Central,Manipur,Jiribam,Ongoing,Linear,Railway_Act_1989,Railway,Section_20G_Award_Declared,201,Private_Agricultural,150.5,801,1,3.0,FALSE,85.0,FALSE,92.0,Stage_2_Final_Approved,41,TRUE,150,20,None,None,5,FALSE,1.20,Tier_1_National,12.0,0.9,5.5,Scarce,45,0.60,0.20,8.1,25,0.92,121
GEN/2026/043,BHAIRABI SAIRONG,Transport,Central,Mizoram,Aizawl,Ongoing,Linear,Railway_Act_1989,Railway,Section_20G_Award_Declared,202,Private_Agricultural,151.0,802,1,3.0,FALSE,85.0,FALSE,92.0,Stage_2_Final_Approved,42,TRUE,150,20,None,None,5,FALSE,1.20,Tier_1_National,12.0,0.9,5.5,Scarce,45,0.60,0.20,8.2,25,0.92,122
GEN/2026/044,NEW LINE FROM DIMAPUR TO ZUBZA,Transport,Central,Nagaland,Dimapur,Ongoing,Linear,Railway_Act_1989,Railway,Section_20G_Award_Declared,203,Private_Agricultural,151.5,803,1,3.0,FALSE,85.0,FALSE,92.0,Stage_2_Final_Approved,43,TRUE,150,20,None,None,5,FALSE,1.20,Tier_1_National,12.0,0.9,5.5,Scarce,45,0.60,0.20,8.3,25,0.92,123
GEN/2026/045,LUDHIANA KILA RAIPUR WITH FREIGHT LINE,Transport,Central,Punjab,Ludhiana,Ongoing,Linear,Railway_Act_1989,Railway,Section_20G_Award_Declared,204,Private_Agricultural,152.0,804,1,3.0,FALSE,85.0,FALSE,92.0,Stage_2_Final_Approved,44,TRUE,150,20,None,None,5,FALSE,1.20,Tier_1_National,12.0,0.9,5.5,Scarce,45,0.60,0.20,8.4,25,0.92,124
GEN/2026/046,KOTLPALLI-NARASAPUR,Transport,Central,Andhra Pradesh,East Godavari,Ongoing,Linear,Railway_Act_1989,Railway,Section_20G_Award_Declared,205,Private_Agricultural,152.5,805,1,3.0,FALSE,85.0,FALSE,92.0,Stage_2_Final_Approved,45,TRUE,150,20,None,None,5,FALSE,1.20,Tier_1_National,12.0,0.9,5.5,Scarce,45,0.60,0.20,8.5,25,0.92,125
GEN/2026/047,NADIKUDE-SRI KALAHASTI,Transport,Central,Andhra Pradesh,Guntur,Ongoing,Linear,Railway_Act_1989,Railway,Section_20G_Award_Declared,206,Private_Agricultural,153.0,806,1,3.0,FALSE,85.0,FALSE,92.0,Stage_2_Final_Approved,46,TRUE,150,20,None,None,5,FALSE,1.20,Tier_1_National,12.0,0.9,5.5,Scarce,45,0.60,0.20,8.6,25,0.92,126
GEN/2026/048,GUNTUR-GUNTAKAL,Transport,Central,Andhra Pradesh,Anantapur,Ongoing,Linear,Railway_Act_1989,Railway,Section_20G_Award_Declared,207,Private_Agricultural,153.5,807,1,3.0,FALSE,85.0,FALSE,92.0,Stage_2_Final_Approved,47,TRUE,150,20,None,None,5,FALSE,1.20,Tier_1_National,12.0,0.9,5.5,Scarce,45,0.60,0.20,8.7,25,0.92,127
GEN/2026/049,VIJAYAWADA-GUDUR,Transport,Central,Andhra Pradesh,Krishna,Ongoing,Linear,Railway_Act_1989,Railway,Section_20G_Award_Declared,208,Private_Agricultural,154.0,808,1,3.0,FALSE,85.0,FALSE,92.0,Stage_2_Final_Approved,48,TRUE,150,20,None,None,5,FALSE,1.20,Tier_1_National,12.0,0.9,5.5,Scarce,45,0.60,0.20,8.8,25,0.92,128
GEN/2026/050,KOTTAVALSA - KORAPUT DOUBLING,Transport,Central,Odisha,Koraput,Ongoing,Linear,Railway_Act_1989,Railway,Section_20G_Award_Declared,209,Private_Agricultural,154.5,809,1,3.0,FALSE,85.0,FALSE,92.0,Stage_2_Final_Approved,49,TRUE,150,20,None,None,5,FALSE,1.20,Tier_1_National,12.0,0.9,5.5,Scarce,45,0.60,0.20,8.9,25,0.92,129
GEN/2026/051,PENUKONDA-DHARMAVARAM,Transport,Central,Andhra Pradesh,Anantapur,Ongoing,Linear,Railway_Act_1989,Railway,Section_20G_Award_Declared,210,Private_Agricultural,155.0,810,1,3.0,FALSE,85.0,FALSE,92.0,Stage_2_Final_Approved,50,TRUE,150,20,None,None,5,FALSE,1.20,Tier_1_National,12.0,0.9,5.5,Scarce,45,0.60,0.20,9.0,25,0.92,130
GEN/2026/052,MALUGUR-PALASAMUDRAM,Transport,Central,Andhra Pradesh,Anantapur,Ongoing,Linear,Railway_Act_1989,Railway,Section_20G_Award_Declared,211,Private_Agricultural,155.5,811,1,3.0,FALSE,85.0,FALSE,92.0,Stage_2_Final_Approved,51,TRUE,150,20,None,None,5,FALSE,1.20,Tier_1_National,12.0,0.9,5.5,Scarce,45,0.60,0.20,9.1,25,0.92,131
GEN/2026/053,DOUBLING BETWEEN GOOTY-PENDAKALLU,Transport,Central,Andhra Pradesh,Kurnool,Ongoing,Linear,Railway_Act_1989,Railway,Section_20G_Award_Declared,212,Private_Agricultural,156.0,812,1,3.0,FALSE,85.0,FALSE,92.0,Stage_2_Final_Approved,52,TRUE,150,20,None,None,5,FALSE,1.20,Tier_1_National,12.0,0.9,5.5,Scarce,45,0.60,0.20,9.2,25,0.92,132
GEN/2026/054,VIJAYAWADA KAZIPET BYEPASS LINE,Transport,Central,Telangana,Warangal,Ongoing,Linear,Railway_Act_1989,Railway,Section_20G_Award_Declared,213,Private_Agricultural,156.5,813,1,3.0,FALSE,85.0,FALSE,92.0,Stage_2_Final_Approved,53,TRUE,150,20,None,None,5,FALSE,1.20,Tier_1_National,12.0,0.9,5.5,Scarce,45,0.60,0.20,9.3,25,0.92,133
GEN/2026/055,RENIGUNTA WADI GOOTY - BYPASS,Transport,Central,Andhra Pradesh,Chittoor,Ongoing,Linear,Railway_Act_1989,Railway,Section_20G_Award_Declared,214,Private_Agricultural,157.0,814,1,3.0,FALSE,85.0,FALSE,92.0,Stage_2_Final_Approved,54,TRUE,150,20,None,None,5,FALSE,1.20,Tier_1_National,12.0,0.9,5.5,Scarce,45,0.60,0.20,9.4,25,0.92,134
GEN/2026/056,JAYANAGAR-DARBHANGA-NARKATIA GANJ,Transport,Central,Bihar,Darbhanga,Ongoing,Linear,Railway_Act_1989,Railway,Section_20G_Award_Declared,215,Private_Agricultural,157.5,815,1,3.0,FALSE,85.0,FALSE,92.0,Stage_2_Final_Approved,55,TRUE,150,20,None,None,5,FALSE,1.20,Tier_1_National,12.0,0.9,5.5,Scarce,45,0.60,0.20,9.5,25,0.92,135
GEN/2026/057,KHAGARIA-KUSHESHWAR ASTHAN,Transport,Central,Bihar,Khagaria,Ongoing,Linear,Railway_Act_1989,Railway,Section_20G_Award_Declared,216,Private_Agricultural,158.0,816,1,3.0,FALSE,85.0,FALSE,92.0,Stage_2_Final_Approved,56,TRUE,150,20,None,None,5,FALSE,1.20,Tier_1_National,12.0,0.9,5.5,Scarce,45,0.60,0.20,9.6,25,0.92,136
GEN/2026/058,HAJIPUR-SUGAULI VIA VAISHALI,Transport,Central,Bihar,Vaishali,Ongoing,Linear,Railway_Act_1989,Railway,Section_20G_Award_Declared,217,Private_Agricultural,158.5,817,1,3.0,FALSE,85.0,FALSE,92.0,Stage_2_Final_Approved,57,TRUE,150,20,None,None,5,FALSE,1.20,Tier_1_National,12.0,0.9,5.5,Scarce,45,0.60,0.20,9.7,25,0.92,137
GEN/2026/059,NEW B.G. LINE FROM ARARIA TO GALGALIA,Transport,Central,Bihar,Araria,Ongoing,Linear,Railway_Act_1989,Railway,Section_20G_Award_Declared,218,Private_Agricultural,159.0,818,1,3.0,FALSE,85.0,FALSE,92.0,Stage_2_Final_Approved,58,TRUE,150,20,None,None,5,FALSE,1.20,Tier_1_National,12.0,0.9,5.5,Scarce,45,0.60,0.20,9.8,25,0.92,138
GEN/2026/060,SAKRI-HASANPUR ROAD,Transport,Central,Bihar,Samastipur,Ongoing,Linear,Railway_Act_1989,Railway,Section_20G_Award_Declared,219,Private_Agricultural,159.5,819,1,3.0,FALSE,85.0,FALSE,92.0,Stage_2_Final_Approved,59,TRUE,150,20,None,None,5,FALSE,1.20,Tier_1_National,12.0,0.9,5.5,Scarce,45,0.60,0.20,9.9,25,0.92,139
GEN/2026/061,CONSTRUCTION OF 4-LANE PANCHGRAM BYPASS,Transport,Central,Assam,Hailakandi,Ongoing,Linear,NH_Act_1956,Highway,Section_3G_Award,150,Private_Agricultural,300.0,1200,2,4.5,TRUE,80.0,TRUE,95.0,Stage_1_In_Principle,80,TRUE,250,45,None,None,0,FALSE,1.10,Tier_1_National,10.5,0.95,6.0,Adequate,35,0.70,0.25,12.0,30,0.90,150
GEN/2026/062,WIDENING TO 4-LANE WITH PAVED SHOULDER FROM KM 55 TO KM 82,Transport,Central,Assam,Various,Ongoing,Linear,NH_Act_1956,Highway,Section_3G_Award,151,Private_Agricultural,300.5,1201,2,4.5,TRUE,80.0,TRUE,95.0,Stage_1_In_Principle,81,TRUE,250,45,None,None,0,FALSE,1.10,Tier_1_National,10.5,0.95,6.0,Adequate,35,0.70,0.25,12.1,30,0.90,151
GEN/2026/063,CONSTRUCTION OF 2-LANE SHILLONG WESTERN BYPASS,Transport,Central,Meghalaya,Shillong,Ongoing,Linear,NH_Act_1956,Highway,Section_3G_Award,152,Private_Agricultural,301.0,1202,2,4.5,TRUE,80.0,TRUE,95.0,Stage_1_In_Principle,82,TRUE,250,45,None,None,0,FALSE,1.10,Tier_1_National,10.5,0.95,6.0,Adequate,35,0.70,0.25,12.2,30,0.90,152
GEN/2026/064,SHILLONG WESTERN BYPASS PACKAGE-2,Transport,Central,Meghalaya,Shillong,Ongoing,Linear,NH_Act_1956,Highway,Section_3G_Award,153,Private_Agricultural,301.5,1203,2,4.5,TRUE,80.0,TRUE,95.0,Stage_1_In_Principle,83,TRUE,250,45,None,None,0,FALSE,1.10,Tier_1_National,10.5,0.95,6.0,Adequate,35,0.70,0.25,12.3,30,0.90,153
GEN/2026/065,REHABILITATION OF ROAD FROM DESIGN KM 25.250 TO KM 36.460,Transport,Central,Tripura,Various,Ongoing,Linear,NH_Act_1956,Highway,Section_3G_Award,154,Private_Agricultural,302.0,1204,2,4.5,TRUE,80.0,TRUE,95.0,Stage_1_In_Principle,84,TRUE,250,45,None,None,0,FALSE,1.10,Tier_1_National,10.5,0.95,6.0,Adequate,35,0.70,0.25,12.4,30,0.90,154
GEN/2026/066,IMPROVEMENT TO 2-LANE WITH PAVED SHOULDER OF ROAD FROM KM 101.300,Transport,Central,Tripura,Various,Ongoing,Linear,NH_Act_1956,Highway,Section_3G_Award,155,Private_Agricultural,302.5,1205,2,4.5,TRUE,80.0,TRUE,95.0,Stage_1_In_Principle,85,TRUE,250,45,None,None,0,FALSE,1.10,Tier_1_National,10.5,0.95,6.0,Adequate,35,0.70,0.25,12.5,30,0.90,155
GEN/2026/067,KHOWAI TELIAMURA-AMARPUR-HARINA-SABROOM PACKAGE-2,Transport,Central,Tripura,Khowai,Ongoing,Linear,NH_Act_1956,Highway,Section_3G_Award,156,Private_Agricultural,303.0,1206,2,4.5,TRUE,80.0,TRUE,95.0,Stage_1_In_Principle,86,TRUE,250,45,None,None,0,FALSE,1.10,Tier_1_National,10.5,0.95,6.0,Adequate,35,0.70,0.25,12.6,30,0.90,156
GEN/2026/068,KHOWAI TELIAMURA-AMARPUR-HARINA-SABROOM PACKAGE-3,Transport,Central,Tripura,Khowai,Ongoing,Linear,NH_Act_1956,Highway,Section_3G_Award,157,Private_Agricultural,303.5,1207,2,4.5,TRUE,80.0,TRUE,95.0,Stage_1_In_Principle,87,TRUE,250,45,None,None,0,FALSE,1.10,Tier_1_National,10.5,0.95,6.0,Adequate,35,0.70,0.25,12.7,30,0.90,157
GEN/2026/069,MITIGATION MEASURES KM 368.00-UTTARAKHAND,Transport,Central,Uttarakhand,Various,Ongoing,Linear,NH_Act_1956,Highway,Section_3G_Award,158,Private_Agricultural,304.0,1208,2,4.5,TRUE,80.0,TRUE,95.0,Stage_1_In_Principle,88,TRUE,250,45,None,None,0,FALSE,1.10,Tier_1_National,10.5,0.95,6.0,Adequate,35,0.70,0.25,12.8,30,0.90,158
GEN/2026/070,MITIGATION MEASURES KM 450.00-UTTARAKHAND,Transport,Central,Uttarakhand,Various,Ongoing,Linear,NH_Act_1956,Highway,Section_3G_Award,159,Private_Agricultural,304.5,1209,2,4.5,TRUE,80.0,TRUE,95.0,Stage_1_In_Principle,89,TRUE,250,45,None,None,0,FALSE,1.10,Tier_1_National,10.5,0.95,6.0,Adequate,35,0.70,0.25,12.9,30,0.90,159
GEN/2026/071,CONSTRUCTION OF BYPASS TO MADURAI ACHAMBATHU VIRATIPATHU,Transport,Central,Tamil Nadu,Madurai,Ongoing,Linear,NH_Act_1956,Highway,Section_3G_Award,160,Private_Agricultural,305.0,1210,2,4.5,TRUE,80.0,TRUE,95.0,Stage_1_In_Principle,90,TRUE,250,45,None,None,0,FALSE,1.10,Tier_1_National,10.5,0.95,6.0,Adequate,35,0.70,0.25,13.0,30,0.90,160
GEN/2026/072,TWO LANING OF JORAM KOLORIANG ROAD,Transport,Central,Arunachal Pradesh,Various,Ongoing,Linear,NH_Act_1956,Highway,Section_3G_Award,161,Private_Agricultural,305.5,1211,2,4.5,TRUE,80.0,TRUE,95.0,Stage_1_In_Principle,91,TRUE,250,45,None,None,0,FALSE,1.10,Tier_1_National,10.5,0.95,6.0,Adequate,35,0.70,0.25,13.1,30,0.90,161
GEN/2026/073,2-LANE WITH PAVED SHOULDERS OF JORAM KOLORIANG ROAD,Transport,Central,Arunachal Pradesh,Various,Ongoing,Linear,NH_Act_1956,Highway,Section_3G_Award,162,Private_Agricultural,306.0,1212,2,4.5,TRUE,80.0,TRUE,95.0,Stage_1_In_Principle,92,TRUE,250,45,None,None,0,FALSE,1.10,Tier_1_National,10.5,0.95,6.0,Adequate,35,0.70,0.25,13.2,30,0.90,162
GEN/2026/074,2-LANE ROAD WITH PAVED SHOULDERS FROM KM16.00 OF ROING-HUNLI,Transport,Central,Arunachal Pradesh,Roing,Ongoing,Linear,NH_Act_1956,Highway,Section_3G_Award,163,Private_Agricultural,306.5,1213,2,4.5,TRUE,80.0,TRUE,95.0,Stage_1_In_Principle,93,TRUE,250,45,None,None,0,FALSE,1.10,Tier_1_National,10.5,0.95,6.0,Adequate,35,0.70,0.25,13.3,30,0.90,163
GEN/2026/075,2 LANING OF EXISTING HUNLI-ANINI ROAD,Transport,Central,Arunachal Pradesh,Anini,Ongoing,Linear,NH_Act_1956,Highway,Section_3G_Award,164,Private_Agricultural,307.0,1214,2,4.5,TRUE,80.0,TRUE,95.0,Stage_1_In_Principle,94,TRUE,250,45,None,None,0,FALSE,1.10,Tier_1_National,10.5,0.95,6.0,Adequate,35,0.70,0.25,13.4,30,0.90,164
GEN/2026/076,TWO-LANING OF HAYULIANG HAWAI BYPASS ROAD,Transport,Central,Arunachal Pradesh,Anjaw,Ongoing,Linear,NH_Act_1956,Highway,Section_3G_Award,165,Private_Agricultural,307.5,1215,2,4.5,TRUE,80.0,TRUE,95.0,Stage_1_In_Principle,95,TRUE,250,45,None,None,0,FALSE,1.10,Tier_1_National,10.5,0.95,6.0,Adequate,35,0.70,0.25,13.5,30,0.90,165
GEN/2026/077,2-LANING WITH HARD SHOULDERS OF ARROWA-KHUPA-HAYULIANG,Transport,Central,Arunachal Pradesh,Anjaw,Ongoing,Linear,NH_Act_1956,Highway,Section_3G_Award,166,Private_Agricultural,308.0,1216,2,4.5,TRUE,80.0,TRUE,95.0,Stage_1_In_Principle,96,TRUE,250,45,None,None,0,FALSE,1.10,Tier_1_National,10.5,0.95,6.0,Adequate,35,0.70,0.25,13.6,30,0.90,166
GEN/2026/078,2-LANING WITH HARD SHOULDERS OF DEMWE-BRAHMAKUND,Transport,Central,Arunachal Pradesh,Lohit,Ongoing,Linear,NH_Act_1956,Highway,Section_3G_Award,167,Private_Agricultural,308.5,1217,2,4.5,TRUE,80.0,TRUE,95.0,Stage_1_In_Principle,97,TRUE,250,45,None,None,0,FALSE,1.10,Tier_1_National,10.5,0.95,6.0,Adequate,35,0.70,0.25,13.7,30,0.90,167
GEN/2026/079,2 LANE ROAD OF POTIN TO PANGIN SECTION PKG-1,Transport,Central,Arunachal Pradesh,Various,Ongoing,Linear,NH_Act_1956,Highway,Section_3G_Award,168,Private_Agricultural,309.0,1218,2,4.5,TRUE,80.0,TRUE,95.0,Stage_1_In_Principle,98,TRUE,250,45,None,None,0,FALSE,1.10,Tier_1_National,10.5,0.95,6.0,Adequate,35,0.70,0.25,13.8,30,0.90,168
GEN/2026/080,2 LANE ROAD OF POTIN TO PANGIN SECTION PKG-2,Transport,Central,Arunachal Pradesh,Various,Ongoing,Linear,NH_Act_1956,Highway,Section_3G_Award,169,Private_Agricultural,309.5,1219,2,4.5,TRUE,80.0,TRUE,95.0,Stage_1_In_Principle,99,TRUE,250,45,None,None,0,FALSE,1.10,Tier_1_National,10.5,0.95,6.0,Adequate,35,0.70,0.25,13.9,30,0.90,169
GEN/2026/081,2 LANE ROAD OF POTIN TO PANGIN SECTION PKG-3,Transport,Central,Arunachal Pradesh,Various,Ongoing,Linear,NH_Act_1956,Highway,Section_3G_Award,170,Private_Agricultural,310.0,1220,2,4.5,TRUE,80.0,TRUE,95.0,Stage_1_In_Principle,100,TRUE,250,45,None,None,0,FALSE,1.10,Tier_1_National,10.5,0.95,6.0,Adequate,35,0.70,0.25,14.0,30,0.90,170
GEN/2026/082,2 LANE ROAD OF POTIN TO PANGIN SECTION PKG-4,Transport,Central,Arunachal Pradesh,Various,Ongoing,Linear,NH_Act_1956,Highway,Section_3G_Award,171,Private_Agricultural,310.5,1221,2,4.5,TRUE,80.0,TRUE,95.0,Stage_1_In_Principle,101,TRUE,250,45,None,None,0,FALSE,1.10,Tier_1_National,10.5,0.95,6.0,Adequate,35,0.70,0.25,14.1,30,0.90,171
GEN/2026/083,TADADEGE - HENKAR,Transport,Central,Arunachal Pradesh,Various,Ongoing,Linear,NH_Act_1956,Highway,Section_3G_Award,172,Private_Agricultural,311.0,1222,2,4.5,TRUE,80.0,TRUE,95.0,Stage_1_In_Principle,102,TRUE,250,45,None,None,0,FALSE,1.10,Tier_1_National,10.5,0.95,6.0,Adequate,35,0.70,0.25,14.2,30,0.90,172
GEN/2026/084,LADDA - BASAI,Transport,Central,Arunachal Pradesh,Various,Ongoing,Linear,NH_Act_1956,Highway,Section_3G_Award,173,Private_Agricultural,311.5,1223,2,4.5,TRUE,80.0,TRUE,95.0,Stage_1_In_Principle,103,TRUE,250,45,None,None,0,FALSE,1.10,Tier_1_National,10.5,0.95,6.0,Adequate,35,0.70,0.25,14.3,30,0.90,173
GEN/2026/085,DOGINALA - GAU,Transport,Central,Arunachal Pradesh,Various,Ongoing,Linear,NH_Act_1956,Highway,Section_3G_Award,174,Private_Agricultural,312.0,1224,2,4.5,TRUE,80.0,TRUE,95.0,Stage_1_In_Principle,104,TRUE,250,45,None,None,0,FALSE,1.10,Tier_1_National,10.5,0.95,6.0,Adequate,35,0.70,0.25,14.4,30,0.90,174
GEN/2026/086,JORAM KOLORIANG ROAD PKG-3,Transport,Central,Arunachal Pradesh,Various,Ongoing,Linear,NH_Act_1956,Highway,Section_3G_Award,175,Private_Agricultural,312.5,1225,2,4.5,TRUE,80.0,TRUE,95.0,Stage_1_In_Principle,105,TRUE,250,45,None,None,0,FALSE,1.10,Tier_1_National,10.5,0.95,6.0,Adequate,35,0.70,0.25,14.5,30,0.90,175
GEN/2026/087,JORAM KOLORIANG ROAD PKG-4,Transport,Central,Arunachal Pradesh,Various,Ongoing,Linear,NH_Act_1956,Highway,Section_3G_Award,176,Private_Agricultural,313.0,1226,2,4.5,TRUE,80.0,TRUE,95.0,Stage_1_In_Principle,106,TRUE,250,45,None,None,0,FALSE,1.10,Tier_1_National,10.5,0.95,6.0,Adequate,35,0.70,0.25,14.6,30,0.90,176
GEN/2026/088,JORAM KOLORIANG ROAD PKG-7,Transport,Central,Arunachal Pradesh,Various,Ongoing,Linear,NH_Act_1956,Highway,Section_3G_Award,177,Private_Agricultural,313.5,1227,2,4.5,TRUE,80.0,TRUE,95.0,Stage_1_In_Principle,107,TRUE,250,45,None,None,0,FALSE,1.10,Tier_1_National,10.5,0.95,6.0,Adequate,35,0.70,0.25,14.7,30,0.90,177
GEN/2026/089,BALANCE WORK 2-LANING OF LALPUL MANMAO CHANGLANG ROAD,Transport,Central,Arunachal Pradesh,Changlang,Ongoing,Linear,NH_Act_1956,Highway,Section_3G_Award,178,Private_Agricultural,314.0,1228,2,4.5,TRUE,80.0,TRUE,95.0,Stage_1_In_Principle,108,TRUE,250,45,None,None,0,FALSE,1.10,Tier_1_National,10.5,0.95,6.0,Adequate,35,0.70,0.25,14.8,30,0.90,178
GEN/2026/090,4-LANING OF ITANAGAR TO BANDARDEWA SECTION PKG-C,Transport,Central,Arunachal Pradesh,Itanagar,Ongoing,Linear,NH_Act_1956,Highway,Section_3G_Award,179,Private_Agricultural,314.5,1229,2,4.5,TRUE,80.0,TRUE,95.0,Stage_1_In_Principle,109,TRUE,250,45,None,None,0,FALSE,1.10,Tier_1_National,10.5,0.95,6.0,Adequate,35,0.70,0.25,14.9,30,0.90,179
GEN/2026/091,4 LANING OF ITANAGAR TO BANDARDEWA SECTION PKG-B,Transport,Central,Arunachal Pradesh,Itanagar,Ongoing,Linear,NH_Act_1956,Highway,Section_3G_Award,180,Private_Agricultural,315.0,1230,2,4.5,TRUE,80.0,TRUE,95.0,Stage_1_In_Principle,110,TRUE,250,45,None,None,0,FALSE,1.10,Tier_1_National,10.5,0.95,6.0,Adequate,35,0.70,0.25,15.0,30,0.90,180
GEN/2026/092,2-LANE MAJOR BRIDGE OVER BRAHMAPUTRA BETWEEN MAJULI,Transport,Central,Assam,Majuli,Ongoing,Point,NH_Act_1956,Bridge,Stage_2_Final_Approved,181,Government_Industrial,315.5,1231,2,4.5,TRUE,80.0,TRUE,95.0,Stage_1_In_Principle,111,TRUE,250,45,None,None,0,FALSE,1.10,Tier_1_National,10.5,0.95,6.0,Adequate,35,0.70,0.25,15.1,30,0.90,181
GEN/2026/093,6L FLYOVER AT BORAGAON GORCHUK LOKHRA,Transport,Central,Assam,Guwahati,Ongoing,Point,NH_Act_1956,Bridge,Stage_2_Final_Approved,182,Government_Industrial,316.0,1232,2,4.5,TRUE,80.0,TRUE,95.0,Stage_1_In_Principle,112,TRUE,250,45,None,None,0,FALSE,1.10,Tier_1_National,10.5,0.95,6.0,Adequate,35,0.70,0.25,15.2,30,0.90,182
GEN/2026/094,JOGIGHOPA BRIDGE,Transport,Central,Assam,Bongaigaon,Ongoing,Point,NH_Act_1956,Bridge,Stage_2_Final_Approved,183,Government_Industrial,316.5,1233,2,4.5,TRUE,80.0,TRUE,95.0,Stage_1_In_Principle,113,TRUE,250,45,None,None,0,FALSE,1.10,Tier_1_National,10.5,0.95,6.0,Adequate,35,0.70,0.25,15.3,30,0.90,183
GEN/2026/095,DABOKA KATHKATI PACKAGE-5,Transport,Central,Assam,Various,Ongoing,Linear,NH_Act_1956,Highway,Section_3G_Award,184,Private_Agricultural,317.0,1234,2,4.5,TRUE,80.0,TRUE,95.0,Stage_1_In_Principle,114,TRUE,250,45,None,None,0,FALSE,1.10,Tier_1_National,10.5,0.95,6.0,Adequate,35,0.70,0.25,15.4,30,0.90,184
GEN/2026/096,TULUNGIA-JOGIGHOPA-PAIKAN ROAD PKG-7,Transport,Central,Assam,Various,Ongoing,Linear,NH_Act_1956,Highway,Section_3G_Award,185,Private_Agricultural,317.5,1235,2,4.5,TRUE,80.0,TRUE,95.0,Stage_1_In_Principle,115,TRUE,250,45,None,None,0,FALSE,1.10,Tier_1_National,10.5,0.95,6.0,Adequate,35,0.70,0.25,15.5,30,0.90,185
GEN/2026/097,DABOKA KATHKATI PACKAGE-6,Transport,Central,Assam,Various,Ongoing,Linear,NH_Act_1956,Highway,Section_3G_Award,186,Private_Agricultural,318.0,1236,2,4.5,TRUE,80.0,TRUE,95.0,Stage_1_In_Principle,116,TRUE,250,45,None,None,0,FALSE,1.10,Tier_1_National,10.5,0.95,6.0,Adequate,35,0.70,0.25,15.6,30,0.90,186
GEN/2026/098,DIBRUGARH-LAHOAL-CHABUA BYPASS PACKAGE-1,Transport,Central,Assam,Dibrugarh,Ongoing,Linear,NH_Act_1956,Highway,Section_3G_Award,187,Private_Agricultural,318.5,1237,2,4.5,TRUE,80.0,TRUE,95.0,Stage_1_In_Principle,117,TRUE,250,45,None,None,0,FALSE,1.10,Tier_1_National,10.5,0.95,6.0,Adequate,35,0.70,0.25,15.7,30,0.90,187
GEN/2026/099,DIBRUGARH-LAHOAL-CHABUA BYPASS PACKAGE-2,Transport,Central,Assam,Dibrugarh,Ongoing,Linear,NH_Act_1956,Highway,Section_3G_Award,188,Private_Agricultural,319.0,1238,2,4.5,TRUE,80.0,TRUE,95.0,Stage_1_In_Principle,118,TRUE,250,45,None,None,0,FALSE,1.10,Tier_1_National,10.5,0.95,6.0,Adequate,35,0.70,0.25,15.8,30,0.90,188
GEN/2026/100,4-L DHUBRI PHULBARI BRIDGE WITH APPROACH ROAD,Transport,Central,Assam,Dhubri,Ongoing,Linear,NH_Act_1956,Highway,Section_3G_Award,189,Private_Agricultural,319.5,1239,2,4.5,TRUE,80.0,TRUE,95.0,Stage_1_In_Principle,119,TRUE,250,45,None,None,0,FALSE,1.10,Tier_1_National,10.5,0.95,6.0,Adequate,35,0.70,0.25,15.9,30,0.90,189
GEN/2026/101,2-LANING FROM YAINGANGPOKPI TO FINCH CORNER PKG-I,Transport,Central,Manipur,Various,Ongoing,Linear,NH_Act_1956,Highway,Section_3G_Award,190,Private_Agricultural,320.0,1240,2,4.5,TRUE,80.0,TRUE,95.0,Stage_1_In_Principle,120,TRUE,250,45,None,None,0,FALSE,1.10,Tier_1_National,10.5,0.95,6.0,Adequate,35,0.70,0.25,16.0,30,0.90,190
GEN/2026/102,2-LANING FROM YAINGANGPOKPI TO FINCH CORNER PKG-II,Transport,Central,Manipur,Various,Ongoing,Linear,NH_Act_1956,Highway,Section_3G_Award,191,Private_Agricultural,320.5,1241,2,4.5,TRUE,80.0,TRUE,95.0,Stage_1_In_Principle,121,TRUE,250,45,None,None,0,FALSE,1.10,Tier_1_National,10.5,0.95,6.0,Adequate,35,0.70,0.25,16.1,30,0.90,191
GEN/2026/103,4-LANING OF HAPACHARA - TULUNGIA SECTION,Transport,Central,Assam,Various,Ongoing,Linear,NH_Act_1956,Highway,Section_3G_Award,192,Private_Agricultural,321.0,1242,2,4.5,TRUE,80.0,TRUE,95.0,Stage_1_In_Principle,122,TRUE,250,45,None,None,0,FALSE,1.10,Tier_1_National,10.5,0.95,6.0,Adequate,35,0.70,0.25,16.2,30,0.90,192
GEN/2026/104,WIDENING TO 4-LANE WITH PAVED SHOULDER FROM CH.75.330KM,Transport,Central,Assam,Various,Ongoing,Linear,NH_Act_1956,Highway,Section_3G_Award,193,Private_Agricultural,321.5,1243,2,4.5,TRUE,80.0,TRUE,95.0,Stage_1_In_Principle,123,TRUE,250,45,None,None,0,FALSE,1.10,Tier_1_National,10.5,0.95,6.0,Adequate,35,0.70,0.25,16.3,30,0.90,193
GEN/2026/105,2-LANING OF CHURACHANDPUR TUIVAI SECTION PKG-IB,Transport,Central,Manipur,Various,Ongoing,Linear,NH_Act_1956,Highway,Section_3G_Award,194,Private_Agricultural,322.0,1244,2,4.5,TRUE,80.0,TRUE,95.0,Stage_1_In_Principle,124,TRUE,250,45,None,None,0,FALSE,1.10,Tier_1_National,10.5,0.95,6.0,Adequate,35,0.70,0.25,16.4,30,0.90,194
GEN/2026/106,4 LANING OF JORHAT TO JHANJI SECTION,Transport,Central,Assam,Jorhat,Ongoing,Linear,NH_Act_1956,Highway,Section_3G_Award,195,Private_Agricultural,322.5,1245,2,4.5,TRUE,80.0,TRUE,95.0,Stage_1_In_Principle,125,TRUE,250,45,None,None,0,FALSE,1.10,Tier_1_National,10.5,0.95,6.0,Adequate,35,0.70,0.25,16.5,30,0.90,195
GEN/2026/107,FOUR LANING OF JHANJHI JN TO DEMOW SECTION,Transport,Central,Assam,Various,Ongoing,Linear,NH_Act_1956,Highway,Section_3G_Award,196,Private_Agricultural,323.0,1246,2,4.5,TRUE,80.0,TRUE,95.0,Stage_1_In_Principle,126,TRUE,250,45,None,None,0,FALSE,1.10,Tier_1_National,10.5,0.95,6.0,Adequate,35,0.70,0.25,16.6,30,0.90,196
GEN/2026/108,4 LANING FROM JAMUGURI TO BISWANATH CHARIALI,Transport,Central,Assam,Various,Ongoing,Linear,NH_Act_1956,Highway,Section_3G_Award,197,Private_Agricultural,323.5,1247,2,4.5,TRUE,80.0,TRUE,95.0,Stage_1_In_Principle,127,TRUE,250,45,None,None,0,FALSE,1.10,Tier_1_National,10.5,0.95,6.0,Adequate,35,0.70,0.25,16.7,30,0.90,197
GEN/2026/109,4 LANING FROM RANGAGARA TO KALIABHOR TINALI,Transport,Central,Assam,Various,Ongoing,Linear,NH_Act_1956,Highway,Section_3G_Award,198,Private_Agricultural,324.0,1248,2,4.5,TRUE,80.0,TRUE,95.0,Stage_1_In_Principle,128,TRUE,250,45,None,None,0,FALSE,1.10,Tier_1_National,10.5,0.95,6.0,Adequate,35,0.70,0.25,16.8,30,0.90,198
GEN/2026/110,4 LANING OF NH-37 SECTION BETWEEN DEMOW TO END OF MORAN BYPASS,Transport,Central,Assam,Various,Ongoing,Linear,NH_Act_1956,Highway,Section_3G_Award,199,Private_Agricultural,324.5,1249,2,4.5,TRUE,80.0,TRUE,95.0,Stage_1_In_Principle,129,TRUE,250,45,None,None,0,FALSE,1.10,Tier_1_National,10.5,0.95,6.0,Adequate,35,0.70,0.25,16.9,30,0.90,199
GEN/2026/111,4 LANING OF NH 37 SECTION BOGIBEEL JUNCTION,Transport,Central,Assam,Various,Ongoing,Linear,NH_Act_1956,Highway,Section_3G_Award,200,Private_Agricultural,325.0,1250,2,4.5,TRUE,80.0,TRUE,95.0,Stage_1_In_Principle,130,TRUE,250,45,None,None,0,FALSE,1.10,Tier_1_National,10.5,0.95,6.0,Adequate,35,0.70,0.25,17.0,30,0.90,200
GEN/2026/112,FOUR LANING OF BALACHERA-HARANGAJAO SECTION,Transport,Central,Assam,Various,Ongoing,Linear,NH_Act_1956,Highway,Section_3G_Award,201,Private_Agricultural,325.5,1251,2,4.5,TRUE,80.0,TRUE,95.0,Stage_1_In_Principle,131,TRUE,250,45,None,None,0,FALSE,1.10,Tier_1_National,10.5,0.95,6.0,Adequate,35,0.70,0.25,17.1,30,0.90,201
GEN/2026/113,DABOKA KATHKATI PACKAGE-7,Transport,Central,Assam,Various,Ongoing,Linear,NH_Act_1956,Highway,Section_3G_Award,202,Private_Agricultural,326.0,1252,2,4.5,TRUE,80.0,TRUE,95.0,Stage_1_In_Principle,132,TRUE,250,45,None,None,0,FALSE,1.10,Tier_1_National,10.5,0.95,6.0,Adequate,35,0.70,0.25,17.2,30,0.90,202
GEN/2026/114,FOUR LANING OF SRIRAMPUR-DHUBRI PKG-2,Transport,Central,Assam,Various,Ongoing,Linear,NH_Act_1956,Highway,Section_3G_Award,203,Private_Agricultural,326.5,1253,2,4.5,TRUE,80.0,TRUE,95.0,Stage_1_In_Principle,133,TRUE,250,45,None,None,0,FALSE,1.10,Tier_1_National,10.5,0.95,6.0,Adequate,35,0.70,0.25,17.3,30,0.90,203
GEN/2026/115,6L STANDALONE FLYOVERS AT RAHA DEMOW BORGHAT,Transport,Central,Assam,Various,Ongoing,Linear,NH_Act_1956,Highway,Section_3G_Award,204,Private_Agricultural,327.0,1254,2,4.5,TRUE,80.0,TRUE,95.0,Stage_1_In_Principle,134,TRUE,250,45,None,None,0,FALSE,1.10,Tier_1_National,10.5,0.95,6.0,Adequate,35,0.70,0.25,17.4,30,0.90,204
GEN/2026/116,BALANCE WORK OF 4L OF NARIMBANGLO-JATINGA JUNCTION,Transport,Central,Assam,Various,Ongoing,Linear,NH_Act_1956,Highway,Section_3G_Award,205,Private_Agricultural,327.5,1255,2,4.5,TRUE,80.0,TRUE,95.0,Stage_1_In_Principle,135,TRUE,250,45,None,None,0,FALSE,1.10,Tier_1_National,10.5,0.95,6.0,Adequate,35,0.70,0.25,17.5,30,0.90,205
GEN/2026/117,6L STANDALONE FLYOVERS AT BONGAIGAON CHAPAGURI,Transport,Central,Assam,Various,Ongoing,Linear,NH_Act_1956,Highway,Section_3G_Award,206,Private_Agricultural,328.0,1256,2,4.5,TRUE,80.0,TRUE,95.0,Stage_1_In_Principle,136,TRUE,250,45,None,None,0,FALSE,1.10,Tier_1_National,10.5,0.95,6.0,Adequate,35,0.70,0.25,17.6,30,0.90,206
GEN/2026/118,SHRIRAMPUR TO KOCHUGAON OF BIJNI TO ASSAM,Transport,Central,Assam,Various,Ongoing,Linear,NH_Act_1956,Highway,Section_3G_Award,207,Private_Agricultural,328.5,1257,2,4.5,TRUE,80.0,TRUE,95.0,Stage_1_In_Principle,137,TRUE,250,45,None,None,0,FALSE,1.10,Tier_1_National,10.5,0.95,6.0,Adequate,35,0.70,0.25,17.7,30,0.90,207
GEN/2026/119,SRIRAMPUR - DHUBRI PKG-1,Transport,Central,Assam,Various,Ongoing,Linear,NH_Act_1956,Highway,Section_3G_Award,208,Private_Agricultural,329.0,1258,2,4.5,TRUE,80.0,TRUE,95.0,Stage_1_In_Principle,138,TRUE,250,45,None,None,0,FALSE,1.10,Tier_1_National,10.5,0.95,6.0,Adequate,35,0.70,0.25,17.8,30,0.90,208
GEN/2026/120,DIBRUGARH-LAHOAL-CHABUA BYPASS PACKAGE-3,Transport,Central,Assam,Dibrugarh,Ongoing,Linear,NH_Act_1956,Highway,Section_3G_Award,209,Private_Agricultural,329.5,1259,2,4.5,TRUE,80.0,TRUE,95.0,Stage_1_In_Principle,139,TRUE,250,45,None,None,0,FALSE,1.10,Tier_1_National,10.5,0.95,6.0,Adequate,35,0.70,0.25,17.9,30,0.90,209
GEN/2026/121,CONSTRUCTION OF MANGALDOI BYPASS,Transport,Central,Assam,Mangaldoi,Ongoing,Linear,NH_Act_1956,Highway,Section_3G_Award,210,Private_Agricultural,330.0,1260,2,4.5,TRUE,80.0,TRUE,95.0,Stage_1_In_Principle,140,TRUE,250,45,None,None,0,FALSE,1.10,Tier_1_National,10.5,0.95,6.0,Adequate,35,0.70,0.25,18.0,30,0.90,210
GEN/2026/122,WIDENING AND UPGRADATION ROAD FROM TAMENGLONG TO MAHUR PKG-1,Transport,Central,Assam,Various,Ongoing,Linear,NH_Act_1956,Highway,Section_3G_Award,211,Private_Agricultural,330.5,1261,2,4.5,TRUE,80.0,TRUE,95.0,Stage_1_In_Principle,141,TRUE,250,45,None,None,0,FALSE,1.10,Tier_1_National,10.5,0.95,6.0,Adequate,35,0.70,0.25,18.1,30,0.90,211
GEN/2026/123,WIDENING AND UPGRADATION ROAD FROM TAMENGLONG TO MAHUR PKG-2,Transport,Central,Assam,Various,Ongoing,Linear,NH_Act_1956,Highway,Section_3G_Award,212,Private_Agricultural,331.0,1262,2,4.5,TRUE,80.0,TRUE,95.0,Stage_1_In_Principle,142,TRUE,250,45,None,None,0,FALSE,1.10,Tier_1_National,10.5,0.95,6.0,Adequate,35,0.70,0.25,18.2,30,0.90,212
GEN/2026/124,WIDENING AND UPGRADATION ROAD FROM TAMENGLONG TO MAHUR PKG-3,Transport,Central,Assam,Various,Ongoing,Linear,NH_Act_1956,Highway,Section_3G_Award,213,Private_Agricultural,331.5,1263,2,4.5,TRUE,80.0,TRUE,95.0,Stage_1_In_Principle,143,TRUE,250,45,None,None,0,FALSE,1.10,Tier_1_National,10.5,0.95,6.0,Adequate,35,0.70,0.25,18.3,30,0.90,213
GEN/2026/125,WIDENING TO 4-LANE WITH PAVED SHOULDER FROM KM 0+800,Transport,Central,Assam,Various,Ongoing,Linear,NH_Act_1956,Highway,Section_3G_Award,214,Private_Agricultural,332.0,1264,2,4.5,TRUE,80.0,TRUE,95.0,Stage_1_In_Principle,144,TRUE,250,45,None,None,0,FALSE,1.10,Tier_1_National,10.5,0.95,6.0,Adequate,35,0.70,0.25,18.4,30,0.90,214
GEN/2026/126,WIDENING TO 4-LANE WITH PAVED SHOULDER FROM KM 27+701,Transport,Central,Assam,Various,Ongoing,Linear,NH_Act_1956,Highway,Section_3G_Award,215,Private_Agricultural,332.5,1265,2,4.5,TRUE,80.0,TRUE,95.0,Stage_1_In_Principle,145,TRUE,250,45,None,None,0,FALSE,1.10,Tier_1_National,10.5,0.95,6.0,Adequate,35,0.70,0.25,18.5,30,0.90,215
GEN/2026/127,BILASIPURA-GUWAHATI ROAD PKG-8,Transport,Central,Assam,Various,Ongoing,Linear,NH_Act_1956,Highway,Section_3G_Award,216,Private_Agricultural,333.0,1266,2,4.5,TRUE,80.0,TRUE,95.0,Stage_1_In_Principle,146,TRUE,250,45,None,None,0,FALSE,1.10,Tier_1_National,10.5,0.95,6.0,Adequate,35,0.70,0.25,18.6,30,0.90,216
GEN/2026/128,BILASIPURA-GUWAHATI ROAD PKG-9,Transport,Central,Assam,Various,Ongoing,Linear,NH_Act_1956,Highway,Section_3G_Award,217,Private_Agricultural,333.5,1267,2,4.5,TRUE,80.0,TRUE,95.0,Stage_1_In_Principle,147,TRUE,250,45,None,None,0,FALSE,1.10,Tier_1_National,10.5,0.95,6.0,Adequate,35,0.70,0.25,18.7,30,0.90,217
GEN/2026/129,BILASIPURA-GUWAHATI ROAD PKG-10,Transport,Central,Assam,Various,Ongoing,Linear,NH_Act_1956,Highway,Section_3G_Award,218,Private_Agricultural,334.0,1268,2,4.5,TRUE,80.0,TRUE,95.0,Stage_1_In_Principle,148,TRUE,250,45,None,None,0,FALSE,1.10,Tier_1_National,10.5,0.95,6.0,Adequate,35,0.70,0.25,18.8,30,0.90,218
GEN/2026/130,DABOKA BYPASS OF DABOKA - PAROKHAOWA PKG -1,Transport,Central,Assam,Various,Ongoing,Linear,NH_Act_1956,Highway,Section_3G_Award,219,Private_Agricultural,334.5,1269,2,4.5,TRUE,80.0,TRUE,95.0,Stage_1_In_Principle,149,TRUE,250,45,None,None,0,FALSE,1.10,Tier_1_National,10.5,0.95,6.0,Adequate,35,0.70,0.25,18.9,30,0.90,219
GEN/2026/131,2 LANE WITH PAVED SHOULDER FROM KM 16+900,Transport,Central,Assam,Various,Ongoing,Linear,NH_Act_1956,Highway,Section_3G_Award,220,Private_Agricultural,335.0,1270,2,4.5,TRUE,80.0,TRUE,95.0,Stage_1_In_Principle,150,TRUE,250,45,None,None,0,FALSE,1.10,Tier_1_National,10.5,0.95,6.0,Adequate,35,0.70,0.25,19.0,30,0.90,220
GEN/2026/132,2 LANE WITH PAVED SHOULDER FROM KM 27+150,Transport,Central,Assam,Various,Ongoing,Linear,NH_Act_1956,Highway,Section_3G_Award,221,Private_Agricultural,335.5,1271,2,4.5,TRUE,80.0,TRUE,95.0,Stage_1_In_Principle,151,TRUE,250,45,None,None,0,FALSE,1.10,Tier_1_National,10.5,0.95,6.0,Adequate,35,0.70,0.25,19.1,30,0.90,221
GEN/2026/133,DEVELOPMENT OF EXTERNAL TRUNK CONNECTIVITY MULTI MODEL LOGISTIC,Transport,Central,Assam,Various,Ongoing,Linear,NH_Act_1956,Highway,Section_3G_Award,222,Private_Agricultural,336.0,1272,2,4.5,TRUE,80.0,TRUE,95.0,Stage_1_In_Principle,152,TRUE,250,45,None,None,0,FALSE,1.10,Tier_1_National,10.5,0.95,6.0,Adequate,35,0.70,0.25,19.2,30,0.90,222
GEN/2026/134,SILCHAR VAIRENGTE SAIRANG ROAD PKG-1,Transport,Central,Assam,Silchar,Ongoing,Linear,NH_Act_1956,Highway,Section_3G_Award,223,Private_Agricultural,336.5,1273,2,4.5,TRUE,80.0,TRUE,95.0,Stage_1_In_Principle,153,TRUE,250,45,None,None,0,FALSE,1.10,Tier_1_National,10.5,0.95,6.0,Adequate,35,0.70,0.25,19.3,30,0.90,223
GEN/2026/135,SILCHAR VAIRENGTE SAIRANG ROAD PKG-2,Transport,Central,Assam,Silchar,Ongoing,Linear,NH_Act_1956,Highway,Section_3G_Award,224,Private_Agricultural,337.0,1274,2,4.5,TRUE,80.0,TRUE,95.0,Stage_1_In_Principle,154,TRUE,250,45,None,None,0,FALSE,1.10,Tier_1_National,10.5,0.95,6.0,Adequate,35,0.70,0.25,19.4,30,0.90,224
GEN/2026/136,FOUR LANNING OF BADARPUR BYPASS,Transport,Central,Assam,Various,Ongoing,Linear,NH_Act_1956,Highway,Section_3G_Award,225,Private_Agricultural,337.5,1275,2,4.5,TRUE,80.0,TRUE,95.0,Stage_1_In_Principle,155,TRUE,250,45,None,None,0,FALSE,1.10,Tier_1_National,10.5,0.95,6.0,Adequate,35,0.70,0.25,19.5,30,0.90,225
GEN/2026/137,TAMENGLONG- MAHUR ROAD PKG-7,Transport,Central,Assam,Various,Ongoing,Linear,NH_Act_1956,Highway,Section_3G_Award,226,Private_Agricultural,338.0,1276,2,4.5,TRUE,80.0,TRUE,95.0,Stage_1_In_Principle,156,TRUE,250,45,None,None,0,FALSE,1.10,Tier_1_National,10.5,0.95,6.0,Adequate,35,0.70,0.25,19.6,30,0.90,226
GEN/2026/138,UKHRUL TOLOI TADUBI PKG-2,Transport,Central,Manipur,Ukhrul,Ongoing,Linear,NH_Act_1956,Highway,Section_3G_Award,227,Private_Agricultural,338.5,1277,2,4.5,TRUE,80.0,TRUE,95.0,Stage_1_In_Principle,157,TRUE,250,45,None,None,0,FALSE,1.10,Tier_1_National,10.5,0.95,6.0,Adequate,35,0.70,0.25,19.7,30,0.90,227
GEN/2026/139,CONSTRUCTION OF 2-LANING ROAD OF UKHRUL-TOLOI-TADUBI SECTION,Transport,Central,Manipur,Ukhrul,Ongoing,Linear,NH_Act_1956,Highway,Section_3G_Award,228,Private_Agricultural,339.0,1278,2,4.5,TRUE,80.0,TRUE,95.0,Stage_1_In_Principle,158,TRUE,250,45,None,None,0,FALSE,1.10,Tier_1_National,10.5,0.95,6.0,Adequate,35,0.70,0.25,19.8,30,0.90,228
GEN/2026/140,IMPHAL - KHONGSANG PKG-5,Transport,Central,Manipur,Imphal,Ongoing,Linear,NH_Act_1956,Highway,Section_3G_Award,229,Private_Agricultural,339.5,1279,2,4.5,TRUE,80.0,TRUE,95.0,Stage_1_In_Principle,159,TRUE,250,45,None,None,0,FALSE,1.10,Tier_1_National,10.5,0.95,6.0,Adequate,35,0.70,0.25,19.9,30,0.90,229
GEN/2026/141,IMPHAL - KHONGSANG PKG-6,Transport,Central,Manipur,Imphal,Ongoing,Linear,NH_Act_1956,Highway,Section_3G_Award,230,Private_Agricultural,340.0,1280,2,4.5,TRUE,80.0,TRUE,95.0,Stage_1_In_Principle,160,TRUE,250,45,None,None,0,FALSE,1.10,Tier_1_National,10.5,0.95,6.0,Adequate,35,0.70,0.25,20.0,30,0.90,230
GEN/2026/142,CONSTRUCTION OF 2-LANING ROAD OF UKHRUL-TOLOI-TADUBI SECTION PKG-2,Transport,Central,Manipur,Ukhrul,Ongoing,Linear,NH_Act_1956,Highway,Section_3G_Award,231,Private_Agricultural,340.5,1281,2,4.5,TRUE,80.0,TRUE,95.0,Stage_1_In_Principle,161,TRUE,250,45,None,None,0,FALSE,1.10,Tier_1_National,10.5,0.95,6.0,Adequate,35,0.70,0.25,20.1,30,0.90,231
GEN/2026/143,AKASH BRIDGE - JESSAMI SECTION PKG-2,Transport,Central,Manipur,Various,Ongoing,Linear,NH_Act_1956,Highway,Section_3G_Award,232,Private_Agricultural,341.0,1282,2,4.5,TRUE,80.0,TRUE,95.0,Stage_1_In_Principle,162,TRUE,250,45,None,None,0,FALSE,1.10,Tier_1_National,10.5,0.95,6.0,Adequate,35,0.70,0.25,20.2,30,0.90,232
GEN/2026/144,2-LANING OF CHURACHANDPUR TUIVAI SECTION PKG-2A,Transport,Central,Manipur,Churachandpur,Ongoing,Linear,NH_Act_1956,Highway,Section_3G_Award,233,Private_Agricultural,341.5,1283,2,4.5,TRUE,80.0,TRUE,95.0,Stage_1_In_Principle,163,TRUE,250,45,None,None,0,FALSE,1.10,Tier_1_National,10.5,0.95,6.0,Adequate,35,0.70,0.25,20.3,30,0.90,233
GEN/2026/145,2-LANING OF CHURACHANDPUR TUIVAI SECTION PKG-2B,Transport,Central,Manipur,Churachandpur,Ongoing,Linear,NH_Act_1956,Highway,Section_3G_Award,234,Private_Agricultural,342.0,1284,2,4.5,TRUE,80.0,TRUE,95.0,Stage_1_In_Principle,164,TRUE,250,45,None,None,0,FALSE,1.10,Tier_1_National,10.5,0.95,6.0,Adequate,35,0.70,0.25,20.4,30,0.90,234
GEN/2026/146,2-LANING OF CHURACHANDPUR TUIVAI SECTION PKG-4A,Transport,Central,Manipur,Churachandpur,Ongoing,Linear,NH_Act_1956,Highway,Section_3G_Award,235,Private_Agricultural,342.5,1285,2,4.5,TRUE,80.0,TRUE,95.0,Stage_1_In_Principle,165,TRUE,250,45,None,None,0,FALSE,1.10,Tier_1_National,10.5,0.95,6.0,Adequate,35,0.70,0.25,20.5,30,0.90,235
GEN/2026/147,2-LANING OF CHURACHANDPUR TUIVAI SECTION PKG-4B,Transport,Central,Manipur,Churachandpur,Ongoing,Linear,NH_Act_1956,Highway,Section_3G_Award,236,Private_Agricultural,343.0,1286,2,4.5,TRUE,80.0,TRUE,95.0,Stage_1_In_Principle,166,TRUE,250,45,None,None,0,FALSE,1.10,Tier_1_National,10.5,0.95,6.0,Adequate,35,0.70,0.25,20.6,30,0.90,236
GEN/2026/148,IMPROVEMENT/UPGRADATION FROM TAPHOU KUKI TO DAILI SECTION,Transport,Central,Manipur,Various,Ongoing,Linear,NH_Act_1956,Highway,Section_3G_Award,237,Private_Agricultural,343.5,1287,2,4.5,TRUE,80.0,TRUE,95.0,Stage_1_In_Principle,167,TRUE,250,45,None,None,0,FALSE,1.10,Tier_1_National,10.5,0.95,6.0,Adequate,35,0.70,0.25,20.7,30,0.90,237
GEN/2026/149,IMPROVEMENT/UPGRADATION FROM DAILI TO KURAOPOKPI SECTION,Transport,Central,Manipur,Various,Ongoing,Linear,NH_Act_1956,Highway,Section_3G_Award,238,Private_Agricultural,344.0,1288,2,4.5,TRUE,80.0,TRUE,95.0,Stage_1_In_Principle,168,TRUE,250,45,None,None,0,FALSE,1.10,Tier_1_National,10.5,0.95,6.0,Adequate,35,0.70,0.25,20.8,30,0.90,238
GEN/2026/150,IMPROVEMENT/UPGRADATION FROM KURAOPOKPI TO SEKMAI SECTION,Transport,Central,Manipur,Various,Ongoing,Linear,NH_Act_1956,Highway,Section_3G_Award,239,Private_Agricultural,344.5,1289,2,4.5,TRUE,80.0,TRUE,95.0,Stage_1_In_Principle,169,TRUE,250,45,None,None,0,FALSE,1.10,Tier_1_National,10.5,0.95,6.0,Adequate,35,0.70,0.25,20.9,30,0.90,239
GEN/2026/151,MARIAM - PEREN PKG-1A,Transport,Central,Manipur,Various,Ongoing,Linear,NH_Act_1956,Highway,Section_3G_Award,240,Private_Agricultural,345.0,1290,2,4.5,TRUE,80.0,TRUE,95.0,Stage_1_In_Principle,170,TRUE,250,45,None,None,0,FALSE,1.10,Tier_1_National,10.5,0.95,6.0,Adequate,35,0.70,0.25,21.0,30,0.90,240
GEN/2026/152,MARIAM - PEREN PKG 1B,Transport,Central,Manipur,Various,Ongoing,Linear,NH_Act_1956,Highway,Section_3G_Award,241,Private_Agricultural,345.5,1291,2,4.5,TRUE,80.0,TRUE,95.0,Stage_1_In_Principle,171,TRUE,250,45,None,None,0,FALSE,1.10,Tier_1_National,10.5,0.95,6.0,Adequate,35,0.70,0.25,21.1,30,0.90,241
GEN/2026/153,IMPHAL MOREH PACKAGE-3,Transport,Central,Manipur,Imphal,Ongoing,Linear,NH_Act_1956,Highway,Section_3G_Award,242,Private_Agricultural,346.0,1292,2,4.5,TRUE,80.0,TRUE,95.0,Stage_1_In_Principle,172,TRUE,250,45,None,None,0,FALSE,1.10,Tier_1_National,10.5,0.95,6.0,Adequate,35,0.70,0.25,21.2,30,0.90,242
GEN/2026/154,IMPHAL-KHONGSANG PKG-2,Transport,Central,Manipur,Imphal,Ongoing,Linear,NH_Act_1956,Highway,Section_3G_Award,243,Private_Agricultural,346.5,1293,2,4.5,TRUE,80.0,TRUE,95.0,Stage_1_In_Principle,173,TRUE,250,45,None,None,0,FALSE,1.10,Tier_1_National,10.5,0.95,6.0,Adequate,35,0.70,0.25,21.3,30,0.90,243
GEN/2026/155,TAMENGLONG - MAHUR PKG-3,Transport,Central,Manipur,Tamenglong,Ongoing,Linear,NH_Act_1956,Highway,Section_3G_Award,244,Private_Agricultural,347.0,1294,2,4.5,TRUE,80.0,TRUE,95.0,Stage_1_In_Principle,174,TRUE,250,45,None,None,0,FALSE,1.10,Tier_1_National,10.5,0.95,6.0,Adequate,35,0.70,0.25,21.4,30,0.90,244
GEN/2026/156,IMPHAL MOREH PACKAGE 4,Transport,Central,Manipur,Imphal,Ongoing,Linear,NH_Act_1956,Highway,Section_3G_Award,245,Private_Agricultural,347.5,1295,2,4.5,TRUE,80.0,TRUE,95.0,Stage_1_In_Principle,175,TRUE,250,45,None,None,0,FALSE,1.10,Tier_1_National,10.5,0.95,6.0,Adequate,35,0.70,0.25,21.5,30,0.90,245
GEN/2026/157,SENAPATI-IMPHAL PKG-5B,Transport,Central,Manipur,Senapati,Ongoing,Linear,NH_Act_1956,Highway,Section_3G_Award,246,Private_Agricultural,348.0,1296,2,4.5,TRUE,80.0,TRUE,95.0,Stage_1_In_Principle,176,TRUE,250,45,None,None,0,FALSE,1.10,Tier_1_National,10.5,0.95,6.0,Adequate,35,0.70,0.25,21.6,30,0.90,246
GEN/2026/158,IMPHAL-KHONGSANG PKG-3,Transport,Central,Manipur,Imphal,Ongoing,Linear,NH_Act_1956,Highway,Section_3G_Award,247,Private_Agricultural,348.5,1297,2,4.5,TRUE,80.0,TRUE,95.0,Stage_1_In_Principle,177,TRUE,250,45,None,None,0,FALSE,1.10,Tier_1_National,10.5,0.95,6.0,Adequate,35,0.70,0.25,21.7,30,0.90,247
GEN/2026/159,TAMENGLONG - MAHUR PKG-1,Transport,Central,Manipur,Tamenglong,Ongoing,Linear,NH_Act_1956,Highway,Section_3G_Award,248,Private_Agricultural,349.0,1298,2,4.5,TRUE,80.0,TRUE,95.0,Stage_1_In_Principle,178,TRUE,250,45,None,None,0,FALSE,1.10,Tier_1_National,10.5,0.95,6.0,Adequate,35,0.70,0.25,21.8,30,0.90,248
GEN/2026/160,TAMENGLONG - MAHUR PKG-2,Transport,Central,Manipur,Tamenglong,Ongoing,Linear,NH_Act_1956,Highway,Section_3G_Award,249,Private_Agricultural,349.5,1299,2,4.5,TRUE,80.0,TRUE,95.0,Stage_1_In_Principle,179,TRUE,250,45,None,None,0,FALSE,1.10,Tier_1_National,10.5,0.95,6.0,Adequate,35,0.70,0.25,21.9,30,0.90,249
GEN/2026/161,TAMENGLONG - MAHUR PKG-4,Transport,Central,Manipur,Tamenglong,Ongoing,Linear,NH_Act_1956,Highway,Section_3G_Award,250,Private_Agricultural,350.0,1300,2,4.5,TRUE,80.0,TRUE,95.0,Stage_1_In_Principle,180,TRUE,250,45,None,None,0,FALSE,1.10,Tier_1_National,10.5,0.95,6.0,Adequate,35,0.70,0.25,22.0,30,0.90,250
GEN/2026/162,CHURACHANPUR TUIVAI PKG-3,Transport,Central,Manipur,Churachandpur,Ongoing,Linear,NH_Act_1956,Highway,Section_3G_Award,251,Private_Agricultural,350.5,1301,2,4.5,TRUE,80.0,TRUE,95.0,Stage_1_In_Principle,181,TRUE,250,45,None,None,0,FALSE,1.10,Tier_1_National,10.5,0.95,6.0,Adequate,35,0.70,0.25,22.1,30,0.90,251
GEN/2026/163,TAMENGLONG - MAHUR PKG-5,Transport,Central,Manipur,Tamenglong,Ongoing,Linear,NH_Act_1956,Highway,Section_3G_Award,252,Private_Agricultural,351.0,1302,2,4.5,TRUE,80.0,TRUE,95.0,Stage_1_In_Principle,182,TRUE,250,45,None,None,0,FALSE,1.10,Tier_1_National,10.5,0.95,6.0,Adequate,35,0.70,0.25,22.2,30,0.90,252
GEN/2026/164,TAMENGLONG - MAHUR PKG-6,Transport,Central,Manipur,Tamenglong,Ongoing,Linear,NH_Act_1956,Highway,Section_3G_Award,253,Private_Agricultural,351.5,1303,2,4.5,TRUE,80.0,TRUE,95.0,Stage_1_In_Principle,183,TRUE,250,45,None,None,0,FALSE,1.10,Tier_1_National,10.5,0.95,6.0,Adequate,35,0.70,0.25,22.3,30,0.90,253
GEN/2026/165,MARAM - PEREN PKG-3,Transport,Central,Manipur,Various,Ongoing,Linear,NH_Act_1956,Highway,Section_3G_Award,254,Private_Agricultural,352.0,1304,2,4.5,TRUE,80.0,TRUE,95.0,Stage_1_In_Principle,184,TRUE,250,45,None,None,0,FALSE,1.10,Tier_1_National,10.5,0.95,6.0,Adequate,35,0.70,0.25,22.4,30,0.90,254
GEN/2026/166,IMPHAL - KHONGSANG PKG-4,Transport,Central,Manipur,Imphal,Ongoing,Linear,NH_Act_1956,Highway,Section_3G_Award,255,Private_Agricultural,352.5,1305,2,4.5,TRUE,80.0,TRUE,95.0,Stage_1_In_Principle,185,TRUE,250,45,None,None,0,FALSE,1.10,Tier_1_National,10.5,0.95,6.0,Adequate,35,0.70,0.25,22.5,30,0.90,255
GEN/2026/167,2-LANING OF UKHRUL-TOLOI-TADUBI SECTION PKG-3,Transport,Central,Manipur,Ukhrul,Ongoing,Linear,NH_Act_1956,Highway,Section_3G_Award,256,Private_Agricultural,353.0,1306,2,4.5,TRUE,80.0,TRUE,95.0,Stage_1_In_Principle,186,TRUE,250,45,None,None,0,FALSE,1.10,Tier_1_National,10.5,0.95,6.0,Adequate,35,0.70,0.25,22.6,30,0.90,256
GEN/2026/168,MARIAM - PEREN PKG-2B,Transport,Central,Manipur,Various,Ongoing,Linear,NH_Act_1956,Highway,Section_3G_Award,257,Private_Agricultural,353.5,1307,2,4.5,TRUE,80.0,TRUE,95.0,Stage_1_In_Principle,187,TRUE,250,45,None,None,0,FALSE,1.10,Tier_1_National,10.5,0.95,6.0,Adequate,35,0.70,0.25,22.7,30,0.90,257
GEN/2026/169,CONSTRUCTION OF CHHIATHLANG - SERCHHIP BYPASS PKG-1,Transport,Central,Mizoram,Serchhip,Ongoing,Linear,NH_Act_1956,Highway,Section_3G_Award,258,Private_Agricultural,354.0,1308,2,4.5,TRUE,80.0,TRUE,95.0,Stage_1_In_Principle,188,TRUE,250,45,None,None,0,FALSE,1.10,Tier_1_National,10.5,0.95,6.0,Adequate,35,0.70,0.25,22.8,30,0.90,258
GEN/2026/170,2 LANE WITH PAVED SHOULDER OF SELLING-DULTE SECTION PKG-I,Transport,Central,Mizoram,Various,Ongoing,Linear,NH_Act_1956,Highway,Section_3G_Award,259,Private_Agricultural,354.5,1309,2,4.5,TRUE,80.0,TRUE,95.0,Stage_1_In_Principle,189,TRUE,250,45,None,None,0,FALSE,1.10,Tier_1_National,10.5,0.95,6.0,Adequate,35,0.70,0.25,22.9,30,0.90,259
GEN/2026/171,2 LANE WITH PAVED SHOULDER OF SELLING-DULTE SECTION PKG-III,Transport,Central,Mizoram,Various,Ongoing,Linear,NH_Act_1956,Highway,Section_3G_Award,260,Private_Agricultural,355.0,1310,2,4.5,TRUE,80.0,TRUE,95.0,Stage_1_In_Principle,190,TRUE,250,45,None,None,0,FALSE,1.10,Tier_1_National,10.5,0.95,6.0,Adequate,35,0.70,0.25,23.0,30,0.90,260
GEN/2026/172,DULTE-KWALKULH - CHAMPAI PKG.1,Transport,Central,Mizoram,Champai,Ongoing,Linear,NH_Act_1956,Highway,Section_3G_Award,261,Private_Agricultural,355.5,1311,2,4.5,TRUE,80.0,TRUE,95.0,Stage_1_In_Principle,191,TRUE,250,45,None,None,0,FALSE,1.10,Tier_1_National,10.5,0.95,6.0,Adequate,35,0.70,0.25,23.1,30,0.90,261
GEN/2026/173,DULTE-KWALKULH - CHAMPAI PKG.2,Transport,Central,Mizoram,Champai,Ongoing,Linear,NH_Act_1956,Highway,Section_3G_Award,262,Private_Agricultural,356.0,1312,2,4.5,TRUE,80.0,TRUE,95.0,Stage_1_In_Principle,192,TRUE,250,45,None,None,0,FALSE,1.10,Tier_1_National,10.5,0.95,6.0,Adequate,35,0.70,0.25,23.2,30,0.90,262
GEN/2026/174,DULTE-KWALKULH - CHAMPAI PKG.3,Transport,Central,Mizoram,Champai,Ongoing,Linear,NH_Act_1956,Highway,Section_3G_Award,263,Private_Agricultural,356.5,1313,2,4.5,TRUE,80.0,TRUE,95.0,Stage_1_In_Principle,193,TRUE,250,45,None,None,0,FALSE,1.10,Tier_1_National,10.5,0.95,6.0,Adequate,35,0.70,0.25,23.3,30,0.90,263
GEN/2026/175,TLABUNG - LUNGLEI PKG-A,Transport,Central,Mizoram,Lunglei,Ongoing,Linear,NH_Act_1956,Highway,Section_3G_Award,264,Private_Agricultural,357.0,1314,2,4.5,TRUE,80.0,TRUE,95.0,Stage_1_In_Principle,194,TRUE,250,45,None,None,0,FALSE,1.10,Tier_1_National,10.5,0.95,6.0,Adequate,35,0.70,0.25,23.4,30,0.90,264
GEN/2026/176,TLABUNG - LUNGLEI PKG-B,Transport,Central,Mizoram,Lunglei,Ongoing,Linear,NH_Act_1956,Highway,Section_3G_Award,265,Private_Agricultural,357.5,1315,2,4.5,TRUE,80.0,TRUE,95.0,Stage_1_In_Principle,195,TRUE,250,45,None,None,0,FALSE,1.10,Tier_1_National,10.5,0.95,6.0,Adequate,35,0.70,0.25,23.5,30,0.90,265
GEN/2026/177,KEIFANG - TUVAI PKG-1,Transport,Central,Mizoram,Various,Ongoing,Linear,NH_Act_1956,Highway,Section_3G_Award,266,Private_Agricultural,358.0,1316,2,4.5,TRUE,80.0,TRUE,95.0,Stage_1_In_Principle,196,TRUE,250,45,None,None,0,FALSE,1.10,Tier_1_National,10.5,0.95,6.0,Adequate,35,0.70,0.25,23.6,30,0.90,266
GEN/2026/178,UP-GRADATION OF NGOPA - PAWLRANG SECTION OF NH 102B,Transport,Central,Mizoram,Various,Ongoing,Linear,NH_Act_1956,Highway,Section_3G_Award,267,Private_Agricultural,358.5,1317,2,4.5,TRUE,80.0,TRUE,95.0,Stage_1_In_Principle,197,TRUE,250,45,None,None,0,FALSE,1.10,Tier_1_National,10.5,0.95,6.0,Adequate,35,0.70,0.25,23.7,30,0.90,267
GEN/2026/179,KEIFANG - TUVAI PKG-3,Transport,Central,Mizoram,Various,Ongoing,Linear,NH_Act_1956,Highway,Section_3G_Award,268,Private_Agricultural,359.0,1318,2,4.5,TRUE,80.0,TRUE,95.0,Stage_1_In_Principle,198,TRUE,250,45,None,None,0,FALSE,1.10,Tier_1_National,10.5,0.95,6.0,Adequate,35,0.70,0.25,23.8,30,0.90,268
GEN/2026/180,WIDENING AND UP-GRADATION TO 2-LANE WITH PAVED SHOULDER PKG-1,Transport,Central,Mizoram,Various,Ongoing,Linear,NH_Act_1956,Highway,Section_3G_Award,269,Private_Agricultural,359.5,1319,2,4.5,TRUE,80.0,TRUE,95.0,Stage_1_In_Principle,199,TRUE,250,45,None,None,0,FALSE,1.10,Tier_1_National,10.5,0.95,6.0,Adequate,35,0.70,0.25,23.9,30,0.90,269
GEN/2026/181,WIDENING AND UP-GRADATION TO 2-LANE WITH PAVED SHOULDER PKG-2,Transport,Central,Mizoram,Various,Ongoing,Linear,NH_Act_1956,Highway,Section_3G_Award,270,Private_Agricultural,360.0,1320,2,4.5,TRUE,80.0,TRUE,95.0,Stage_1_In_Principle,200,TRUE,250,45,None,None,0,FALSE,1.10,Tier_1_National,10.5,0.95,6.0,Adequate,35,0.70,0.25,24.0,30,0.90,270
GEN/2026/182,WIDENING AND UP-GRADATION TO 2-LANE WITH PAVED SHOULDER PKG-3,Transport,Central,Mizoram,Various,Ongoing,Linear,NH_Act_1956,Highway,Section_3G_Award,271,Private_Agricultural,360.5,1321,2,4.5,TRUE,80.0,TRUE,95.0,Stage_1_In_Principle,201,TRUE,250,45,None,None,0,FALSE,1.10,Tier_1_National,10.5,0.95,6.0,Adequate,35,0.70,0.25,24.1,30,0.90,271
GEN/2026/183,WIDENING AND UP-GRADATION TO 2-LANE WITH PAVED SHOULDER PKG-4,Transport,Central,Mizoram,Various,Ongoing,Linear,NH_Act_1956,Highway,Section_3G_Award,272,Private_Agricultural,361.0,1322,2,4.5,TRUE,80.0,TRUE,95.0,Stage_1_In_Principle,202,TRUE,250,45,None,None,0,FALSE,1.10,Tier_1_National,10.5,0.95,6.0,Adequate,35,0.70,0.25,24.2,30,0.90,272
GEN/2026/184,WIDENING AND UP-GRADATION TO 2-LANE WITH PAVED SHOULDER PKG-5,Transport,Central,Mizoram,Various,Ongoing,Linear,NH_Act_1956,Highway,Section_3G_Award,273,Private_Agricultural,361.5,1323,2,4.5,TRUE,80.0,TRUE,95.0,Stage_1_In_Principle,203,TRUE,250,45,None,None,0,FALSE,1.10,Tier_1_National,10.5,0.95,6.0,Adequate,35,0.70,0.25,24.3,30,0.90,273
GEN/2026/185,WIDENING AND UP-GRADATION TO 2-LANE WITH PAVED SHOULDER PKG-6,Transport,Central,Mizoram,Various,Ongoing,Linear,NH_Act_1956,Highway,Section_3G_Award,274,Private_Agricultural,362.0,1324,2,4.5,TRUE,80.0,TRUE,95.0,Stage_1_In_Principle,204,TRUE,250,45,None,None,0,FALSE,1.10,Tier_1_National,10.5,0.95,6.0,Adequate,35,0.70,0.25,24.4,30,0.90,274
GEN/2026/186,WIDENING AND UP-GRADATION TO 2-LANE WITH PAVED SHOULDER PKG-7,Transport,Central,Mizoram,Various,Ongoing,Linear,NH_Act_1956,Highway,Section_3G_Award,275,Private_Agricultural,362.5,1325,2,4.5,TRUE,80.0,TRUE,95.0,Stage_1_In_Principle,205,TRUE,250,45,None,None,0,FALSE,1.10,Tier_1_National,10.5,0.95,6.0,Adequate,35,0.70,0.25,24.5,30,0.90,275
GEN/2026/187,WIDENING AND UP-GRADATION TO 2-LANE WITH PAVED SHOULDER PKG-8,Transport,Central,Mizoram,Various,Ongoing,Linear,NH_Act_1956,Highway,Section_3G_Award,276,Private_Agricultural,363.0,1326,2,4.5,TRUE,80.0,TRUE,95.0,Stage_1_In_Principle,206,TRUE,250,45,None,None,0,FALSE,1.10,Tier_1_National,10.5,0.95,6.0,Adequate,35,0.70,0.25,24.6,30,0.90,276
GEN/2026/188,CONSTRUCTION OF 2 LANE OF SELLING-DULTE SECTION PKG-IV,Transport,Central,Mizoram,Various,Ongoing,Linear,NH_Act_1956,Highway,Section_3G_Award,277,Private_Agricultural,363.5,1327,2,4.5,TRUE,80.0,TRUE,95.0,Stage_1_In_Principle,207,TRUE,250,45,None,None,0,FALSE,1.10,Tier_1_National,10.5,0.95,6.0,Adequate,35,0.70,0.25,24.7,30,0.90,277
GEN/2026/189,AUGMENTATION OF DIMAPUR DEPOT,Energy,Central,Nagaland,Dimapur,Ongoing,Point,PMP_Act_1962,Refinery,Stage_2_Final_Approved,278,Government_Industrial,364.0,1328,2,4.5,TRUE,80.0,TRUE,95.0,Stage_1_In_Principle,208,TRUE,250,45,None,None,0,FALSE,1.10,Tier_1_National,10.5,0.95,6.0,Adequate,35,0.70,0.25,24.8,30,0.90,278
GEN/2026/190,NEW LINE FROM DIMAPUR TO ZUBZA,Transport,Central,Nagaland,Dimapur,Ongoing,Linear,Railway_Act_1989,Railway,Section_20G_Award_Declared,279,Private_Agricultural,364.5,1329,2,4.5,TRUE,80.0,TRUE,95.0,Stage_2_Final_Approved,209,TRUE,250,45,None,None,0,FALSE,1.10,Tier_1_National,10.5,0.95,6.0,Adequate,35,0.70,0.25,24.9,30,0.90,279
GEN/2026/191,PEREN-DIMAPUR SECTION PKG-2,Transport,Central,Nagaland,Dimapur,Ongoing,Linear,NH_Act_1956,Highway,Section_3G_Award,280,Private_Agricultural,365.0,1330,2,4.5,TRUE,80.0,TRUE,95.0,Stage_1_In_Principle,210,TRUE,250,45,None,None,0,FALSE,1.10,Tier_1_National,10.5,0.95,6.0,Adequate,35,0.70,0.25,25.0,30,0.90,280
GEN/2026/192,PEREN-DIMAPUR PKG-5,Transport,Central,Nagaland,Dimapur,Ongoing,Linear,NH_Act_1956,Highway,Section_3G_Award,281,Private_Agricultural,365.5,1331,2,4.5,TRUE,80.0,TRUE,95.0,Stage_1_In_Principle,211,TRUE,250,45,None,None,0,FALSE,1.10,Tier_1_National,10.5,0.95,6.0,Adequate,35,0.70,0.25,25.1,30,0.90,281
GEN/2026/193,CHANGTONGYA TO LONGLENG ROAD PKG-2,Transport,Central,Nagaland,Various,Ongoing,Linear,NH_Act_1956,Highway,Section_3G_Award,282,Private_Agricultural,366.0,1332,2,4.5,TRUE,80.0,TRUE,95.0,Stage_1_In_Principle,212,TRUE,250,45,None,None,0,FALSE,1.10,Tier_1_National,10.5,0.95,6.0,Adequate,35,0.70,0.25,25.2,30,0.90,282
GEN/2026/194,2 LANING OF KOHIMA - JESSAMI SECTION PACKAGE I,Transport,Central,Nagaland,Kohima,Ongoing,Linear,NH_Act_1956,Highway,Section_3G_Award,283,Private_Agricultural,366.5,1333,2,4.5,TRUE,80.0,TRUE,95.0,Stage_1_In_Principle,213,TRUE,250,45,None,None,0,FALSE,1.10,Tier_1_National,10.5,0.95,6.0,Adequate,35,0.70,0.25,25.3,30,0.90,283
GEN/2026/195,2 LANING OF KOHIMA - JESSAMI SECTION PACKAGE III,Transport,Central,Nagaland,Kohima,Ongoing,Linear,NH_Act_1956,Highway,Section_3G_Award,284,Private_Agricultural,367.0,1334,2,4.5,TRUE,80.0,TRUE,95.0,Stage_1_In_Principle,214,TRUE,250,45,None,None,0,FALSE,1.10,Tier_1_National,10.5,0.95,6.0,Adequate,35,0.70,0.25,25.4,30,0.90,284
GEN/2026/196,2-LANING OF CHANGTONGYA TO LONGLENG ROAD PKG-I,Transport,Central,Nagaland,Various,Ongoing,Linear,NH_Act_1956,Highway,Section_3G_Award,285,Private_Agricultural,367.5,1335,2,4.5,TRUE,80.0,TRUE,95.0,Stage_1_In_Principle,215,TRUE,250,45,None,None,0,FALSE,1.10,Tier_1_National,10.5,0.95,6.0,Adequate,35,0.70,0.25,25.5,30,0.90,285
GEN/2026/197,2 LANING OF KOHIMA - JESSAMI SECTION PACKAGE V,Transport,Central,Nagaland,Kohima,Ongoing,Linear,NH_Act_1956,Highway,Section_3G_Award,286,Private_Agricultural,368.0,1336,2,4.5,TRUE,80.0,TRUE,95.0,Stage_1_In_Principle,216,TRUE,250,45,None,None,0,FALSE,1.10,Tier_1_National,10.5,0.95,6.0,Adequate,35,0.70,0.25,25.6,30,0.90,286
GEN/2026/198,2-LANE WITH PAVED SHOULDER OF KOHIMA-BYPASS ROAD PKG-1,Transport,Central,Nagaland,Kohima,Ongoing,Linear,NH_Act_1956,Highway,Section_3G_Award,287,Private_Agricultural,368.5,1337,2,4.5,TRUE,80.0,TRUE,95.0,Stage_1_In_Principle,217,TRUE,250,45,None,None,0,FALSE,1.10,Tier_1_National,10.5,0.95,6.0,Adequate,35,0.70,0.25,25.7,30,0.90,287
GEN/2026/199,2-LANE WITH PAVED SHOULDER OF KOHIMA-BYPASS ROAD PKG-2,Transport,Central,Nagaland,Kohima,Ongoing,Linear,NH_Act_1956,Highway,Section_3G_Award,288,Private_Agricultural,369.0,1338,2,4.5,TRUE,80.0,TRUE,95.0,Stage_1_In_Principle,218,TRUE,250,45,None,None,0,FALSE,1.10,Tier_1_National,10.5,0.95,6.0,Adequate,35,0.70,0.25,25.8,30,0.90,288
GEN/2026/200,2-LANE WITH PAVED SHOULDER OF KOHIMA-BYPASS ROAD PKG-3,Transport,Central,Nagaland,Kohima,Ongoing,Linear,NH_Act_1956,Highway,Section_3G_Award,289,Private_Agricultural,369.5,1339,2,4.5,TRUE,80.0,TRUE,95.0,Stage_1_In_Principle,219,TRUE,250,45,None,None,0,FALSE,1.10,Tier_1_National,10.5,0.95,6.0,Adequate,35,0.70,0.25,25.9,30,0.90,289
MOSPI/701406,Rajiv Bhima Lift Irrigation Scheme,Water_Resources,State,Telangana,Mahabubnagar,Ongoing,Polygon,LARR_Act_2013,Lift_Irrigation,Physical_Possession_Taken,2480,Forest_and_Agricultural,2850.4,1420,2,4.8,FALSE,92.5,FALSE,91.0,Stage_2_Final_Approved,65,TRUE,380,45,None,Citizen_Activist_Protest,15,FALSE,1.42,Tier_1_National,14.5,0.88,5.8,Adequate,30,0.45,0.18,12.5,22,0.94,2280
MOSPI/702851,Pune Water Supply Infrastructure Project,Water_and_Sanitation,State,Maharashtra,Pune,Ongoing,Linear,LARR_Act_2013,Water_Supply_Network,Physical_Possession_Taken,1210,Government_and_Private_Urban,42.5,120,0,1.5,FALSE,98.5,FALSE,96.0,Not_Applicable,140,TRUE,15,48,None,None,0,FALSE,1.18,Tier_1_National,8.2,1.05,5.1,Surplus,18,0.35,0.12,14.0,15,0.97,1220
GAIL/701343,Srikakulam Angul Gas Pipeline Project,Energy,Central,Odisha & Andhra Pradesh,Srikakulam to Angul,Ongoing,Linear,PMP_Act_1962,Gas_Pipeline,RoU_Acquired,1780,Private_Agricultural_and_Forest,680.5,2850,3,3.5,FALSE,94.2,FALSE,95.5,Stage_2_Final_Approved,180,TRUE,85,24,None,Farmer_Crop_Compensation_Protest,12,FALSE,1.22,Tier_1_National,9.5,1.02,5.6,Adequate,28,0.65,0.20,6.5,18,0.95,730
IOCL/400078,New Mundra Panipat Crude Oil Pipeline,Energy,Central,Gujarat & Haryana,Mundra to Panipat,Ongoing,Linear,PMP_Act_1962,Pipeline,RoU_Acquired,1340,Private_Agricultural_Arid,1120.0,3400,1,2.0,FALSE,96.8,FALSE,97.0,Stage_2_Final_Approved,115,TRUE,45,12,None,None,0,FALSE,1.08,Tier_1_National,6.4,1.15,4.8,Surplus,20,0.20,0.08,22.0,14,0.98,580
PGCIL/611966,Evacuation RE Zone Khavda Gujarat Phase IV Part E4,Energy,Central,Gujarat,Kutch (Khavda),Ongoing,Linear,Indian_Telegraph_Act_1885,Power_Transmission_Line,Section_164_Conferred,420,Government_Arid_Wasteland,85.0,40,0,0.5,FALSE,99.0,FALSE,98.5,Not_Applicable,25,TRUE,0,0,None,None,0,FALSE,0.95,Tier_1_National,4.5,1.20,4.2,Adequate,18,0.10,0.05,35.0,12,0.99,305
MORTH/617949,Tadipatri Bypass NH-67,Transport,Central,Andhra Pradesh,Anantapuramu,Ongoing,Linear,NH_Act_1956,Highway,Section_3G_Award,680,Private_Agricultural,128.4,450,1,2.8,FALSE,82.4,TRUE,94.0,Stage_1_In_Principle,42,TRUE,65,18,None,None,0,FALSE,1.12,Tier_2_Regional,8.0,1.08,5.1,Surplus,22,0.30,0.12,16.0,16,0.96,90
MORTH/618051,Rehabilitation of NH-707 Hewna to Ashyari Pkg-2,Transport,Central,Himachal Pradesh,Sirmaur,Ongoing,Linear,NH_Act_1956,Highway,Section_3G_Award,1450,Mountainous_Forest,74.2,210,1,4.2,FALSE,78.5,TRUE,91.0,Stage_2_Final_Approved,35,TRUE,42,12,None,Landslide_Disruption,10,TRUE,1.48,Tier_2_Regional,18.2,0.85,6.4,Scarce,45,0.85,0.38,42.0,24,0.91,1005
MORTH/617915,Upgradation of Dindori-Sagartola NH-45,Transport,Central,Madhya Pradesh,Dindori,Ongoing,Linear,NH_Act_1956,Highway,Section_3G_Award,890,Forest_and_Agricultural,185.6,620,0,3.1,FALSE,88.2,TRUE,93.5,Stage_2_Final_Approved,48,TRUE,95,22,None,None,0,FALSE,1.15,Tier_2_Regional,9.5,1.05,5.2,Adequate,25,0.45,0.15,14.0,18,0.95,180
MORTH/618136,NH-361F Parli to Gangakhed Two-Four Laning,Transport,Central,Maharashtra,Beed & Parbhani,Ongoing,Linear,NH_Act_1956,Highway,Section_3G_Award,1120,Private_Agricultural,164.2,580,2,2.5,FALSE,92.0,TRUE,95.0,Stage_1_In_Principle,55,TRUE,110,28,None,None,0,FALSE,1.10,Tier_2_Regional,7.5,1.10,4.9,Surplus,20,0.35,0.14,12.5,15,0.96,700
MORTH/618175,Satana to Mangrul Chandwad NH-752G,Transport,Central,Maharashtra,Nashik,Ongoing,Linear,NH_Act_1956,Highway,Section_3G_Award,640,Private_Agricultural,145.0,490,0,1.8,FALSE,94.5,TRUE,96.0,Stage_2_Final_Approved,38,TRUE,75,16,None,None,0,FALSE,1.05,Tier_2_Regional,6.2,1.14,4.7,Surplus,18,0.32,0.10,15.0,14,0.97,275
MORTH/617887,Beawar Gomti 4LPS Pkg-1 NH-8,Transport,Central,Rajasthan,Rajsamand,Ongoing,Linear,NH_Act_1956,Highway,Section_3G_Award,1250,Private_Agricultural_Arid,210.5,740,1,2.0,FALSE,95.2,TRUE,96.5,Stage_2_Final_Approved,44,TRUE,85,25,None,None,0,FALSE,1.12,Tier_1_National,7.8,1.08,5.0,Adequate,20,0.18,0.08,28.0,15,0.96,790
MORTH/617981,NH-163 Manneguda to Ravunapally 2LPS,Transport,Central,Telangana,Vikarabad,Ongoing,Linear,NH_Act_1956,Highway,Physical_Possession_Taken,2340,Private_Agricultural,245.8,810,0,2.2,FALSE,99.1,TRUE,97.5,Stage_2_Final_Approved,62,TRUE,120,35,None,None,0,FALSE,1.25,Tier_2_Regional,10.2,0.98,5.4,Surplus,22,0.38,0.12,11.0,16,0.96,1980
MORTH/617982,Widening & Strengthening NH-163 km 159 to 215,Transport,Central,Telangana,Warangal,Ongoing,Linear,NH_Act_1956,Highway,Physical_Possession_Taken,2250,Private_Agricultural,112.5,420,1,1.5,FALSE,99.5,TRUE,98.0,Stage_2_Final_Approved,36,TRUE,54,18,None,None,0,FALSE,1.20,Tier_2_Regional,8.5,1.05,5.2,Surplus,20,0.35,0.11,10.5,15,0.97,1825
MORTH/617993,Alinagar to Miryalaguda NH-167 2LPS,Transport,Central,Telangana,Nalgonda,Ongoing,Linear,NH_Act_1956,Highway,Section_3G_Award,2210,Private_Agricultural,105.0,380,0,1.9,FALSE,98.2,TRUE,97.0,Stage_2_Final_Approved,30,TRUE,48,15,None,None,0,FALSE,1.18,Tier_2_Regional,8.0,1.06,5.1,Surplus,18,0.32,0.10,13.0,14,0.97,2220
NHAI/618749,Khammam Devarapalle Greenfield Pkg V,Transport,Central,Andhra Pradesh,West Godavari,Ongoing,Linear,NH_Act_1956,Highway,Section_3G_Award,890,Private_Agricultural,280.4,920,1,2.4,FALSE,88.4,TRUE,95.5,Stage_2_Final_Approved,58,TRUE,140,32,None,None,0,FALSE,1.08,Tier_1_National,6.5,1.12,4.8,Surplus,20,0.45,0.14,7.5,14,0.97,608
NHAI/618460,Delhi Vadodara Greenfield NH-148N Pkg-28,Transport,Central,Gujarat,Vadodara,Ongoing,Linear,NH_Act_1956,Highway,Section_3G_Award,1280,Private_Agricultural,315.6,1150,0,1.6,FALSE,97.4,TRUE,98.0,Stage_2_Final_Approved,64,TRUE,110,24,None,None,0,FALSE,1.02,Tier_1_National,5.2,1.18,4.5,Surplus,18,0.28,0.10,12.0,12,0.98,880
NHAI/618833,Kodinar Veraval NH-8E Package VI,Transport,Central,Gujarat,Gir Somnath,Ongoing,Linear,NH_Act_1956,Highway,Physical_Possession_Taken,2650,Coastal_and_Agricultural,290.2,980,2,3.2,FALSE,94.5,TRUE,95.0,Stage_2_Final_Approved,72,TRUE,165,40,None,None,0,FALSE,1.35,Tier_1_National,11.5,0.95,5.6,Adequate,24,0.40,0.18,4.5,18,0.95,2130
NHAI/619146,Kagvadar Una Package IV NH-8E,Transport,Central,Gujarat,Gir Somnath,Ongoing,Linear,NH_Act_1956,Highway,Physical_Possession_Taken,2810,Coastal_and_Agricultural,245.0,850,1,2.8,FALSE,95.8,TRUE,96.0,Stage_2_Final_Approved,58,TRUE,130,34,None,None,0,FALSE,1.32,Tier_1_National,10.8,0.98,5.4,Adequate,22,0.42,0.16,5.0,16,0.96,2460
NHAI/618577,Dwarka Expressway Pkg III Delhi HR Border to RoB,Transport,Central,Haryana,Gurugram,Completed,Linear,NH_Act_1956,Highway,Physical_Possession_Taken,2100,Private_Urban_Commercial,85.4,620,1,1.5,FALSE,99.2,TRUE,98.5,Not_Applicable,310,TRUE,180,140,None,None,0,FALSE,1.12,Tier_1_National,7.5,1.10,5.1,Surplus,16,0.12,0.08,25.0,12,0.99,1275
NICDC/707420,Gaya Integrated Manufacturing Cluster IMC,Industrial_Infrastructure,Central,Bihar,Gaya,Ongoing,Polygon,LARR_Act_2013,Industrial_Corridor,Section_11_Preliminary_Notification,420,Private_Agricultural,675.0,1850,2,5.2,TRUE,28.5,FALSE,92.0,Stage_1_Applied,45,TRUE,320,65,None,Farmer_Land_Protest,15,FALSE,1.15,Tier_1_National,7.2,1.05,5.2,Surplus,25,0.48,0.16,9.5,20,0.94,0
NICDC/701662,IMC Rajpura Patiala Development Project,Industrial_Infrastructure,Central,Punjab,Patiala,Ongoing,Polygon,LARR_Act_2013,Industrial_Corridor,Section_11_Preliminary_Notification,450,Private_Agricultural,442.5,1240,1,3.8,TRUE,32.0,FALSE,94.0,Stage_1_Applied,38,TRUE,210,48,None,None,0,FALSE,1.10,Tier_1_National,6.5,1.12,5.0,Adequate,22,0.35,0.12,12.0,18,0.95,0
NICDC/701661,Development of IMC Khurpia Farms under AKIC,Industrial_Infrastructure,Central,Uttarakhand,Udham Singh Nagar,Ongoing,Polygon,LARR_Act_2013,Industrial_Corridor,Section_11_Preliminary_Notification,430,Government_Agricultural,415.0,310,0,1.2,FALSE,65.0,FALSE,95.0,Stage_1_In_Principle,28,TRUE,85,15,None,None,0,FALSE,1.05,Tier_1_National,5.5,1.15,4.8,Surplus,20,0.55,0.18,6.5,16,0.97,0
JMRC/245986,Jaipur Metro Rail Phase 2 Prahladpura to Todi Mod,Transport,State,Rajasthan,Jaipur,Ongoing,Linear,LARR_Act_2013,Metro_Rail,Section_11_Preliminary_Notification,150,Private_Urban_Commercial_and_Govt,58.4,1120,0,2.5,TRUE,10.0,FALSE,95.0,Not_Applicable,195,TRUE,210,340,None,None,0,FALSE,1.05,Tier_1_National,5.2,1.15,4.8,Surplus,18,0.18,0.10,22.0,14,0.98,0
NTPC/298178,Meja Thermal Power Project Stage II 3x800 MW,Energy,Central,Uttar Pradesh,Prayagraj,Ongoing,Polygon,LARR_Act_2013,Thermal_Power_Plant,Section_11_Preliminary_Notification,120,Private_Agricultural_and_Barren,850.0,2100,1,2.8,FALSE,45.0,FALSE,93.0,Stage_1_Applied,45,TRUE,480,35,None,None,0,FALSE,1.08,Tier_1_National,6.5,1.10,5.0,Surplus,24,0.32,0.12,14.0,16,0.96,0
NHAI/619297,Upgradation NH-56 Vansda to Vapi Karvad,Transport,Central,Gujarat,Navsari & Valsad,Ongoing,Linear,NH_Act_1956,Highway,Section_3G_Award,210,Private_Agricultural,168.5,580,0,1.8,FALSE,82.0,TRUE,95.5,Stage_1_In_Principle,52,TRUE,95,24,None,None,0,FALSE,1.06,Tier_1_National,5.8,1.14,4.9,Surplus,20,0.45,0.15,8.0,15,0.97,0
NHAI/618731,Varanasi Ranchi Kolkata Highway Pkg 9 Chatra,Transport,Central,Jharkhand,Chatra,Ongoing,Linear,NH_Act_1956,Highway,Section_3G_Award,620,Private_Agricultural_and_Forest,245.0,890,2,4.5,TRUE,72.5,TRUE,92.5,Stage_1_Applied,68,TRUE,180,32,None,None,5,FALSE,1.18,Tier_1_National,8.5,1.02,5.5,Adequate,26,0.52,0.22,9.0,18,0.94,0
CPWD/617412,Central Tax Office Complex & Quarters Khajaguda,Social_Infrastructure,Central,Telangana,Hyderabad (Ranga Reddy),Ongoing,Point,LARR_Act_2013,Government_Buildings,Physical_Possession_Taken,540,Government_Urban,14.2,0,0,0.0,FALSE,100.0,FALSE,98.0,Not_Applicable,22,TRUE,0,0,None,None,0,FALSE,1.02,Tier_1_National,4.5,1.18,4.6,Surplus,15,0.25,0.08,18.0,12,0.99,0
MOHUA/707229,Integrated Command Control Center Port Blair,Urban_Infrastructure,Central,Andaman & Nicobar,South Andaman,Ongoing,Point,LARR_Act_2013,Smart_City_ABD,Physical_Possession_Taken,1450,Government_Urban,3.8,0,0,0.0,FALSE,100.0,FALSE,96.0,Not_Applicable,14,TRUE,0,0,None,None,0,FALSE,1.25,Tier_2_Regional,12.5,0.92,6.2,Scarce,35,0.65,0.25,4.0,20,0.93,880
NBCC/400188,Redevelopment Seven GPRA Colonies Delhi,Urban_Infrastructure,Central,Delhi,South Delhi,Ongoing,Polygon,LARR_Act_2013,Residential_Towers,Physical_Possession_Taken,2850,Government_Urban,210.0,0,3,0.0,FALSE,100.0,FALSE,94.0,Not_Applicable,480,TRUE,0,0,Heritage_Structure_Proximity,Tree_Felling_Protest,30,FALSE,1.45,Tier_1_National,14.5,0.88,5.8,Surplus,22,0.22,0.10,16.0,18,0.95,0
MOHUA/701719,Rehabilitation Junavadaj Smart City Project,Urban_Infrastructure,State,Gujarat,Ahmedabad,Ongoing,Polygon,LARR_Act_2013,Slum_Rehabilitation,Physical_Possession_Taken,3100,Government_Urban,18.5,1850,0,0.5,FALSE,99.5,FALSE,97.5,Not_Applicable,45,TRUE,1800,45,None,None,0,FALSE,1.08,Tier_1_National,6.2,1.12,4.5,Surplus,16,0.20,0.08,14.0,12,0.98,1460
MOHUA/701766,Green Building Development Dehradun,Urban_Infrastructure,State,Uttarakhand,Dehradun,Ongoing,Point,LARR_Act_2013,Commercial_Complex,Physical_Possession_Taken,1820,Government_Urban,6.4,0,0,0.0,FALSE,100.0,FALSE,96.5,Not_Applicable,18,TRUE,0,0,None,None,0,FALSE,1.15,Tier_2_Regional,7.5,1.05,5.0,Adequate,20,0.40,0.15,12.0,16,0.96,1125
PMRCL/702627,Patna Metro Rail Project Phase 1 Priority Corridor,Transport,State,Bihar,Patna,Ongoing,Linear,LARR_Act_2013,Metro_Rail,Physical_Possession_Taken,1850,Private_Urban_Commercial,48.5,1420,3,4.8,TRUE,88.5,FALSE,93.5,Not_Applicable,310,TRUE,420,580,None,Citizen_Activist_Protest,20,TRUE,1.38,Tier_2_Regional,15.5,0.92,6.0,Adequate,30,0.68,0.22,4.0,22,0.93,1215
DMRC/617207,Delhi Metro Phase IV Two Approved Corridors,Transport,Central,Delhi,Delhi,Ongoing,Linear,LARR_Act_2013,Metro_Rail,Section_11_Preliminary_Notification,250,Private_Urban_Commercial_and_Govt,24.5,420,0,1.8,FALSE,62.0,FALSE,96.0,Stage_1_Applied,140,TRUE,85,190,None,None,0,FALSE,1.05,Tier_1_National,5.2,1.15,4.8,Surplus,18,0.25,0.12,18.0,14,0.98,0
DMRC/619031,Delhi Metro Rail Phase V A Expansion,Transport,Central,Delhi,Delhi,Ongoing,Linear,LARR_Act_2013,Metro_Rail,Section_11_Preliminary_Notification,180,Private_Urban_Commercial_and_Govt,31.2,650,0,2.2,TRUE,15.0,FALSE,95.5,Not_Applicable,180,TRUE,110,240,None,None,0,FALSE,1.02,Tier_1_National,4.8,1.18,4.7,Surplus,16,0.22,0.10,16.5,14,0.98,0
DMRC/702632,DMRTS Phase IV 3 Priority Corridors Underground,Transport,Central,Delhi,Delhi,Ongoing,Linear,LARR_Act_2013,Metro_Rail,Physical_Possession_Taken,1980,Private_Urban_Commercial_and_Govt,52.8,1850,2,2.5,FALSE,96.5,FALSE,95.0,Stage_2_Final_Approved,620,TRUE,480,720,None,Tree_Felling_Protest,25,FALSE,1.18,Tier_1_National,9.2,1.05,5.2,Surplus,22,0.30,0.14,15.0,16,0.96,640
GMRCL/702630,Surat Metro Rail Project Phase 1 Corridors,Transport,State,Gujarat,Surat,Ongoing,Linear,LARR_Act_2013,Metro_Rail,Physical_Possession_Taken,1820,Private_Urban_Commercial,55.4,1240,1,2.0,FALSE,97.5,TRUE,97.0,Stage_2_Final_Approved,260,TRUE,280,490,None,None,0,FALSE,1.08,Tier_1_National,6.4,1.12,4.8,Surplus,18,0.45,0.15,6.5,14,0.97,1095
GMRL/619022,Millennium City Centre to Cyber City Gurugram,Transport,State,Haryana,Gurugram,Ongoing,Linear,LARR_Act_2013,Metro_Rail,Section_11_Preliminary_Notification,420,Private_Urban_Commercial_and_Govt,38.5,820,0,2.5,TRUE,35.0,FALSE,96.0,Not_Applicable,185,TRUE,140,310,None,None,0,FALSE,1.05,Tier_1_National,5.5,1.15,4.9,Surplus,18,0.15,0.08,24.0,14,0.98,0
BMRCL/612878,Bangalore Metro Rail Project Phase 3 Orange Line,Transport,State,Karnataka,Bengaluru Urban,Ongoing,Linear,KIADB_Act_1966,Metro_Rail,KIADB_Section_28(1)_Preliminary,210,Private_Urban_Commercial,44.8,950,1,3.2,TRUE,12.0,FALSE,94.5,Not_Applicable,240,TRUE,180,360,None,None,0,FALSE,1.08,Tier_1_National,6.2,1.12,5.0,Surplus,18,0.32,0.12,14.0,15,0.97,0
BMRCL/702635,Bangalore Metro Reach 6 Underground Dairy Circle,Transport,State,Karnataka,Bengaluru Urban,Ongoing,Linear,KIADB_Act_1966,Metro_Rail,Physical_Possession_Taken,2920,Private_Urban_Commercial,32.6,680,2,2.4,FALSE,97.5,FALSE,96.0,Stage_2_Final_Approved,480,TRUE,110,420,None,None,10,FALSE,1.38,Tier_1_National,12.5,0.92,5.8,Adequate,26,0.48,0.28,18.0,16,0.95,1980
BMRCL/702665,Bangalore Metro Phase 2A and 2B Airport Link,Transport,State,Karnataka,Bengaluru Urban,Ongoing,Linear,KIADB_Act_1966,Metro_Rail,Section_28_4_Declaration_Published,1450,Private_Urban_Commercial_and_Govt,58.2,740,1,2.0,FALSE,98.2,FALSE,97.0,Stage_2_Final_Approved,390,TRUE,145,290,None,None,0,FALSE,1.12,Tier_1_National,7.0,1.10,5.1,Surplus,20,0.35,0.12,15.5,15,0.98,0
KMRL/702664,Kochi Metro Rail Phase 2 JLN to Infopark,Transport,State,Kerala,Ernakulam (Kakkanad),Ongoing,Linear,LARR_Act_2013,Metro_Rail,Section_11_Preliminary_Notification,920,Private_Urban_Commercial,14.5,340,0,1.8,FALSE,85.0,FALSE,96.5,Not_Applicable,160,TRUE,45,180,None,None,5,FALSE,1.10,Tier_1_National,6.5,1.10,5.2,Adequate,24,0.72,0.22,2.5,16,0.97,0
MPMRCL/702625,Bhopal Metro Rail Project Orange & Blue Corridors,Transport,State,Madhya Pradesh,Bhopal,Ongoing,Linear,LARR_Act_2013,Metro_Rail,Physical_Possession_Taken,2040,Government_and_Private_Urban,42.0,850,1,2.5,FALSE,94.0,FALSE,95.0,Not_Applicable,310,TRUE,280,390,None,None,10,FALSE,1.22,Tier_1_National,9.5,1.02,5.4,Surplus,22,0.28,0.12,12.0,16,0.95,1300
MPMRCL/702626,Indore Metro Rail Project Yellow Line Ring,Transport,State,Madhya Pradesh,Indore,Ongoing,Linear,LARR_Act_2013,Metro_Rail,Physical_Possession_Taken,2050,Government_and_Private_Urban,46.5,920,0,2.0,FALSE,95.5,FALSE,95.5,Not_Applicable,340,TRUE,240,410,None,None,5,FALSE,1.20,Tier_1_National,8.8,1.05,5.2,Surplus,20,0.26,0.10,14.5,15,0.96,1400
MMRCL/617225,Pune Metro PCMC to Nigdi North Extension,Transport,State,Maharashtra,Pune & Pimpri Chinchwad,Ongoing,Linear,LARR_Act_2013,Metro_Rail,Section_11_Preliminary_Notification,420,Government_RoW_and_Urban,6.8,110,0,1.0,FALSE,75.0,FALSE,97.0,Not_Applicable,85,TRUE,35,75,None,None,0,FALSE,1.05,Tier_1_National,5.0,1.16,4.8,Surplus,16,0.32,0.10,12.0,14,0.98,0
MMRCL/617226,Pune Metro Swargate to Katraj Underground Line,Transport,State,Maharashtra,Pune,Ongoing,Linear,LARR_Act_2013,Metro_Rail,Section_11_Preliminary_Notification,380,Private_Urban_Commercial,8.4,180,0,1.5,FALSE,60.0,FALSE,96.0,Not_Applicable,110,TRUE,42,120,None,None,0,FALSE,1.08,Tier_1_National,5.8,1.14,4.9,Surplus,18,0.35,0.12,14.0,15,0.97,0
MMRCL/617327,Thane Integral Ring Metro Rail Project,Transport,State,Maharashtra,Thane,Ongoing,Linear,LARR_Act_2013,Metro_Rail,Section_11_Preliminary_Notification,340,Private_Urban_Commercial_and_Govt,42.5,1150,1,2.8,TRUE,25.0,FALSE,95.0,Not_Applicable,280,TRUE,180,390,None,None,0,FALSE,1.10,Tier_1_National,6.5,1.10,5.2,Surplus,22,0.58,0.18,3.5,16,0.97,0
MMRCL/618971,Pune Metro Corridor 2A Vanaz to Chandani Chowk,Transport,State,Maharashtra,Pune,Ongoing,Linear,LARR_Act_2013,Metro_Rail,Section_11_Preliminary_Notification,210,Private_Urban_Commercial,14.8,290,0,1.8,TRUE,18.0,FALSE,95.5,Not_Applicable,120,TRUE,65,110,None,None,0,FALSE,1.04,Tier_1_National,5.0,1.16,4.7,Surplus,16,0.30,0.10,12.5,14,0.98,0
MMRCL/618985,Pune Metro Line 4 Kharadi to Khadakwasla,Transport,State,Maharashtra,Pune,Ongoing,Linear,LARR_Act_2013,Metro_Rail,Section_11_Preliminary_Notification,160,Private_Urban_Commercial_and_Govt,38.2,740,0,2.2,TRUE,12.0,FALSE,95.0,Not_Applicable,210,TRUE,120,280,None,None,0,FALSE,1.05,Tier_1_National,5.2,1.15,4.8,Surplus,18,0.34,0.11,11.5,15,0.98,0
MOHUA/701745,New Suburban Station Development Project,Transport,Central,Maharashtra,Mumbai Suburban,Ongoing,Point,Railway_Act_1989,Railway_Station,Physical_Possession_Taken,2250,Government_Urban,8.5,45,0,0.5,FALSE,100.0,FALSE,96.0,Not_Applicable,85,TRUE,12,35,None,None,0,FALSE,1.20,Tier_1_National,9.5,1.02,5.2,Surplus,20,0.55,0.18,2.8,18,0.95,1480
MOHUA/701991,Kalyan Station Precinct Improvement Project,Urban_Infrastructure,State,Maharashtra,Thane (Kalyan),Ongoing,Polygon,LARR_Act_2013,Smart_City_ABD,Physical_Possession_Taken,2180,Government_and_Private_Urban,16.2,280,1,2.0,FALSE,96.5,FALSE,95.5,Not_Applicable,140,TRUE,85,180,None,None,5,FALSE,1.25,Tier_1_National,10.2,0.98,5.4,Surplus,22,0.60,0.20,3.0,18,0.95,1080
MMRC/702637,Mumbai Metro Line 3 Colaba Bandra SEEPZ,Transport,State,Maharashtra,Mumbai City & Suburban,Completed,Linear,LARR_Act_2013,Metro_Rail,Physical_Possession_Taken,3100,Private_Urban_Commercial_and_Govt,46.8,3450,4,3.5,FALSE,98.8,FALSE,96.5,Stage_2_Final_Approved,920,TRUE,1280,1950,None,Tree_Felling_Protest,45,TRUE,1.48,Tier_1_National,16.2,0.85,6.5,Adequate,30,0.82,0.32,1.8,20,0.96,880
MMRCL/702658,Nagpur Metro Rail Phase II Extensions,Transport,State,Maharashtra,Nagpur Metropolitan,Ongoing,Linear,LARR_Act_2013,Metro_Rail,Section_11_Preliminary_Notification,980,Private_Urban_Commercial_and_Govt,29.5,640,1,2.0,FALSE,88.5,FALSE,96.0,Not_Applicable,195,TRUE,110,210,None,None,0,FALSE,1.08,Tier_1_National,6.4,1.14,4.9,Surplus,18,0.28,0.10,12.0,15,0.98,0
DMRC/617206,Delhi Metro Phase IV Rithala Kundli Corridor,Transport,Central,Delhi & Haryana,North Delhi to Sonepat,Ongoing,Linear,LARR_Act_2013,Metro_Rail,Section_11_Preliminary_Notification,380,Private_Urban_and_Agricultural,36.5,780,0,2.5,TRUE,18.0,FALSE,95.0,Not_Applicable,190,TRUE,140,260,None,None,0,FALSE,1.05,Tier_1_National,5.5,1.15,4.9,Surplus,18,0.22,0.10,18.0,14,0.98,0
JMRC/612066,Jaipur Metro Phase 1C Badi Chaupar to Transport Nagar,Transport,State,Rajasthan,Jaipur,Ongoing,Linear,LARR_Act_2013,Metro_Rail,Section_11_Preliminary_Notification,520,Private_Urban_Commercial,6.2,140,0,1.2,FALSE,65.0,FALSE,96.5,Not_Applicable,85,TRUE,25,95,Heritage_Structure_Proximity,None,0,FALSE,1.10,Tier_1_National,6.0,1.12,4.8,Adequate,20,0.15,0.12,24.0,14,0.97,0
JMRC/612068,Jaipur Metro Phase 1D Mansarovar to Ajmer Road,Transport,State,Rajasthan,Jaipur,Ongoing,Linear,LARR_Act_2013,Metro_Rail,Section_11_Preliminary_Notification,480,Government_RoW_and_Urban,3.5,45,0,0.8,FALSE,85.0,FALSE,97.5,Not_Applicable,45,TRUE,10,35,None,None,0,FALSE,1.02,Tier_1_National,4.8,1.18,4.5,Surplus,15,0.15,0.08,22.0,12,0.98,0
CMRL/702668,Chennai Metro Rail Phase II 118.9 km Network,Transport,State,Tamil Nadu,Chennai Metropolitan,Ongoing,Linear,LARR_Act_2013,Metro_Rail,Section_3_1_Industrial_Notice_Issued,1120,Private_Urban_Commercial_and_Govt,142.0,7800,4,3.8,FALSE,88.5,FALSE,95.5,Stage_2_Final_Approved,1450,TRUE,1850,2400,None,None,12,FALSE,1.18,Tier_1_National,8.5,1.05,5.4,Adequate,25,0.65,0.20,3.8,18,0.96,0
NMRCL/616221,Noida Metro Aqua Line Extn Sec-142 to Botanical Garden,Transport,State,Uttar Pradesh,Noida,Ongoing,Linear,LARR_Act_2013,Metro_Rail,Section_11_Preliminary_Notification,280,Government_RoW_and_Urban,18.4,210,0,1.0,FALSE,70.0,FALSE,97.5,Not_Applicable,110,TRUE,45,120,None,None,0,FALSE,1.02,Tier_1_National,4.5,1.18,4.6,Surplus,16,0.20,0.08,12.0,12,0.98,0
UPMRC/619052,Lucknow Metro Phase 1B East West Corridor Charbagh,Transport,State,Uttar Pradesh,Lucknow,Ongoing,Linear,LARR_Act_2013,Metro_Rail,Section_11_Preliminary_Notification,210,Private_Urban_Commercial_and_Govt,22.5,480,0,1.8,TRUE,20.0,FALSE,96.0,Not_Applicable,195,TRUE,110,260,Heritage_Structure_Proximity,None,0,FALSE,1.05,Tier_1_National,5.2,1.15,4.8,Surplus,18,0.22,0.10,12.5,14,0.98,0
UPMRC/702628,Kanpur Metro Rail Project Central Underground Stretch,Transport,State,Uttar Pradesh,Kanpur,Ongoing,Linear,LARR_Act_2013,Metro_Rail,Physical_Possession_Taken,1880,Private_Urban_Commercial_and_Govt,42.8,1350,1,2.2,FALSE,96.5,TRUE,96.0,Stage_2_Final_Approved,380,TRUE,280,490,None,None,0,FALSE,1.12,Tier_1_National,7.5,1.08,5.1,Surplus,20,0.32,0.12,12.0,15,0.97,1035
UPMRC/702629,Agra Metro Rail Project Taj East to Jama Masjid,Transport,State,Uttar Pradesh,Agra,Ongoing,Linear,LARR_Act_2013,Metro_Rail,Physical_Possession_Taken,1720,Private_Urban_Commercial_and_Govt,36.4,980,1,1.8,FALSE,97.0,TRUE,97.0,Stage_2_Final_Approved,290,TRUE,190,340,Heritage_Structure_Proximity,None,0,FALSE,1.08,Tier_1_National,6.8,1.12,4.8,Surplus,18,0.25,0.10,16.0,14,0.98,1125
MOHUA/702674,Anantapur Urban Water Distribution Phase II,Water_and_Sanitation,State,Andhra Pradesh,Anantapuramu,Ongoing,Linear,LARR_Act_2013,Water_Supply_Network,Physical_Possession_Taken,2450,Government_RoW_and_Urban,12.5,40,0,0.8,FALSE,98.0,FALSE,96.0,Not_Applicable,85,TRUE,15,35,None,None,0,FALSE,1.18,Tier_2_Regional,9.2,1.02,5.2,Surplus,20,0.28,0.10,18.0,16,0.96,1250
MOHUA/702699,Muzaffarpur Storm Water Drainage Phase I Project,Water_and_Sanitation,State,Bihar,Muzaffarpur,Ongoing,Linear,LARR_Act_2013,Drainage_Network,Physical_Possession_Taken,2250,Government_and_Private_Urban,18.4,120,1,2.5,FALSE,96.0,FALSE,94.5,Not_Applicable,110,TRUE,45,95,None,None,0,FALSE,1.25,Tier_2_Regional,11.5,0.95,5.6,Surplus,24,0.72,0.22,3.5,20,0.94,975
MOHUA/702734,Sewerage Management Scheme Part 3 Haryana,Water_and_Sanitation,State,Haryana,Panipat,Ongoing,Linear,LARR_Act_2013,Sewage_Treatment_Plant,Physical_Possession_Taken,2450,Government_and_Private_Urban,15.8,60,0,1.2,FALSE,98.5,FALSE,96.5,Not_Applicable,95,TRUE,20,45,None,None,0,FALSE,1.12,Tier_2_Regional,7.5,1.08,4.9,Surplus,18,0.25,0.10,16.0,14,0.97,1095
MOHUA/702741,Dhanbad Water Supply Infrastructure Project,Water_and_Sanitation,State,Jharkhand,Dhanbad,Ongoing,Linear,LARR_Act_2013,Water_Supply_Network,Physical_Possession_Taken,2380,Government_and_Private_Urban,21.0,85,0,2.0,FALSE,97.0,FALSE,95.0,Not_Applicable,120,TRUE,35,70,None,None,5,FALSE,1.22,Tier_2_Regional,10.2,0.98,5.4,Surplus,22,0.45,0.16,11.0,18,0.95,1185
MOHUA/702742,SAAP 3 Water Supply Infrastructure Ranchi,Water_and_Sanitation,State,Jharkhand,Ranchi,Ongoing,Linear,LARR_Act_2013,Water_Supply_Network,Physical_Possession_Taken,2410,Government_and_Private_Urban,14.5,50,0,1.5,FALSE,98.2,FALSE,95.5,Not_Applicable,80,TRUE,22,55,None,None,0,FALSE,1.15,Tier_2_Regional,8.5,1.05,5.1,Surplus,20,0.40,0.14,12.5,16,0.96,975
SECR/612815,Nipania Bhatapara 14.4 km 4th Line SECR,Transport,Central,Chhattisgarh,Baloda Bazar,Ongoing,Linear,Railway_Act_1989,Railway,Section_20G_Award_Declared,680,Private_Agricultural,42.5,180,0,1.5,FALSE,82.0,FALSE,95.0,Stage_1_In_Principle,35,TRUE,45,10,None,None,0,FALSE,1.05,Tier_1_National,5.2,1.15,4.8,Surplus,18,0.35,0.12,12.0,15,0.97,0
RVNL/705433,Dallirajhra Rowghat New Railway Line Phase I,Transport,Central,Chhattisgarh,Balod & Kanker,Ongoing,Linear,Railway_Act_1989,Railway,Physical_Possession_Taken,4150,Forest_and_Agricultural,480.0,1850,2,4.8,FALSE,96.5,FALSE,92.5,Stage_2_Final_Approved,65,TRUE,420,48,None,Law_and_Order_LWE_Halt,180,TRUE,1.75,Tier_1_National,22.0,0.78,6.8,Scarce,45,0.65,0.24,8.5,28,0.90,90
IRCON/705444,Gevra Road Pendra Road New Coal Line 135 km,Transport,Central,Chhattisgarh,Korba & Bilaspur,Ongoing,Linear,Railway_Act_1989,Railway,Physical_Possession_Taken,3100,Forest_Agricultural_and_Coal,620.0,2400,1,3.5,FALSE,95.0,FALSE,94.0,Stage_2_Final_Approved,95,TRUE,540,75,None,None,15,FALSE,1.35,Tier_1_National,14.5,0.92,5.8,Adequate,30,0.50,0.20,10.0,20,0.94,1735
SECR/706854,Boridand Ambikapur 118 km Doubling Line,Transport,Central,Chhattisgarh,Koriya & Surguja,Ongoing,Linear,Railway_Act_1989,Railway,Section_20G_Award_Declared,850,Forest_and_Agricultural,295.0,950,1,2.8,FALSE,78.5,FALSE,93.5,Stage_2_Final_Approved,58,TRUE,210,32,None,None,0,FALSE,1.15,Tier_1_National,8.5,1.05,5.2,Adequate,25,0.48,0.18,11.5,18,0.95,0
SECR/709818,4th Line Rajnandgaon to Dongargarh 31 km,Transport,Central,Chhattisgarh,Rajnandgaon,Ongoing,Linear,Railway_Act_1989,Railway,Section_20G_Award_Declared,740,Private_Agricultural,88.4,320,0,1.8,FALSE,72.0,FALSE,95.0,Stage_1_In_Principle,42,TRUE,75,18,None,None,0,FALSE,1.08,Tier_1_National,6.5,1.12,4.9,Surplus,20,0.38,0.14,13.0,16,0.96,0
SECR/709819,3rd and 4th Line Saragbundia Madwarani SECR,Transport,Central,Chhattisgarh,Korba,Ongoing,Linear,Railway_Act_1989,Railway,Physical_Possession_Taken,820,Private_Agricultural_and_Forest,38.5,150,0,1.2,FALSE,92.0,FALSE,96.0,Stage_2_Final_Approved,28,TRUE,40,8,None,None,0,FALSE,1.05,Tier_1_National,5.5,1.15,4.8,Surplus,18,0.42,0.15,10.5,15,0.97,0
NR/705583,Anand Vihar Tilak Bridge 3rd and 4th Line,Transport,Central,Delhi,Delhi,Ongoing,Linear,Railway_Act_1989,Railway,Physical_Possession_Taken,3100,Government_Urban_RoW,18.2,180,1,0.5,FALSE,99.0,FALSE,96.0,Not_Applicable,140,TRUE,85,120,None,None,0,FALSE,1.38,Tier_1_National,12.5,0.92,5.5,Surplus,22,0.25,0.10,16.0,18,0.96,1735
SWR/706865,Chandorgaon Cansaulim Rail Flyover 16 km,Transport,Central,Goa,South Goa,Ongoing,Linear,Railway_Act_1989,Railway,Section_20F_Declaration,920,Private_Agricultural_and_Coastal,45.0,280,3,4.5,TRUE,15.0,FALSE,92.0,Stage_1_Applied,45,TRUE,65,45,None,Citizen_Activist_Protest,30,TRUE,1.25,Tier_1_National,9.5,0.95,5.6,Adequate,30,0.65,0.25,3.5,24,0.92,0
WR/611918,Kosamba Umarpada 69 km Gauge Conversion,Transport,Central,Gujarat,Surat,Ongoing,Linear,Railway_Act_1989,Railway,Physical_Possession_Taken,780,Private_Agricultural_and_Forest,145.0,420,0,1.8,FALSE,88.5,FALSE,95.5,Stage_2_Final_Approved,45,TRUE,85,22,None,None,0,FALSE,1.10,Tier_1_National,7.2,1.08,5.0,Surplus,20,0.35,0.12,12.0,16,0.96,0
WR/611943,New BG Line Naliya to Jakhau Port 24.8 km,Transport,Central,Gujarat,Kutch,Ongoing,Linear,Railway_Act_1989,Railway,Section_20G_Award_Declared,850,Coastal_Saline_and_Private,84.5,110,0,1.2,FALSE,78.0,FALSE,96.0,Stage_1_In_Principle,22,TRUE,30,5,None,None,0,FALSE,1.08,Tier_1_National,6.5,1.12,4.8,Adequate,22,0.22,0.18,8.5,15,0.96,31
WR/611945,Petlad Bhadran 22.5 km Gauge Conversion,Transport,Central,Gujarat,Anand,Ongoing,Linear,Railway_Act_1989,Railway,Physical_Possession_Taken,920,Private_Agricultural,58.4,180,0,1.0,FALSE,92.0,FALSE,97.0,Not_Applicable,35,TRUE,45,15,None,None,0,FALSE,1.05,Tier_1_National,5.5,1.15,4.7,Surplus,18,0.25,0.08,16.0,14,0.98,0
WR/611970,Samlaya Timba Road 53.5 km Gauge Conversion,Transport,Central,Gujarat,Vadodara & Panchmahal,Ongoing,Linear,Railway_Act_1989,Railway,Physical_Possession_Taken,780,Private_Agricultural,120.0,380,0,1.5,FALSE,89.5,FALSE,96.5,Stage_1_In_Principle,48,TRUE,75,20,None,None,0,FALSE,1.08,Tier_1_National,6.2,1.12,4.8,Surplus,20,0.30,0.10,14.0,15,0.97,0
WR/611971,Samni Jambusar 24 km Gauge Conversion,Transport,Central,Gujarat,Bharuch,Ongoing,Linear,Railway_Act_1989,Railway,Physical_Possession_Taken,940,Private_Agricultural_and_Saline,62.0,190,0,1.2,FALSE,94.0,FALSE,97.0,Not_Applicable,32,TRUE,40,12,None,None,0,FALSE,1.05,Tier_1_National,5.2,1.16,4.6,Surplus,18,0.28,0.12,10.0,14,0.98,0
WR/611974,Samakhiali Gandhidham Quadrupling 53 km,Transport,Central,Gujarat,Kutch,Ongoing,Linear,Railway_Act_1989,Railway,Section_20G_Award_Declared,650,Private_Agricultural_and_Saline,140.0,410,0,1.5,FALSE,85.0,FALSE,96.5,Not_Applicable,65,TRUE,95,24,None,None,0,FALSE,1.12,Tier_1_National,7.5,1.10,5.0,Adequate,20,0.25,0.15,12.5,16,0.96,365
WR/612072,Barejadi Nandej Geratpur Sanand 4th Line,Transport,Central,Gujarat,Ahmedabad,Ongoing,Linear,Railway_Act_1989,Railway,Section_20G_Award_Declared,810,Private_Agricultural_and_Urban,95.0,340,0,1.2,FALSE,88.0,FALSE,97.0,Not_Applicable,85,TRUE,110,38,None,None,0,FALSE,1.08,Tier_1_National,6.4,1.14,4.8,Surplus,18,0.22,0.08,15.0,14,0.98,485
WR/705458,Miyagam Karjan Dabhoi Samlaya 96 km GC,Transport,Central,Gujarat,Vadodara,Ongoing,Linear,Railway_Act_1989,Railway,Physical_Possession_Taken,2420,Private_Agricultural,210.0,650,0,1.8,FALSE,96.5,FALSE,96.0,Stage_1_In_Principle,85,TRUE,140,42,None,None,0,FALSE,1.20,Tier_1_National,9.5,1.05,5.2,Surplus,22,0.32,0.10,13.5,16,0.96,0
WR/706763,Rajkot Kanalus Doubling 111 km WR,Transport,Central,Gujarat,Rajkot & Jamnagar,Completed,Linear,Railway_Act_1989,Railway,Physical_Possession_Taken,1450,Private_Agricultural,260.0,780,0,1.4,FALSE,99.2,FALSE,98.0,Not_Applicable,110,TRUE,165,35,None,None,0,FALSE,0.95,Tier_1_National,4.5,1.22,4.2,Surplus,16,0.22,0.08,18.0,12,0.99,0
WR/709812,Nadiad Petlad 37 km Gauge Conversion,Transport,Central,Gujarat,Kheda & Anand,Ongoing,Linear,Railway_Act_1989,Railway,Physical_Possession_Taken,920,Private_Agricultural,82.5,240,0,1.1,FALSE,92.5,FALSE,97.0,Not_Applicable,45,TRUE,60,18,None,None,0,FALSE,1.05,Tier_1_National,5.5,1.16,4.6,Surplus,18,0.24,0.08,16.5,14,0.98,0
WR/709813,BG Line Intersection Geratpur Sanand Botad,Transport,Central,Gujarat,Ahmedabad,Ongoing,Linear,Railway_Act_1989,Railway,Section_20G_Award_Declared,750,Private_Agricultural,48.0,140,0,1.0,FALSE,82.0,FALSE,96.0,Not_Applicable,35,TRUE,45,12,None,None,0,FALSE,1.05,Tier_1_National,5.2,1.15,4.7,Surplus,18,0.25,0.09,14.5,15,0.97,0
NWR/611884,Doubling between Bhiwani Dobh Bahali 73 km,Transport,Central,Haryana,Bhiwani & Rohtak,Ongoing,Linear,Railway_Act_1989,Railway,Physical_Possession_Declared,810,Private_Agricultural,165.0,520,0,1.5,FALSE,94.5,FALSE,96.5,Not_Applicable,95,TRUE,120,30,None,None,0,FALSE,1.08,Tier_1_National,6.5,1.12,4.9,Surplus,18,0.18,0.08,20.0,14,0.98,245
ECR/617372,Pradhankhunta Patherdih Bazar Bhojudih Doubling,Transport,Central,Jharkhand,Dhanbad & Bokaro,Ongoing,Linear,Railway_Act_1989,Railway,Physical_Possession_Taken,680,Private_Agricultural_and_Coal,52.5,210,0,2.2,FALSE,91.0,FALSE,95.0,Stage_1_In_Principle,48,TRUE,85,25,None,None,0,FALSE,1.15,Tier_1_National,8.5,1.05,5.2,Surplus,22,0.42,0.16,11.0,16,0.96,0
NER/705567,Burhwal Gonda 3rd Line 61.7 km NER,Transport,Central,Uttar Pradesh,Barabanki & Gonda,Completed,Linear,Railway_Act_1989,Railway,Physical_Possession_Taken,2450,Private_Agricultural,145.0,490,0,1.2,FALSE,100.0,FALSE,98.5,Not_Applicable,110,TRUE,125,28,None,None,0,FALSE,0.95,Tier_1_National,4.8,1.20,4.4,Surplus,15,0.30,0.10,9.0,12,0.99,425
NR/705588,Janghai Pratapgarh Amethi Doubling 87 km,Transport,Central,Uttar Pradesh,Pratapgarh & Amethi,Ongoing,Linear,Railway_Act_1989,Railway,Physical_Possession_Taken,2250,Private_Agricultural,195.0,680,0,1.5,FALSE,97.5,FALSE,97.0,Not_Applicable,140,TRUE,160,35,None,None,0,FALSE,1.12,Tier_1_National,7.2,1.10,4.8,Surplus,18,0.28,0.10,11.5,14,0.97,365
NCR/705766,Lalitpur Birari with Flyover 15.8 km,Transport,Central,Uttar Pradesh,Lalitpur,Ongoing,Linear,Railway_Act_1989,Railway,Physical_Possession_Taken,1820,Private_Agricultural_and_Barren,48.5,160,0,1.2,FALSE,96.0,FALSE,97.0,Not_Applicable,38,TRUE,45,12,None,None,0,FALSE,1.08,Tier_1_National,6.0,1.14,4.7,Surplus,16,0.32,0.12,14.0,14,0.97,395
NCR/705772,Mughalsarai Allahabad 3rd Line 150 km,Transport,Central,Uttar Pradesh,Varanasi to Prayagraj,Ongoing,Linear,Railway_Act_1989,Railway,Physical_Possession_Taken,1980,Private_Agricultural,380.0,1420,1,1.8,FALSE,95.5,FALSE,96.5,Stage_2_Final_Approved,240,TRUE,310,65,None,None,0,FALSE,1.15,Tier_1_National,8.2,1.08,5.1,Surplus,20,0.35,0.12,8.5,16,0.96,90
NCR/705774,Aligarh Daud Khan 3rd Line and Flyover,Transport,Central,Uttar Pradesh,Aligarh,Ongoing,Linear,Railway_Act_1989,Railway,Physical_Possession_Taken,1850,Private_Agricultural,28.5,95,0,1.0,FALSE,98.0,FALSE,97.5,Not_Applicable,45,TRUE,35,10,None,None,0,FALSE,1.05,Tier_1_National,5.2,1.18,4.5,Surplus,15,0.22,0.08,15.0,12,0.98,790
NCR/705777,Bhandai Flyover Etawah Bound Trains 10 km,Transport,Central,Uttar Pradesh,Agra,Ongoing,Linear,Railway_Act_1989,Railway,Physical_Possession_Taken,620,Private_Agricultural,35.0,110,0,1.5,FALSE,82.0,FALSE,95.5,Not_Applicable,30,TRUE,40,12,None,None,0,FALSE,1.08,Tier_1_National,6.5,1.12,4.8,Surplus,18,0.24,0.08,18.0,14,0.97,365
RVNL/705780,Bhatni Aunrihar Doubling with Electrification,Transport,Central,Uttar Pradesh,Deoria to Ghazipur,Ongoing,Linear,Railway_Act_1989,Railway,Physical_Possession_Taken,2250,Private_Agricultural,280.0,920,0,1.4,FALSE,98.5,FALSE,97.5,Not_Applicable,180,TRUE,210,48,None,None,0,FALSE,1.05,Tier_1_National,5.8,1.16,4.6,Surplus,18,0.38,0.12,7.5,14,0.98,820
NR/705782,Barabanki Malhaur 3rd and 4th Line 32.8 km,Transport,Central,Uttar Pradesh,Barabanki & Lucknow,Ongoing,Linear,Railway_Act_1989,Railway,Physical_Possession_Taken,2180,Private_Agricultural_and_Urban,78.5,290,0,1.2,FALSE,96.8,FALSE,97.0,Not_Applicable,95,TRUE,110,32,None,None,0,FALSE,1.10,Tier_1_National,6.8,1.12,4.8,Surplus,18,0.26,0.10,10.0,14,0.97,520
ER/400247,Kalinarayanpur Krishnanagar Shantipur Nabadwip GC,Transport,Central,West Bengal,Nadia,Ongoing,Linear,Railway_Act_1989,Railway,Physical_Possession_Taken,3100,Private_Agricultural_and_Riparian,185.0,780,1,2.5,FALSE,91.0,FALSE,94.5,Stage_1_In_Principle,140,TRUE,240,65,None,None,10,FALSE,1.25,Tier_1_National,10.5,0.98,5.4,Adequate,24,0.70,0.22,3.2,18,0.95,395
ER/400273,Tarakeswar Bishnupur New Line with Extensions,Transport,Central,West Bengal,Hooghly & Bankura,Ongoing,Linear,Railway_Act_1989,Railway,Physical_Possession_Taken,3650,Private_Agricultural,310.0,1280,3,4.2,FALSE,89.5,FALSE,93.5,Stage_2_Final_Approved,190,TRUE,380,85,None,Farmer_Land_Protest,25,TRUE,1.45,Tier_1_National,15.5,0.88,5.8,Adequate,28,0.65,0.20,4.5,22,0.93,2525
NFR/612096,Balurghat Hilli New Broad Gauge Line,Transport,Central,West Bengal,Dakshin Dinajpur,Ongoing,Linear,Railway_Act_1989,Railway,Section_20G_Award_Declared,1850,Private_Agricultural,125.0,520,1,3.2,FALSE,74.5,FALSE,93.0,Stage_1_In_Principle,65,TRUE,140,30,None,None,0,FALSE,1.22,Tier_2_Regional,12.0,0.95,5.5,Adequate,26,0.75,0.24,3.0,20,0.94,0
NHIDCL/619184,NH-4 Middle Strait to Humphrey Kadamtala Pkg IIIA,Transport,Central,Andaman & Nicobar,Middle Andaman,Ongoing,Linear,NH_Act_1956,Highway,Physical_Possession_Taken,1850,Coastal_and_Forest,68.4,180,0,1.0,FALSE,96.0,FALSE,95.0,Stage_2_Final_Approved,24,TRUE,45,12,None,None,15,FALSE,1.38,Tier_2_Regional,16.5,0.85,6.5,Scarce,45,0.88,0.32,2.5,24,0.92,455
NHIDCL/619185,NH-4 Jarwa to Rangat Balance Work Pkg IIIB,Transport,Central,Andaman & Nicobar,Middle Andaman,Ongoing,Linear,NH_Act_1956,Highway,Physical_Possession_Taken,1920,Coastal_and_Forest,54.0,140,0,1.2,FALSE,94.5,FALSE,94.5,Stage_2_Final_Approved,20,TRUE,35,10,None,None,12,FALSE,1.35,Tier_2_Regional,15.8,0.88,6.4,Scarce,45,0.90,0.34,2.2,22,0.92,515
NHIDCL/619186,Major Bridge over Middle Strait Creek NH-4,Transport,Central,Andaman & Nicobar,Baratang Island,Ongoing,Point,NH_Act_1956,Bridge,Physical_Possession_Taken,2450,Marine_and_Mangrove,14.5,45,0,0.0,FALSE,98.0,FALSE,95.5,Stage_2_Final_Approved,12,TRUE,0,0,None,None,20,TRUE,1.55,Tier_1_National,22.0,0.78,7.2,Scarce,55,0.92,0.40,0.5,26,0.91,305
MORTH/617984,Gudivada Town 2 RoB and Road Improvement NH-165,Transport,Central,Andhra Pradesh,Krishna,Ongoing,Linear,NH_Act_1956,Highway,Physical_Possession_Taken,1450,Private_Urban_and_Agricultural,24.5,120,0,1.5,FALSE,96.5,TRUE,97.0,Not_Applicable,65,TRUE,45,28,None,None,0,FALSE,1.15,Tier_2_Regional,8.2,1.05,5.1,Surplus,18,0.45,0.14,4.5,15,0.96,670
MORTH/617985,Pamarru to Akiveedu NH-165 Two Laning with Paved Shoulder,Transport,Central,Andhra Pradesh,Krishna & West Godavari,Ongoing,Linear,NH_Act_1956,Highway,Physical_Possession_Taken,1880,Private_Agricultural_and_Aquaculture,165.0,620,0,2.1,FALSE,95.0,TRUE,96.0,Not_Applicable,110,TRUE,120,42,None,None,0,FALSE,1.25,Tier_2_Regional,10.5,0.98,5.4,Surplus,20,0.55,0.18,3.2,16,0.95,1275
MORTH/617986,Kurnool Kadapa Border Jammalamadugu NH-167K,Transport,Central,Andhra Pradesh,YSR Kadapa,Ongoing,Linear,NH_Act_1956,Highway,Section_3G_Award,1150,Private_Agricultural_Arid,72.5,240,0,1.2,FALSE,94.0,TRUE,96.5,Not_Applicable,38,TRUE,52,14,None,None,0,FALSE,1.05,Tier_2_Regional,5.5,1.15,4.8,Surplus,16,0.22,0.09,18.0,14,0.98,0
MORTH/617987,Nandyala Kurnool Kadapa Border NH-167K 2LPS,Transport,Central,Andhra Pradesh,Nandyal & Kurnool,Ongoing,Linear,NH_Act_1956,Highway,Section_3D/19_Declaration,480,Private_Agricultural,185.0,680,1,2.5,TRUE,48.0,TRUE,94.0,Stage_1_In_Principle,85,TRUE,140,32,None,None,0,FALSE,1.08,Tier_2_Regional,6.8,1.10,5.0,Surplus,18,0.25,0.10,16.5,15,0.97,0
NHAI/619154,Ghazipur Ballia UP Bihar Greenfield NH-31 Pkg III,Transport,Central,Uttar Pradesh & Bihar,Ballia,Ongoing,Linear,NH_Act_1956,Highway,Physical_Possession_Taken,1120,Private_Agricultural,185.4,720,0,1.6,FALSE,98.2,TRUE,97.5,Stage_1_In_Principle,85,TRUE,110,24,None,None,0,FALSE,1.08,Tier_1_National,6.4,1.14,4.9,Surplus,18,0.48,0.15,6.5,14,0.97,425
NHAI/618584,Kishanganj Bahadurganj NH-27 Four Laning,Transport,Central,Bihar & West Bengal,Kishanganj,Ongoing,Linear,NH_Act_1956,Highway,Section_3G_Award,420,Private_Agricultural,94.0,380,0,1.8,FALSE,82.0,TRUE,95.5,Stage_1_In_Principle,48,TRUE,65,18,None,None,0,FALSE,1.05,Tier_1_National,5.5,1.15,4.8,Adequate,20,0.68,0.20,3.0,16,0.97,0
NHAI/619064,Vadodara Mumbai Expressway Talsari Karvad Pkg X,Transport,Central,Maharashtra & Gujarat,Palghar & Valsad,Ongoing,Linear,NH_Act_1956,Highway,Physical_Possession_Taken,1450,Private_Agricultural_and_Tribal,185.0,920,2,3.5,FALSE,92.5,TRUE,95.0,Stage_2_Final_Approved,140,TRUE,280,45,None,None,0,FALSE,1.25,Tier_1_National,10.5,0.98,5.4,Surplus,22,0.60,0.22,4.5,18,0.95,1370
NHAI/618942,Khanapur KA Goa Border NH-4A Balance Works,Transport,Central,Karnataka & Goa,Belagavi,Ongoing,Linear,NH_Act_1956,Highway,Physical_Possession_Taken,1250,Mountainous_Forest_and_Western_Ghats,120.0,340,1,2.8,FALSE,96.0,TRUE,96.0,Stage_2_Final_Approved,52,TRUE,85,18,None,Active_NGT_Stay,20,TRUE,1.28,Tier_1_National,11.5,0.95,5.8,Adequate,28,0.85,0.30,12.0,20,0.94,1035
NHAI/618637,Fagne to Maharashtra Gujarat Border NH-6,Transport,Central,Maharashtra & Gujarat,Dhule & Navapur,Completed,Linear,NH_Act_1956,Highway,Physical_Possession_Taken,2180,Private_Agricultural_and_Tribal,360.0,1240,0,1.5,FALSE,99.8,TRUE,98.5,Stage_2_Final_Approved,115,TRUE,190,38,None,None,0,FALSE,1.10,Tier_1_National,6.8,1.12,4.8,Surplus,18,0.35,0.12,14.0,14,0.98,1550
NHAI/618486,Delhi Amritsar Katra Expressway Pkg V Kharak Pandwa,Transport,Central,Haryana & Punjab,Kaithal to Patiala,Ongoing,Linear,NH_Act_1956,Highway,Physical_Possession_Taken,1450,Private_Agricultural,295.0,1180,1,2.0,FALSE,99.0,TRUE,98.0,Not_Applicable,140,TRUE,180,32,None,Farmer_Compensation_Protest,15,TRUE,1.12,Tier_1_National,7.2,1.10,5.0,Adequate,18,0.22,0.08,12.5,14,0.97,820
NHAI/619093,Ismailabad to Ambala Section NH-152 4L Pkg 1,Transport,Central,Haryana & Punjab,Kurukshetra & Ambala,Ongoing,Linear,NH_Act_1956,Highway,Physical_Possession_Taken,1080,Private_Agricultural,145.0,540,0,1.2,FALSE,97.5,TRUE,97.5,Not_Applicable,85,TRUE,110,22,None,None,0,FALSE,1.05,Tier_1_National,5.8,1.15,4.7,Surplus,16,0.20,0.08,15.0,12,0.98,425
NHAI/619134,Ambala Chandigarh Greenfield 6L with Spur to Lalru,Transport,Central,Haryana & Punjab,Ambala & Mohali,Ongoing,Linear,NH_Act_1956,Highway,Physical_Possession_Taken,1120,Private_Agricultural,182.5,740,0,1.4,FALSE,98.5,TRUE,98.0,Not_Applicable,115,TRUE,140,35,None,None,0,FALSE,1.08,Tier_1_National,6.5,1.12,4.9,Surplus,18,0.22,0.08,18.0,14,0.98,335
NHAI/619216,Shamli Ambala Greenfield Highway Pkg III Sadopur,Transport,Central,Haryana & Punjab,Yamunanagar & Ambala,Ongoing,Linear,NH_Act_1956,Highway,Physical_Possession_Taken,1100,Private_Agricultural,225.0,890,0,1.5,FALSE,98.0,TRUE,98.0,Stage_1_In_Principle,95,TRUE,160,28,None,None,0,FALSE,1.06,Tier_1_National,6.0,1.14,4.8,Surplus,18,0.24,0.09,14.0,14,0.98,580
NHAI/618505,Gurgaon Jaipur NH-48 Additional Structures,Transport,Central,Haryana & Rajasthan,Gurugram to Kotputli,Ongoing,Linear,NH_Act_1956,Highway,Physical_Possession_Taken,1250,Private_Urban_Commercial,34.5,180,0,1.0,FALSE,99.0,TRUE,98.0,Not_Applicable,140,TRUE,45,95,None,None,0,FALSE,1.15,Tier_1_National,8.5,1.08,5.1,Surplus,16,0.18,0.08,22.0,12,0.97,790
NHAI/618691,Aligarh Palwal Section NH-334D Pkg II Kurana,Transport,Central,Haryana & Uttar Pradesh,Palwal & Aligarh,Ongoing,Linear,NH_Act_1956,Highway,Section_3G_Award,620,Private_Agricultural,135.0,520,0,1.8,FALSE,85.0,TRUE,96.0,Not_Applicable,72,TRUE,95,20,None,None,0,FALSE,1.05,Tier_1_National,5.5,1.15,4.7,Surplus,18,0.22,0.08,16.0,14,0.98,0
NHAI/618723,Shamli Ambala Greenfield Highway Pkg II Adhoya,Transport,Central,Haryana & Uttar Pradesh,Saharanpur & Yamunanagar,Ongoing,Linear,NH_Act_1956,Highway,Physical_Possession_Taken,1120,Private_Agricultural,210.0,840,0,1.4,FALSE,97.5,TRUE,98.0,Stage_1_In_Principle,88,TRUE,140,24,None,None,0,FALSE,1.06,Tier_1_National,6.2,1.14,4.8,Surplus,18,0.24,0.09,15.0,14,0.98,640
NHAI/619068,Jewar International Airport Greenfield Link from KMP,Transport,Central,Haryana & Uttar Pradesh,Faridabad & Gautam Buddha Nagar,Ongoing,Linear,NH_Act_1956,Highway,Physical_Possession_Taken,1280,Private_Agricultural,175.0,680,0,1.5,FALSE,98.5,TRUE,98.5,Not_Applicable,110,TRUE,125,25,None,None,0,FALSE,1.02,Tier_1_National,5.0,1.18,4.5,Surplus,15,0.20,0.08,14.0,12,0.99,670
NHAI/618907,Hoshiarpur to Una Section with Bypass NH-503A,Transport,Central,Punjab & Himachal Pradesh,Hoshiarpur & Una,Ongoing,Linear,NH_Act_1956,Highway,Section_3G_Award,680,Private_Agricultural_and_SubHimalayan,115.0,420,0,2.0,FALSE,86.0,TRUE,95.5,Stage_1_In_Principle,55,TRUE,85,22,None,None,0,FALSE,1.08,Tier_2_Regional,6.5,1.12,4.9,Adequate,20,0.45,0.15,18.0,15,0.97,0
NHAI/619066,Delhi Amritsar Katra Phase II Pkg XIV Balsua to Gurha,Transport,Central,Punjab & Jammu and Kashmir,Gurdaspur & Kathua,Ongoing,Linear,NH_Act_1956,Highway,Physical_Possession_Taken,1450,Private_Agricultural_and_SubHimalayan,245.0,980,1,2.2,FALSE,98.0,TRUE,97.5,Stage_2_Final_Approved,120,TRUE,165,30,None,None,10,FALSE,1.12,Tier_1_National,7.5,1.10,5.0,Adequate,22,0.38,0.14,14.0,15,0.97,760
NHAI/618533,Barwa Adda to Panagarh Six Laning NH-2,Transport,Central,Jharkhand & West Bengal,Dhanbad to Bardhaman,Completed,Linear,NH_Act_1956,Highway,Physical_Possession_Taken,3850,Private_Agricultural_and_Industrial,345.0,1650,2,2.8,FALSE,100.0,TRUE,97.5,Stage_2_Final_Approved,280,TRUE,450,110,None,None,15,FALSE,1.35,Tier_1_National,12.5,0.95,5.6,Surplus,25,0.42,0.15,8.0,18,0.95,3620
NHAI/618734,Varanasi Ranchi Kolkata Highway Pkg 13 Lepo to JH/WB,Transport,Central,Jharkhand & West Bengal,Bokaro & Purulia,Ongoing,Linear,NH_Act_1956,Highway,Section_3G_Award,640,Private_Agricultural_and_Forest,195.0,780,1,3.5,FALSE,85.0,TRUE,94.5,Stage_1_In_Principle,75,TRUE,120,25,None,None,5,FALSE,1.14,Tier_1_National,7.8,1.08,5.2,Adequate,24,0.50,0.18,9.5,16,0.96,0
NHAI/618909,Purulia to Chandil Section Old NH-32 Two Laning,Transport,Central,West Bengal & Jharkhand,Purulia & Seraikela Kharsawan,Ongoing,Linear,NH_Act_1956,Highway,Physical_Possession_Taken,2450,Private_Agricultural,165.0,680,1,2.2,FALSE,99.0,TRUE,97.0,Stage_2_Final_Approved,85,TRUE,140,32,None,None,0,FALSE,1.25,Tier_2_Regional,10.2,1.02,5.4,Surplus,22,0.48,0.16,8.5,16,0.96,1520
MORTH/619004,Dubrajpur Bypass 4 Lane NH-60 New NH-14,Transport,Central,West Bengal,Birbhum,Ongoing,Linear,NH_Act_1956,Highway,Section_3G_Award,650,Private_Agricultural,48.5,190,0,1.8,FALSE,78.5,TRUE,95.0,Not_Applicable,35,TRUE,45,15,None,None,0,FALSE,1.08,Tier_2_Regional,6.2,1.14,4.8,Surplus,18,0.38,0.12,12.0,15,0.97,0
NHIDCL/619187,Sevoke Rangpo Landslide Mitigation NH-10,Transport,Central,West Bengal,Darjeeling & Kalimpong,Ongoing,Linear,NH_Act_1956,Highway,Physical_Possession_Taken,620,Mountainous_Forest,18.4,40,0,0.0,FALSE,96.0,FALSE,94.0,Stage_2_Final_Approved,15,TRUE,0,0,None,Active_Landslide_Disruption,25,TRUE,1.45,Tier_2_Regional,18.5,0.85,6.5,Scarce,50,0.95,0.45,45.0,24,0.92,0
DOT/709859,Physical Infrastructure NICF at Ghitorni Delhi,Social_Infrastructure,Central,Delhi,South West Delhi,Ongoing,Point,LARR_Act_2013,Educational_Campus,Physical_Possession_Taken,3100,Government_Urban,12.5,0,0,0.0,FALSE,100.0,FALSE,98.0,Not_Applicable,28,TRUE,0,0,None,None,0,FALSE,1.35,Tier_1_National,11.5,0.95,5.4,Surplus,20,0.20,0.08,22.0,16,0.96,2405
DOT/701598,Provision 4G Mobile Services Meghalaya Highways,Communication,Central,Meghalaya,Khasi & Garo Hills,Ongoing,Linear,Indian_Telegraph_Act_1885,Telecom_Towers,RoU_Acquired,1980,Mountainous_Forest_and_Customary,22.0,0,0,12.5,FALSE,98.5,FALSE,95.0,Stage_2_Final_Approved,18,TRUE,0,0,None,None,15,FALSE,1.45,Tier_2_Regional,16.5,0.88,6.2,Scarce,45,0.92,0.35,28.0,22,0.93,1550
DOT/617413,Mobile Connectivity LWE Affected Areas Phase 1 Upgradation,Communication,Central,Multi-States (Central LWE Belt),Bastar to Junglemahal,Ongoing,Linear,Indian_Telegraph_Act_1885,Telecom_Towers,Physical_Possession_Taken,1100,Forest_and_Tribal_Government,35.0,0,1,5.5,FALSE,99.5,FALSE,96.0,Stage_2_Final_Approved,45,TRUE,0,0,None,Law_and_Order_LWE_Halt,45,TRUE,1.25,Tier_1_National,12.5,0.95,5.5,Scarce,35,0.55,0.22,12.0,24,0.94,580
DOT/701599,Mobile Connectivity LWE Affected Areas Phase 2,Communication,Central,Multi-States (Central LWE Belt),Bastar to Junglemahal,Ongoing,Linear,Indian_Telegraph_Act_1885,Telecom_Towers,Physical_Possession_Taken,2450,Forest_and_Tribal_Government,48.0,0,2,6.8,FALSE,98.0,FALSE,95.0,Stage_2_Final_Approved,55,TRUE,0,0,None,Law_and_Order_LWE_Halt,85,TRUE,1.45,Tier_1_National,16.8,0.88,5.8,Scarce,40,0.60,0.25,11.0,26,0.92,1340
DOT/701602,4G Mobile Services 7287 Villages in 44 Aspirational Districts,Communication,Central,Multi-States (5 States),AP CG JH MH OD,Ongoing,Linear,Indian_Telegraph_Act_1885,Telecom_Towers,Physical_Possession_Taken,1720,Government_and_Private_Rural,65.0,0,0,4.2,FALSE,96.5,FALSE,96.0,Stage_2_Final_Approved,65,TRUE,0,0,None,None,10,FALSE,1.32,Tier_1_National,12.2,0.92,5.6,Adequate,30,0.52,0.18,10.0,20,0.95,1155
DOT/701597,4G Mobile Services Arunachal Pradesh and 2 Districts Assam,Communication,Central,Arunachal Pradesh & Assam,Various Border Districts,Ongoing,Linear,Indian_Telegraph_Act_1885,Telecom_Towers,Physical_Possession_Taken,1920,Mountainous_Forest_and_Riparian,38.0,0,0,14.0,FALSE,99.2,FALSE,94.5,Stage_2_Final_Approved,24,TRUE,0,0,None,None,20,TRUE,1.48,Tier_2_Regional,18.2,0.82,6.5,Scarce,50,0.95,0.38,35.0,24,0.91,1250
DOT/704495,502 Aspirational District Scheme BR MP RJ UP,Communication,Central,Multi-States (4 States),BR MP RJ UP,Ongoing,Linear,Indian_Telegraph_Act_1885,Telecom_Towers,Physical_Possession_Taken,1850,Government_and_Private_Rural,42.0,0,0,2.5,FALSE,99.5,FALSE,97.0,Not_Applicable,48,TRUE,0,0,None,None,0,FALSE,1.15,Tier_1_National,8.5,1.05,5.1,Surplus,22,0.35,0.12,12.0,16,0.96,1550
DOT/108841,Amended BharatNet Program KTK GOA PY,Communication,Central,Multi-States (South),Karnataka Goa Puducherry,Ongoing,Linear,Indian_Telegraph_Act_1885,OFC_Optical_Fiber,RoU_Acquired,620,Government_RoW_and_Rural,120.0,0,0,1.2,FALSE,92.0,FALSE,97.0,Not_Applicable,140,TRUE,0,0,None,None,0,FALSE,1.05,Tier_1_National,5.5,1.15,4.8,Surplus,18,0.40,0.12,12.0,14,0.98,0
NR/220100133,Udhampur Srinagar Baramulla Rail Link (USBRL),Transport,Central,Jammu & Kashmir,Udhampur Reasi Ramban Srinagar,Ongoing,Linear,Railways_Act_1989,Railway,Physical_Possession_Taken,4250,Mountainous_Forest_and_Riparian,865.4,3200,6,14.5,TRUE,94.2,FALSE,93.0,Stage_2_Final_Approved,95,TRUE,650,180,None,Active_NGT_Stay,60,TRUE,1.95,Tier_1_National,28.5,0.72,6.8,Scarce,55,0.92,0.45,45.0,28,0.89,8060
NHAI/N24000488,Four Laning of Udhampur Ramban Section NH-1A,Transport,Central,Jammu & Kashmir,Udhampur to Ramban,Ongoing,Linear,NH_Act_1956,Highway,Physical_Possession_Taken,2850,Mountainous_Forest,198.5,480,2,3.5,FALSE,98.2,TRUE,97.0,Stage_2_Final_Approved,52,TRUE,140,45,None,Landslide_Disruption,25,TRUE,1.45,Tier_1_National,22.0,0.82,6.2,Scarce,45,0.95,0.40,40.0,24,0.93,2160
NHAI/N24000717,Stand Alone Ring Road Bypass Jammu City EPC Mode,Transport,Central,Jammu & Kashmir,Jammu,Completed,Linear,NH_Act_1956,Highway,Physical_Possession_Taken,2450,Private_Agricultural_and_SubHimalayan,285.6,850,1,2.2,FALSE,99.2,TRUE,98.0,Stage_2_Final_Approved,65,TRUE,180,55,None,None,0,FALSE,1.08,Tier_1_National,6.5,1.12,5.0,Surplus,18,0.35,0.12,18.0,14,0.98,1157
NHIDCL/N24000868,Jammu Akhnoor 4LPS NH-144A Ganesh Vihar,Transport,Central,Jammu & Kashmir,Jammu to Akhnoor,Ongoing,Linear,NH_Act_1956,Highway,Physical_Possession_Taken,2250,Private_Agricultural_and_SubHimalayan,64.2,320,0,1.8,FALSE,96.5,TRUE,96.5,Stage_2_Final_Approved,38,TRUE,85,28,None,None,0,FALSE,1.15,Tier_2_Regional,9.5,1.05,5.4,Adequate,22,0.40,0.15,16.0,16,0.96,1249
NHIDCL/N24001253,Z-Morh Tunnel Approaches NH-1 Srinagar Sonamarg,Transport,Central,Jammu & Kashmir,Ganderbal,Ongoing,Linear,NH_Act_1956,Tunnel,Physical_Possession_Taken,1720,Mountainous_Forest,42.5,65,0,0.0,FALSE,98.5,FALSE,97.0,Stage_2_Final_Approved,12,TRUE,15,0,None,None,10,TRUE,1.25,Tier_1_National,14.5,0.92,5.8,Scarce,45,0.92,0.36,50.0,22,0.95,213
NHIDCL/N24001256,Connecting Road Z-Morh Tunnel to Zojila Tunnel 14 km,Transport,Central,Jammu & Kashmir,Ganderbal to Kargil,Ongoing,Linear,NH_Act_1956,Highway,Physical_Possession_Taken,1490,Mountainous_Forest_and_Barren,88.4,110,0,0.0,FALSE,95.5,FALSE,94.0,Stage_2_Final_Approved,18,TRUE,20,5,None,None,15,TRUE,1.38,Tier_1_National,19.5,0.85,6.4,Scarce,55,0.96,0.42,55.0,25,0.92,0
NHIDCL/N24001264,Goha Khellani Two Laning Paved Shoulder km 12 to 20,Transport,Central,Jammu & Kashmir,Doda,Ongoing,Linear,NH_Act_1956,Highway,Physical_Possession_Taken,1520,Mountainous_Forest,32.4,95,0,1.2,FALSE,96.0,TRUE,95.0,Stage_2_Final_Approved,24,TRUE,35,8,None,Landslide_Disruption,10,FALSE,1.22,Tier_2_Regional,12.5,0.95,5.6,Scarce,38,0.88,0.32,32.0,18,0.94,975
NHIDCL/N24001266,Goha Khellani 2LPS km 20 to 29 NH-244,Transport,Central,Jammu & Kashmir,Doda,Ongoing,Linear,NH_Act_1956,Highway,Physical_Possession_Taken,1520,Mountainous_Forest,36.8,110,0,1.5,FALSE,97.2,TRUE,95.5,Stage_2_Final_Approved,28,TRUE,40,10,None,None,5,FALSE,1.20,Tier_2_Regional,11.8,0.96,5.5,Scarce,36,0.85,0.30,30.0,18,0.95,975
SCCL/N06000211,Indaram Opencast Coal Mine RCE Project,Mining,Central,Telangana,Mancherial,Ongoing,Polygon,Coal_Bearing_Areas_Act_1957,Coal_Mine,Section_9_1_Declaration,2580,Forest_and_Agricultural,485.0,1250,2,8.5,TRUE,88.5,FALSE,92.0,Stage_2_Final_Approved,35,TRUE,420,45,None,Tribal_Displacement_Protest,35,TRUE,1.28,Tier_1_National,15.5,0.92,5.8,Adequate,30,0.45,0.20,8.5,22,0.94,1460
SCCL/N06000213,Kalyanikhani Opencast Project RCE,Mining,Central,Telangana,Mancherial,Ongoing,Polygon,Coal_Bearing_Areas_Act_1957,Coal_Mine,Physical_Possession_Taken,3100,Forest_and_Agricultural,520.0,1400,1,6.5,FALSE,92.0,FALSE,93.5,Stage_2_Final_Approved,40,TRUE,380,35,None,None,20,TRUE,1.22,Tier_1_National,14.0,0.95,5.5,Adequate,28,0.42,0.18,9.0,20,0.95,1825
SCCL/N06000214,Kakatiyakhani Opencast 2 Mine RCE Project,Mining,Central,Telangana,Jayashankar Bhupalpally,Ongoing,Polygon,Coal_Bearing_Areas_Act_1957,Coal_Mine,Section_9_1_Declaration,2580,Forest_and_Agricultural,640.0,1650,2,9.2,TRUE,82.5,FALSE,91.0,Stage_2_Final_Approved,48,TRUE,510,60,None,Tribal_Displacement_Protest,40,TRUE,1.35,Tier_1_National,18.0,0.88,6.0,Adequate,32,0.50,0.22,7.5,24,0.92,1825
SCCL/N06000258,Goleti Opencast Coal Mine Project,Mining,Central,Telangana,Kumuram Bheem Asifabad,Ongoing,Polygon,Coal_Bearing_Areas_Act_1957,Coal_Mine,Section_9_1_Declaration,1150,Forest_and_Agricultural,410.0,920,0,4.5,FALSE,65.0,FALSE,94.0,Stage_1_Applied,28,TRUE,180,22,None,None,10,FALSE,1.15,Tier_1_National,9.5,1.05,5.2,Adequate,25,0.38,0.16,10.0,18,0.95,0
HITES/N21000031,AIIMS Bibinagar Planning Designing Execution,Social_Infrastructure,Central,Telangana,Yadadri Bhuvanagiri,Ongoing,Polygon,LARR_Act_2013,Hospital_Campus,Physical_Possession_Taken,2100,Government_Agricultural,80.9,0,0,0.0,FALSE,100.0,FALSE,97.5,Not_Applicable,35,TRUE,0,0,None,None,0,FALSE,1.18,Tier_1_National,7.5,1.08,5.2,Surplus,18,0.28,0.10,14.0,15,0.97,214
CPWD/N28000098,National Animal Resource Facility Biomedical Hyderabad,Social_Infrastructure,Central,Telangana,Hyderabad (Genome Valley),Completed,Point,LARR_Act_2013,Educational_Campus,Physical_Possession_Taken,2850,Government_Industrial,41.2,0,0,0.0,FALSE,100.0,FALSE,98.5,Not_Applicable,22,TRUE,0,0,None,None,0,FALSE,1.05,Tier_1_National,5.2,1.15,4.8,Surplus,15,0.22,0.08,16.0,12,0.99,1644
NTPC/N18000212,Telangana Super Thermal Power Project Phase I 2x800MW,Energy,Central,Telangana,Peddapalli (Ramagundam),Completed,Polygon,LARR_Act_2013,Thermal_Power_Plant,Physical_Possession_Taken,3150,Government_Industrial,950.0,350,0,1.2,FALSE,99.5,FALSE,98.0,Stage_2_Final_Approved,65,TRUE,120,25,None,None,0,FALSE,1.10,Tier_1_National,6.5,1.12,4.9,Surplus,20,0.32,0.12,12.0,14,0.98,1187
SCR/N22000032,Manoharabad Kothapalli New Broad Gauge Line,Transport,Central,Telangana,Medak Siddipet Karimnagar,Ongoing,Linear,Railways_Act_1989,Railway,Physical_Possession_Taken,6750,Private_Agricultural,890.0,2850,3,4.5,FALSE,96.0,FALSE,94.0,Stage_2_Final_Approved,110,TRUE,450,75,None,Farmer_Land_Protest,25,TRUE,1.55,Tier_1_National,16.5,0.88,6.2,Adequate,35,0.38,0.14,11.0,22,0.93,5479
SCR/N22000432,Manmad Nanded Secunderabad TCAS Kavach 958 km,Transport,Central,Maharashtra & Telangana,Nanded to Secunderabad,Ongoing,Linear,Railways_Act_1989,Railway_Signaling,Physical_Possession_Taken,2720,Government_Rail_RoW,15.0,0,0,0.0,FALSE,100.0,FALSE,98.0,Not_Applicable,85,TRUE,0,0,None,None,0,FALSE,1.25,Tier_1_National,8.5,1.02,5.5,Surplus,25,0.20,0.08,15.0,18,0.96,0
CPWD/N10000015,DG GSI State of Art Building Salt Lake Sec-V,Social_Infrastructure,Central,West Bengal,Kolkata (Salt Lake),Ongoing,Point,LARR_Act_2013,Government_Buildings,Physical_Possession_Taken,1980,Government_Urban,2.4,0,0,0.0,FALSE,100.0,FALSE,96.5,Not_Applicable,15,TRUE,0,0,None,None,0,FALSE,1.48,Tier_2_Regional,16.5,0.85,6.0,Surplus,24,0.65,0.22,2.8,20,0.94,1279
BPCL/N16000234,Irugur Devangonthi Petroleum Product Pipeline,Energy,Central,Tamil Nadu & Karnataka,Coimbatore to Bengaluru Rural,Ongoing,Linear,PMP_Act_1962,Pipeline,RoU_Acquired,4350,Private_Agricultural_and_Industrial,185.0,1450,8,12.5,TRUE,65.0,FALSE,88.0,Stage_1_Applied,140,TRUE,85,24,None,Farmer_Right_of_Way_Protest,85,TRUE,1.65,Tier_1_National,22.0,0.78,6.5,Adequate,35,0.35,0.12,16.0,26,0.91,3256
CR/220100181,Ahmednagar Parli Vaijnath New Line Central Railway,Transport,Central,Maharashtra,Ahmednagar Beed Parli,Ongoing,Linear,Railways_Act_1989,Railway,Physical_Possession_Taken,10050,Private_Agricultural,1250.0,4600,6,8.2,FALSE,94.5,FALSE,92.5,Stage_2_Final_Approved,180,TRUE,850,140,None,Citizen_Activist_Protest,45,TRUE,1.85,Tier_1_National,24.5,0.75,7.2,Adequate,40,0.40,0.15,12.5,28,0.90,1825
NFR/N22000205,New BG Rail Line Byrnihat to Shillong,Transport,Central,Meghalaya,Ri-Bhoi & East Khasi Hills,Ongoing,Linear,Railways_Act_1989,Railway,Section_20A_Notification,3100,Mountainous_Forest_and_Customary,201.3,850,5,28.5,TRUE,15.0,FALSE,85.0,Stage_1_Applied,45,TRUE,180,45,Religious_Shrine,Tribal_NGO_Protest_KSU,120,TRUE,1.92,Tier_2_Regional,28.5,0.65,7.8,Scarce,55,0.92,0.42,28.0,30,0.85,1279
NHAI/N24001770,Obedullaganj Budni 4L NH-69 Ratapani Sanctuary,Transport,Central,Madhya Pradesh,Raisen & Sehore,Ongoing,Linear,NH_Act_1956,Highway,Section_3G_Award,950,Forest_and_Wildlife_Eco_Sensitive,65.4,140,2,4.5,FALSE,88.0,TRUE,94.0,Stage_2_Final_Approved,28,TRUE,35,8,None,Active_NGT_Stay,15,FALSE,1.15,Tier_1_National,8.5,1.05,5.2,Adequate,22,0.48,0.18,14.0,16,0.95,0
BSNL/N26000114,Consolidation CDR and NIB-P3 Data Centers,Communication,Central,Multi-States (Central),Delhi MH TS TN,Ongoing,Point,LARR_Act_2013,IT_Data_Center,Physical_Possession_Taken,2450,Government_Urban,6.5,0,0,0.0,FALSE,100.0,FALSE,97.0,Not_Applicable,12,TRUE,0,0,None,None,0,FALSE,1.25,Tier_1_National,10.2,0.98,5.4,Surplus,20,0.25,0.08,18.0,18,0.96,1825
GMRC/N28000122,Ahmedabad Metro Rail Project Phase 1,Transport,Joint,Gujarat,Ahmedabad,Completed,Linear,Metro_Railways_Act_1978,Metro_Rail,Physical_Possession_Taken,3600,Private_Urban_Commercial_and_Govt,78.5,2450,1,1.5,FALSE,99.5,TRUE,98.5,Stage_2_Final_Approved,380,TRUE,420,680,None,None,0,FALSE,0.98,Tier_1_National,5.5,1.18,4.5,Surplus,16,0.28,0.10,14.0,12,0.98,1825
NALCO/N10000012,Conversion Flat Bottom Settlers Washers HRDS DCWS,Mining,Central,Odisha,Koraput (Damanjodi),Ongoing,Point,LARR_Act_2013,Refinery,Physical_Possession_Taken,3200,Government_Industrial,18.5,0,0,0.0,FALSE,100.0,FALSE,96.0,Not_Applicable,25,TRUE,0,0,None,None,10,FALSE,1.35,Tier_1_National,14.5,0.88,6.2,Adequate,30,0.55,0.20,8.5,20,0.94,1765
MORTH/N24000872,Upgradation Morena Porsa Road 2LPS NH-552G,Transport,Central,Madhya Pradesh,Morena,Completed,Linear,NH_Act_1956,Highway,Physical_Possession_Taken,2380,Private_Agricultural,84.5,310,0,1.8,FALSE,98.5,TRUE,97.0,Not_Applicable,42,TRUE,65,18,None,None,0,FALSE,1.08,Tier_2_Regional,6.8,1.10,5.0,Surplus,18,0.25,0.10,15.0,14,0.97,1704
NHAI/N24001185,Six Laning Chakeri to Allahabad Section NH-2,Transport,Central,Uttar Pradesh,Kanpur to Prayagraj,Completed,Linear,NH_Act_1956,Highway,Physical_Possession_Taken,2480,Private_Agricultural_and_Urban,345.0,1850,0,1.2,FALSE,99.8,TRUE,98.5,Stage_2_Final_Approved,240,TRUE,280,310,None,None,0,FALSE,0.95,Tier_1_National,5.2,1.18,4.6,Surplus,16,0.30,0.10,10.0,12,0.99,670
MMRC/N28000086,Mumbai Metro Line 3 Colaba Bandra SEEPZ Car Depot,Transport,Joint,Maharashtra,Mumbai City & Suburban,Completed,Linear,Metro_Railways_Act_1978,Metro_Rail,Physical_Possession_Taken,4050,Coastal_and_Government,48.2,3600,5,2.8,FALSE,99.0,FALSE,96.0,Stage_2_Final_Approved,950,TRUE,1350,2100,None,Active_Citizen_Protest,60,TRUE,1.48,Tier_1_National,18.5,0.82,6.5,Adequate,32,0.85,0.35,1.5,22,0.95,1370
NHAI/N24000462,Four Laning of Goa Karnataka Border Kundapur NH-17,Transport,Central,Karnataka,Uttara Kannada & Udupi,Completed,Linear,NH_Act_1956,Highway,Physical_Possession_Taken,3750,Coastal_Private_and_Western_Ghats,395.0,2100,3,4.2,FALSE,98.0,TRUE,96.0,Stage_2_Final_Approved,280,TRUE,410,180,Religious_Shrine,Citizen_Activist_Protest,30,TRUE,1.42,Tier_1_National,16.0,0.88,5.8,Adequate,35,0.88,0.28,3.5,22,0.94,2525
WR/N22000504,Anand Godhra Doubling Rail Project 79 km WR,Transport,Central,Gujarat,Anand & Panchmahal,Ongoing,Linear,Railways_Act_1989,Railway,Physical_Possession_Taken,2720,Private_Agricultural,120.0,420,0,1.4,FALSE,98.5,FALSE,97.5,Not_Applicable,85,TRUE,110,25,None,None,0,FALSE,1.05,Tier_1_National,5.5,1.15,4.8,Surplus,18,0.28,0.10,14.0,14,0.98,1735
MORTH/N24001173,Major Bridge km 180 River Krishna NH-167 Hagari,Transport,Central,Telangana & Karnataka,Mahabubnagar to Raichur,Ongoing,Point,NH_Act_1956,Bridge,Physical_Possession_Taken,2780,Riverbed_and_Agricultural,22.4,85,0,1.0,FALSE,98.0,TRUE,96.5,Not_Applicable,18,TRUE,25,5,None,None,0,FALSE,1.18,Tier_2_Regional,9.2,1.05,5.2,Surplus,22,0.55,0.20,4.5,16,0.96,2008
NFR/N22000183,New Bongaigaon Rangia Kamakhya Rail Doubling,Transport,Central,Assam,Bongaigaon Baksa Kamrup,Completed,Linear,Railways_Act_1989,Railway,Physical_Possession_Taken,4150,Private_Agricultural_and_Riparian,285.0,1420,1,3.2,FALSE,99.2,FALSE,96.0,Stage_2_Final_Approved,140,TRUE,280,65,None,None,15,FALSE,1.18,Tier_1_National,11.5,0.98,5.4,Adequate,30,0.78,0.25,3.2,20,0.95,1765
NHIDCL/N24001310,Kailashahar to Khowai Package 3 NH-208,Transport,Central,Tripura,Unakoti & Khowai,Completed,Linear,NH_Act_1956,Highway,Physical_Possession_Taken,1420,Private_Agricultural_and_Hilly,68.5,240,0,1.8,FALSE,98.5,TRUE,97.0,Stage_2_Final_Approved,35,TRUE,45,12,None,None,0,FALSE,1.08,Tier_2_Regional,7.5,1.10,5.0,Adequate,24,0.72,0.24,6.5,16,0.96,304
NMCG/N30000021,Muzaffarnagar Interception Diversion and STP Namami Gange,Water_and_Sanitation,Central,Uttar Pradesh,Muzaffarnagar,Completed,Polygon,LARR_Act_2013,Sewage_Treatment_Plant,Physical_Possession_Taken,2050,Government_and_Private_Urban,18.2,65,0,0.8,FALSE,100.0,FALSE,98.0,Not_Applicable,48,TRUE,15,35,None,None,0,FALSE,1.02,Tier_1_National,4.5,1.18,4.5,Surplus,15,0.30,0.10,12.0,12,0.98,547
NR/N22000467,Chandigarh Baddi New Rail Line Project,Transport,Central,Chandigarh & Himachal Pradesh,Solan,Ongoing,Linear,Railways_Act_1989,Railway,Section_20G_Award_Declared,6350,Hilly_Agricultural_and_Industrial,84.5,620,2,8.5,TRUE,58.0,FALSE,88.0,Stage_1_Applied,58,TRUE,140,45,None,Farmer_Land_Protest,35,TRUE,1.55,Tier_1_National,22.5,0.82,6.5,Adequate,36,0.55,0.22,14.5,24,0.92,822
NHAI/N24000556,Four Laning Rampur Kathgodam Section NH-87 km 0 to 43,Transport,Central,Uttar Pradesh & Uttarakhand,Rampur to Udham Singh Nagar,Completed,Linear,NH_Act_1956,Highway,Physical_Possession_Taken,3100,Private_Agricultural,210.0,950,1,2.5,FALSE,99.0,TRUE,97.5,Stage_2_Final_Approved,120,TRUE,180,48,None,None,0,FALSE,1.22,Tier_1_National,10.5,1.05,5.2,Surplus,20,0.48,0.15,8.0,16,0.96,1765
ECOR/N22000409,Vizianagaram Sambalpur 3rd Rail Line,Transport,Central,Odisha & Andhra Pradesh,Rayagada Koraput Vizianagaram,Ongoing,Linear,Railways_Act_1989,Railway,Section_20G_Award_Declared,12850,Forest_Tribal_and_Agricultural,425.0,1850,2,4.8,FALSE,88.5,FALSE,93.5,Stage_2_Final_Approved,115,TRUE,380,55,None,None,10,FALSE,1.20,Tier_1_National,11.5,1.02,5.5,Adequate,30,0.52,0.22,9.0,20,0.94,730
NFR/N22000208,Murkongselek Pasighat New Broad Gauge Rail Line,Transport,Central,Assam & Arunachal Pradesh,Dhemaji & East Siang,Ongoing,Linear,Railways_Act_1989,Railway,Section_20F_Declaration,4850,Riverbed_Forest_and_Customary,165.0,540,2,14.2,TRUE,68.0,FALSE,89.0,Stage_1_Applied,42,TRUE,120,25,None,Tribal_Land_Compensation_Dispute,45,TRUE,1.65,Tier_2_Regional,24.0,0.78,6.8,Scarce,48,0.85,0.35,3.0,26,0.89,1674
ONGC/N16000349,Sustained Evacuation of Gas Gandhar Compressor Pipeline,Energy,Central,Gujarat,Bharuch,Completed,Linear,PMP_Act_1962,Gas_Pipeline,RoU_Acquired,2180,Private_Agricultural_and_Industrial,28.5,110,0,1.2,FALSE,98.5,FALSE,97.0,Not_Applicable,35,TRUE,10,5,None,None,0,FALSE,1.05,Tier_1_National,5.2,1.15,4.7,Surplus,18,0.25,0.12,8.5,14,0.98,973
WCR/220100314,Ramganjmandi Bhopal New Line West Central Railway,Transport,Central,Rajasthan & Madhya Pradesh,Jhalawar Rajgarh Bhopal,Ongoing,Linear,Railways_Act_1989,Railway,Physical_Possession_Taken,8550,Private_Agricultural_and_Forest,820.0,3100,3,4.5,FALSE,94.0,FALSE,93.0,Stage_2_Final_Approved,145,TRUE,520,85,None,Farmer_Land_Protest,20,TRUE,1.48,Tier_1_National,16.5,0.92,5.8,Adequate,32,0.38,0.14,14.0,22,0.93,1735
MMRC/N28000157,PCMC to Nigdi Corridor 1 Extension Pune Metro,Transport,Joint,Maharashtra,Pimpri Chinchwad,Ongoing,Linear,Metro_Railways_Act_1978,Metro_Rail,Section_11_Preliminary_Notification,1050,Government_RoW_and_Urban,6.8,110,0,0.8,FALSE,82.0,FALSE,97.5,Not_Applicable,85,TRUE,35,75,None,None,0,FALSE,1.02,Tier_1_National,4.5,1.18,4.6,Surplus,15,0.30,0.08,12.0,12,0.98,0
KMRL/N28000158,Kochi Metro Phase II JLN Stadium to Infopark Kakkanad,Transport,Joint,Kerala,Ernakulam,Ongoing,Linear,Metro_Railways_Act_1978,Metro_Rail,Physical_Possession_Taken,2980,Private_Urban_Commercial,14.8,380,0,1.5,FALSE,94.0,FALSE,96.5,Not_Applicable,165,TRUE,45,190,None,None,5,FALSE,1.08,Tier_1_National,6.2,1.12,5.0,Adequate,22,0.72,0.22,2.5,15,0.97,0
KMRL/N28000159,Kochi Metro Phase 1B SN Junction to Thripunithura,Transport,Joint,Kerala,Ernakulam,Completed,Linear,Metro_Railways_Act_1978,Metro_Rail,Physical_Possession_Taken,2650,Private_Urban_Commercial,4.2,95,0,1.0,FALSE,100.0,TRUE,98.5,Not_Applicable,65,TRUE,15,48,None,None,0,FALSE,0.95,Tier_1_National,4.8,1.20,4.4,Surplus,16,0.68,0.20,2.2,12,0.99,0
MMRC/N28000160,Pune Metro Phase 1 Underground Extension Swargate to Katraj,Transport,Joint,Maharashtra,Pune Urban,Ongoing,Linear,Metro_Railways_Act_1978,Metro_Rail,Section_11_Preliminary_Notification,720,Private_Urban_Commercial,8.6,190,0,1.2,FALSE,68.0,FALSE,96.5,Not_Applicable,115,TRUE,40,125,None,None,0,FALSE,1.05,Tier_1_National,5.5,1.15,4.8,Surplus,16,0.32,0.10,13.5,14,0.98,0
BPB/N30000001,Protection Majuli Island from Flood Erosion Brahmaputra,Water_Resources,Central,Assam,Majuli,Completed,Point,LARR_Act_2013,River_Embankment,Physical_Possession_Taken,2750,Riverbed_and_Alluvial,42.5,180,0,2.5,FALSE,98.5,FALSE,95.0,Not_Applicable,12,TRUE,45,10,None,None,10,FALSE,1.25,Tier_2_Regional,15.5,0.92,5.8,Scarce,40,0.85,0.35,1.5,24,0.93,1460
PPA/N30000002,Polavaram National Irrigation Dam Spillway Project,Water_Resources,Central,Andhra Pradesh,Eluru & ASR,Ongoing,Polygon,LARR_Act_2013,Multi_Purpose_Dam,R&R_Implementation,5650,Forest_Agricultural_and_Riverbed,48500.0,46500,4,6.2,FALSE,72.5,FALSE,91.0,Stage_2_Final_Approved,85,TRUE,31000,750,None,Public_Agitation_Tribal_R&R,110,TRUE,1.78,Tier_1_National,16.2,0.82,6.0,Adequate,35,0.78,0.38,1.2,22,0.94,2190
UKJN/N30000004,Interception and Diversion STP Works at Rishikesh,Water_and_Sanitation,State,Uttarakhand,Dehradun (Rishikesh),Completed,Polygon,LARR_Act_2013,Sewage_Treatment_Plant,Physical_Possession_Taken,2720,Government_and_Riparian,12.4,45,0,1.2,FALSE,99.2,FALSE,97.0,Not_Applicable,25,TRUE,10,15,None,None,0,FALSE,1.05,Tier_2_Regional,6.2,1.12,4.8,Adequate,20,0.45,0.18,8.5,15,0.97,820
UPJN/N30000006,Interception Diversion STP Naini Phaphamau Jhusi,Water_and_Sanitation,State,Uttar Pradesh,Prayagraj,Completed,Polygon,LARR_Act_2013,Sewage_Treatment_Plant,Physical_Possession_Taken,2680,Government_and_Private_Alluvial,28.5,120,0,1.5,FALSE,99.0,FALSE,97.5,Not_Applicable,65,TRUE,18,32,None,None,0,FALSE,1.08,Tier_1_National,6.5,1.14,4.7,Surplus,18,0.42,0.15,6.5,14,0.98,639
UPJN/N30000008,Farrukhabad Interception Diversion and STP Works,Water_and_Sanitation,State,Uttar Pradesh,Farrukhabad,Ongoing,Polygon,LARR_Act_2013,Sewage_Treatment_Plant,Physical_Possession_Taken,2520,Government_and_Private_Alluvial,16.4,85,0,1.8,FALSE,96.5,FALSE,96.0,Not_Applicable,48,TRUE,12,24,None,None,0,FALSE,1.12,Tier_2_Regional,7.8,1.08,5.0,Surplus,20,0.45,0.16,7.0,16,0.96,975
MRTP/N22000135,East West Metro Corridor Howrah Maidan Salt Lake,Transport,Central,West Bengal,Kolkata & Howrah,Completed,Linear,Metro_Railways_Act_1978,Metro_Rail,Physical_Possession_Taken,4850,Private_Urban_Commercial_and_Riverbed,24.5,1850,4,3.2,FALSE,99.5,FALSE,95.0,Not_Applicable,450,TRUE,850,1120,Heritage_Structure_Proximity,Bowbazar_Building_Subsidence,45,TRUE,1.65,Tier_1_National,22.5,0.78,6.8,Surplus,28,0.65,0.30,1.5,24,0.95,2920
WR/N22000534,Mehsana Palanpur Rail Doubling 65 km WR,Transport,Central,Gujarat,Mehsana & Banaskantha,Ongoing,Linear,Railways_Act_1989,Railway,Physical_Possession_Taken,1450,Private_Agricultural,95.0,310,0,1.2,FALSE,92.0,FALSE,96.5,Not_Applicable,72,TRUE,90,20,None,None,0,FALSE,1.05,Tier_1_National,5.2,1.16,4.7,Surplus,16,0.18,0.08,22.0,14,0.98,0
SR/N22000215,Madurai Tuticorin Broad Gauge via Aruppukkottai,Transport,Central,Tamil Nadu,Madurai Virudhunagar Thoothukudi,Ongoing,Linear,Railways_Act_1989,Railway,Section_20G_Award_Declared,3450,Private_Agricultural,245.0,850,1,2.5,FALSE,84.5,FALSE,94.0,Stage_1_In_Principle,95,TRUE,180,45,None,Farmer_Land_Compensation_Protest,15,FALSE,1.25,Tier_1_National,11.5,0.98,5.4,Surplus,22,0.35,0.12,12.0,18,0.95,1825
NHIDCL/N24000744,Major Bridge Middle Strait Creek Andaman NH-223,Transport,Central,Andaman & Nicobar,Baratang Island,Ongoing,Point,NH_Act_1956,Bridge,Physical_Possession_Taken,2850,Marine_and_Mangrove,16.2,50,0,0.0,FALSE,97.5,FALSE,95.0,Stage_2_Final_Approved,14,TRUE,0,0,None,None,20,TRUE,1.58,Tier_1_National,24.0,0.75,7.4,Scarce,60,0.95,0.42,0.5,28,0.90,730
NHAI/N24000606,Two Laning with 4L Formation Proposed Shimla Bypass,Transport,Central,Himachal Pradesh,Shimla,Ongoing,Linear,NH_Act_1956,Highway,Physical_Possession_Taken,3100,Mountainous_Forest,145.0,420,2,4.8,FALSE,89.5,TRUE,93.5,Stage_2_Final_Approved,85,TRUE,110,35,None,Landslide_Disruption,30,TRUE,1.52,Tier_1_National,21.5,0.80,6.5,Scarce,48,0.92,0.38,42.0,24,0.92,1460
NHIDCL/N24000748,Middle Strait to Humphrey Pur NH-4 km 107 to 129,Transport,Central,Andaman & Nicobar,Middle Andaman,Completed,Linear,NH_Act_1956,Highway,Physical_Possession_Taken,2850,Coastal_and_Forest,72.4,190,0,1.2,FALSE,98.5,FALSE,95.5,Stage_2_Final_Approved,26,TRUE,48,15,None,None,10,FALSE,1.32,Tier_2_Regional,14.5,0.90,6.2,Scarce,42,0.88,0.30,2.5,22,0.93,1217
NHAI/N24000724,Six Laning Aurangabad to Chordaha Bihar Jharkhand Border,Transport,Central,Bihar & Jharkhand,Aurangabad to Gaya,Completed,Linear,NH_Act_1956,Highway,Physical_Possession_Taken,2450,Private_Agricultural,295.0,1180,1,2.0,FALSE,99.5,TRUE,98.0,Stage_2_Final_Approved,160,TRUE,240,55,None,None,0,FALSE,1.10,Tier_1_National,6.5,1.12,4.9,Surplus,20,0.42,0.15,10.0,15,0.97,0
NHIDCL/N24001407,Peren to Dimapur Road Package 5 NH-129A,Transport,Central,Nagaland,Peren & Dimapur,Ongoing,Linear,NH_Act_1956,Highway,Section_3G_Award,1650,Mountainous_Forest_and_Customary,58.4,180,0,14.5,FALSE,82.0,TRUE,92.5,Stage_1_In_Principle,35,TRUE,65,18,None,Landowner_Dispute,25,FALSE,1.28,Tier_2_Regional,15.5,0.88,6.2,Scarce,42,0.92,0.36,36.0,22,0.91,730
NHAI/N24000471,Four Laning of Ramban to Banihal Section NH-1A,Transport,Central,Jammu & Kashmir,Ramban,Ongoing,Linear,NH_Act_1956,Highway,Physical_Possession_Taken,3100,Mountainous_Forest,215.0,520,2,2.5,FALSE,97.5,TRUE,95.5,Stage_2_Final_Approved,75,TRUE,165,70,None,Active_Landslide_Disruption,60,TRUE,1.95,Tier_1_National,29.5,0.65,7.8,Scarce,55,0.98,0.45,48.0,30,0.90,2190
ECL/N06000277,Parasea Belbaid Reorganisation Underground Coal Mine,Mining,Central,West Bengal,Paschim Bardhaman,Ongoing,Polygon,Coal_Bearing_Areas_Act_1957,Coal_Mine,Physical_Possession_Taken,620,Government_and_Colliery_Land,285.0,340,0,2.5,FALSE,91.0,FALSE,95.0,Stage_1_Applied,45,TRUE,120,18,None,None,15,FALSE,1.15,Tier_1_National,10.5,0.95,5.6,Surplus,25,0.55,0.20,8.5,18,0.95,0
CPWD/N21000033,500 Bedded ESIC Hospital Superspeciality Pune,Social_Infrastructure,Central,Maharashtra,Pune (Bibvewadi),Ongoing,Point,LARR_Act_2013,Hospital_Campus,Physical_Possession_Taken,820,Government_Urban,5.8,0,0,0.0,FALSE,100.0,FALSE,97.5,Not_Applicable,25,TRUE,0,0,None,None,0,FALSE,1.08,Tier_1_National,5.5,1.14,4.8,Surplus,16,0.30,0.09,14.0,14,0.98,0
GAIL/N16000531,Gurdaspur Jammu Natural Gas Pipeline Project,Energy,Central,Punjab & Jammu and Kashmir,Gurdaspur to Jammu,Ongoing,Linear,PMP_Act_1962,Gas_Pipeline,RoU_Acquired,650,Private_Agricultural,145.0,580,1,2.0,FALSE,88.5,FALSE,95.5,Stage_1_In_Principle,85,TRUE,45,12,None,None,0,FALSE,1.08,Tier_1_National,6.2,1.12,4.9,Surplus,20,0.30,0.10,15.0,15,0.97,0
ONGC/N16000532,Borholla GGS Life Extension Surface Facilities Project,Energy,Central,Assam,Jorhat,Ongoing,Point,PMP_Act_1962,Refinery,Physical_Possession_Taken,580,Government_Industrial,18.5,0,0,0.0,FALSE,100.0,FALSE,97.0,Not_Applicable,15,TRUE,0,0,None,None,0,FALSE,1.05,Tier_1_National,5.0,1.15,4.6,Adequate,25,0.70,0.22,3.5,15,0.97,0
ONGC/N16000533,PRP-VIII Group B NH and BS Asset Offshore Redevelopment,Energy,Central,Maharashtra,Mumbai Offshore,Ongoing,Point,Petroleum_Natural_Gas_Rules_1959,Offshore_Platform,Not_Applicable,450,Offshore_Marine,0.0,0,0,0.0,FALSE,100.0,FALSE,98.5,Not_Applicable,0,TRUE,0,0,None,None,0,FALSE,1.02,Tier_1_National,4.5,1.20,4.2,Surplus,20,0.40,0.15,0.0,12,0.99,0
HPCL/N16000534,HP TDAE Unit in Mumbai Refinery Mahul,Energy,Central,Maharashtra,Mumbai Suburban (Mahul),Ongoing,Point,LARR_Act_2013,Refinery,Physical_Possession_Taken,450,Government_Industrial,4.5,0,0,0.0,FALSE,100.0,FALSE,98.0,Not_Applicable,18,TRUE,0,0,None,None,0,FALSE,1.05,Tier_1_National,4.8,1.16,4.5,Surplus,15,0.35,0.10,2.5,12,0.99,0
HPCL/N16000535,HP TRIJET Aviation Turbine Fuel Unit Visakh Refinery,Energy,Central,Andhra Pradesh,Visakhapatnam,Ongoing,Point,LARR_Act_2013,Refinery,Physical_Possession_Taken,420,Government_Industrial,6.2,0,0,0.0,FALSE,100.0,FALSE,98.0,Not_Applicable,16,TRUE,0,0,None,None,0,FALSE,1.04,Tier_1_National,4.5,1.18,4.4,Surplus,15,0.32,0.10,3.5,12,0.99,0
MRPL/N16000536,Demo Plant Production Bio-ATF Mangalore Refinery,Energy,Central,Karnataka,Dakshina Kannada (Mangalore),Ongoing,Point,LARR_Act_2013,Refinery,Physical_Possession_Taken,540,Government_Industrial,8.4,0,0,0.0,FALSE,100.0,FALSE,97.5,Not_Applicable,22,TRUE,0,0,None,None,0,FALSE,1.06,Tier_1_National,5.2,1.15,4.7,Surplus,18,0.65,0.20,2.0,14,0.98,0
ONGC/N16000537,Integrated Development 4 Contract Areas under DSF2,Energy,Central,Maharashtra,Mumbai Offshore,Ongoing,Point,Petroleum_Natural_Gas_Rules_1959,Offshore_Platform,Not_Applicable,850,Offshore_Marine,0.0,0,0,0.0,FALSE,100.0,FALSE,98.5,Not_Applicable,0,TRUE,0,0,None,None,0,FALSE,1.05,Tier_1_National,5.0,1.18,4.5,Surplus,22,0.42,0.16,0.0,14,0.99,0
MPMRCL/N28000125,Indore Metro Rail Project Yellow Line Priority Stretch,Transport,State,Madhya Pradesh,Indore,Ongoing,Linear,Metro_Railways_Act_1978,Metro_Rail,Physical_Possession_Taken,2180,Private_Urban_Commercial_and_Govt,42.5,950,0,1.8,FALSE,96.0,FALSE,96.0,Not_Applicable,310,TRUE,220,380,None,None,5,FALSE,1.20,Tier_1_National,8.5,1.06,5.2,Surplus,18,0.25,0.10,14.0,15,0.97,1765
AAI/N04000079,New Integrated Terminal Building Pune Airport,Transport,Central,Maharashtra,Pune (Lohegaon),Completed,Point,LARR_Act_2013,Airport,Physical_Possession_Taken,2750,Defense_and_Government_Urban,14.5,0,0,0.0,FALSE,100.0,FALSE,98.5,Not_Applicable,35,TRUE,0,0,None,None,0,FALSE,0.98,Tier_1_National,5.0,1.18,4.5,Surplus,15,0.30,0.08,16.0,12,0.99,975
AAI/N04000096,Extension Runway RESA Apron GSE Isolation Bay Pune,Transport,Central,Maharashtra,Pune (Lohegaon),Completed,Point,LARR_Act_2013,Airport,Physical_Possession_Taken,2650,Defense_and_Government_Urban,22.8,0,0,0.0,FALSE,100.0,FALSE,98.0,Not_Applicable,45,TRUE,0,0,None,None,0,FALSE,1.02,Tier_1_National,5.5,1.15,4.6,Surplus,16,0.28,0.08,16.5,12,0.99,1217
WCL/N06000132,Amalgamated Yekona I and Yekona II Opencast Mine,Mining,Central,Maharashtra,Chandrapur,Ongoing,Polygon,Coal_Bearing_Areas_Act_1957,Coal_Mine,Physical_Possession_Taken,3300,Forest_and_Agricultural,890.0,2400,1,3.5,FALSE,98.0,FALSE,95.5,Stage_2_Final_Approved,65,TRUE,780,85,None,None,10,FALSE,1.15,Tier_1_National,9.5,1.05,5.4,Surplus,24,0.38,0.14,10.0,18,0.96,0
WCL/N06000179,Ukni Deep Opencast Coal Mine Project,Mining,Central,Maharashtra,Yavatmal,Ongoing,Polygon,Coal_Bearing_Areas_Act_1957,Coal_Mine,Physical_Possession_Taken,2150,Agricultural_and_Forest,620.0,1450,0,2.5,FALSE,98.5,FALSE,96.0,Stage_2_Final_Approved,45,TRUE,450,40,None,None,5,FALSE,1.10,Tier_1_National,8.2,1.08,5.1,Surplus,22,0.35,0.12,12.0,16,0.97,1460
WCL/N06000180,Bellora Naigaon Deep Opencast Mine,Mining,Central,Maharashtra,Yavatmal,Ongoing,Polygon,Coal_Bearing_Areas_Act_1957,Coal_Mine,Physical_Possession_Taken,2150,Agricultural_and_Forest,580.0,1320,1,3.2,FALSE,96.0,FALSE,95.0,Stage_2_Final_Approved,40,TRUE,380,35,None,None,10,FALSE,1.14,Tier_1_National,9.0,1.05,5.2,Surplus,22,0.36,0.14,11.5,16,0.96,1460
WCL/N06000205,Ghonsa Expansion Deep Opencast Coal Mine,Mining,Central,Maharashtra,Yavatmal,Ongoing,Polygon,Coal_Bearing_Areas_Act_1957,Coal_Mine,Section_9_1_Declaration,1280,Agricultural_and_Forest,480.0,950,0,4.5,FALSE,62.0,FALSE,94.0,Stage_1_Applied,25,TRUE,210,25,None,None,0,FALSE,1.08,Tier_1_National,6.5,1.12,4.8,Surplus,20,0.32,0.12,13.0,15,0.97,0
WCL/N06000206,Sasti Expansion Opencast Coal Mine,Mining,Central,Maharashtra,Chandrapur,Ongoing,Polygon,Coal_Bearing_Areas_Act_1957,Coal_Mine,Section_9_1_Declaration,1490,Agricultural_and_Forest,520.0,1100,0,3.8,FALSE,68.5,FALSE,94.5,Stage_1_In_Principle,30,TRUE,260,30,None,None,0,FALSE,1.06,Tier_1_National,6.2,1.14,4.7,Surplus,18,0.35,0.12,11.0,15,0.97,0
WCL/N06000209,Dhuptala Opencast Sasti Underground to Opencast,Mining,Central,Maharashtra,Chandrapur,Ongoing,Polygon,Coal_Bearing_Areas_Act_1957,Coal_Mine,Section_9_1_Declaration,2050,Agricultural_and_Colliery_Land,640.0,1280,1,5.2,FALSE,78.0,FALSE,93.5,Stage_1_Applied,45,TRUE,340,40,None,None,15,FALSE,1.18,Tier_1_National,11.5,0.98,5.4,Surplus,24,0.40,0.15,9.5,18,0.95,0
WCL/N06000219,Adasa Underground to Opencast Mine 1.5 MTY,Mining,Central,Maharashtra,Nagpur,Ongoing,Polygon,Coal_Bearing_Areas_Act_1957,Coal_Mine,Physical_Possession_Taken,2150,Agricultural_and_Forest,450.0,920,0,2.1,FALSE,98.0,FALSE,96.5,Stage_2_Final_Approved,32,TRUE,280,25,None,None,0,FALSE,1.08,Tier_1_National,7.5,1.10,5.0,Surplus,20,0.30,0.10,14.0,15,0.97,365
CR/N22000511,Pachora Jamner Gauge Conversion Extension Malkapur,Transport,Central,Maharashtra,Jalgaon & Buldhana,Ongoing,Linear,Railways_Act_1989,Railway,Section_20F_Declaration,780,Private_Agricultural,245.0,850,1,3.2,FALSE,68.0,FALSE,94.0,Stage_1_In_Principle,85,TRUE,160,35,None,None,0,FALSE,1.15,Tier_1_National,8.5,1.05,5.2,Surplus,22,0.35,0.14,14.0,18,0.96,0
CR/N22000513,Solapur Tuljapur Osmanabad New Broad Gauge Line,Transport,Central,Maharashtra,Solapur & Dharashiv,Ongoing,Linear,Railways_Act_1989,Railway,Physical_Possession_Taken,2080,Private_Agricultural,480.0,1650,2,4.5,FALSE,88.5,FALSE,93.5,Stage_2_Final_Approved,110,TRUE,380,55,Religious_Shrine,Farmer_Land_Protest,15,FALSE,1.35,Tier_1_National,14.5,0.92,5.8,Surplus,25,0.32,0.12,16.0,20,0.94,0
CR/N22000514,Dhule Borvihir Nardana New Broad Gauge Line,Transport,Central,Maharashtra,Dhule,Ongoing,Linear,Railways_Act_1989,Railway,Physical_Possession_Taken,2080,Private_Agricultural,220.0,780,1,3.5,FALSE,89.0,FALSE,94.5,Stage_2_Final_Approved,65,TRUE,180,30,None,None,0,FALSE,1.25,Tier_1_National,11.5,0.98,5.4,Surplus,22,0.30,0.12,18.0,18,0.95,548
CR/N22000515,Kalyan Murbad via Ulhasnagar New Rail Line,Transport,Central,Maharashtra,Thane,Ongoing,Linear,Railways_Act_1989,Railway,Section_20A_Notification,580,Private_Urban_and_Agricultural,115.0,520,2,5.5,TRUE,32.0,FALSE,92.0,Stage_1_Applied,75,TRUE,140,45,None,Citizen_Activist_Protest,10,FALSE,1.12,Tier_1_National,7.5,1.08,5.1,Surplus,22,0.55,0.18,4.5,18,0.95,0
CR/N22000615,Baramati Lonand New Broad Gauge Rail Line CR,Transport,Central,Maharashtra,Pune & Satara,Ongoing,Linear,Railways_Act_1989,Railway,Physical_Possession_Taken,9350,Private_Agricultural,310.0,1150,1,2.8,FALSE,97.0,FALSE,95.5,Stage_2_Final_Approved,95,TRUE,240,40,None,None,5,FALSE,1.38,Tier_1_National,14.5,0.90,5.8,Surplus,22,0.32,0.12,15.0,20,0.95,0
MRVC/N22000627,Mumbai Urban Transport Project MUTP Phase 3A,Transport,Joint,Maharashtra,Mumbai MMR Raigad Thane,Ongoing,Linear,Railways_Act_1989,Suburban_Railway,Section_20F_Declaration,1980,Private_Urban_and_Forest,245.0,4200,8,8.5,TRUE,48.0,FALSE,88.0,Stage_1_In_Principle,420,TRUE,950,450,Religious_Shrine,Slum_Dwellers_Relocation_Protest,35,FALSE,1.38,Tier_1_National,16.5,0.85,6.0,Adequate,30,0.70,0.22,3.0,24,0.93,1005
MRIDC/N22000629,Nagpur Nagbhir Railway Line Gauge Conversion,Transport,Joint,Maharashtra,Nagpur & Chandrapur,Completed,Linear,Railways_Act_1989,Railway,Physical_Possession_Taken,1820,Private_Agricultural_and_Forest,360.0,1180,0,1.8,FALSE,99.0,FALSE,97.0,Stage_2_Final_Approved,120,TRUE,210,35,None,None,0,FALSE,1.02,Tier_1_National,5.2,1.18,4.6,Surplus,18,0.32,0.12,12.0,14,0.98,0
MORTH/N24000332,Ahmednagar Bypass to Kharwandi Kasar NH-222,Transport,Central,Maharashtra,Ahmednagar,Ongoing,Linear,NH_Act_1956,Highway,Physical_Possession_Taken,3550,Private_Agricultural,165.0,620,1,3.2,FALSE,97.5,TRUE,96.0,Stage_2_Final_Approved,75,TRUE,120,28,None,None,0,FALSE,1.25,Tier_2_Regional,12.0,0.95,5.5,Surplus,20,0.30,0.12,15.0,18,0.95,0
NHAI/N24000442,Construction Flyover km 544 with RoB Service Roads,Transport,Central,Maharashtra,Nashik,Completed,Point,NH_Act_1956,Highway,Physical_Possession_Taken,3200,Private_Urban_Commercial,24.5,140,0,1.2,FALSE,100.0,TRUE,98.5,Not_Applicable,85,TRUE,45,95,None,None,0,FALSE,1.05,Tier_1_National,5.8,1.15,4.7,Surplus,15,0.28,0.10,14.0,12,0.98,2099
NICDC/701663,Oragadam Multi Modal Logistics Park Industrial Node,Industrial_Infrastructure,Central,Tamil Nadu,Kanchipuram,Ongoing,Polygon,TNALIPA_1997,Logistics_Park,Section_3_1_Industrial_Notice_Issued,650,Private_Agricultural_and_Industrial,210.0,280,0,1.5,FALSE,92.5,FALSE,96.5,Stage_1_Applied,45,TRUE,35,12,None,None,0,FALSE,1.05,Tier_1_National,5.5,1.16,4.8,Surplus,18,0.45,0.15,4.2,15,0.97,0
NICDC/701664,Kopparthy Industrial Node CBIC Corridor Project,Industrial_Infrastructure,Central,Andhra Pradesh,YSR Kadapa,Ongoing,Polygon,LARR_Act_2013,Industrial_Corridor,Section_11_Preliminary_Notification,720,Private_Agricultural_Arid,1050.0,850,1,2.8,FALSE,88.0,FALSE,95.0,Stage_1_In_Principle,65,TRUE,140,25,None,None,0,FALSE,1.08,Tier_1_National,6.2,1.12,5.0,Surplus,20,0.22,0.10,16.5,15,0.96,0
NICDC/701665,Zaheerabad Industrial Node Hyderabad Nagpur Corridor,Industrial_Infrastructure,Central,Telangana,Sangareddy,Ongoing,Polygon,LARR_Act_2013,Industrial_Corridor,Section_11_Preliminary_Notification,680,Private_Agricultural,1260.0,1100,1,3.2,FALSE,85.0,FALSE,94.5,Stage_1_In_Principle,85,TRUE,180,32,None,None,0,FALSE,1.10,Tier_1_National,6.8,1.10,5.1,Surplus,20,0.25,0.10,15.0,16,0.96,0
NICDC/701666,Palakkad Industrial Node Kochi Bengaluru Corridor,Industrial_Infrastructure,Central,Kerala,Palakkad,Ongoing,Polygon,LARR_Act_2013,Industrial_Corridor,Section_11_Preliminary_Notification,750,Private_Agricultural_and_Plantation,720.0,680,2,4.5,FALSE,82.5,FALSE,94.0,Stage_1_Applied,110,TRUE,120,45,None,Citizen_Activist_Protest,15,FALSE,1.18,Tier_1_National,8.5,1.02,5.4,Adequate,24,0.65,0.20,5.5,18,0.95,0
NICDC/701667,Dighi Port Industrial Area Node under DMIC,Industrial_Infrastructure,Central,Maharashtra,Raigad,Ongoing,Polygon,LARR_Act_2013,Industrial_Corridor,Section_11_Preliminary_Notification,820,Coastal_Private_and_Hilly,1850.0,1450,2,5.2,TRUE,75.0,FALSE,93.0,Stage_1_In_Principle,95,TRUE,310,55,None,Fisherman_Livelihood_Protest,20,FALSE,1.22,Tier_1_National,9.5,0.98,5.5,Surplus,25,0.60,0.22,3.5,20,0.94,0
NICDC/701668,Jodhpur Pali Marwar Industrial Area Node DMIC,Industrial_Infrastructure,Central,Rajasthan,Pali,Ongoing,Polygon,LARR_Act_2013,Industrial_Corridor,Section_11_Preliminary_Notification,890,Government_Arid_Wasteland_and_Private,2100.0,420,0,1.2,FALSE,94.0,FALSE,97.0,Not_Applicable,35,TRUE,45,8,None,None,0,FALSE,1.02,Tier_1_National,4.5,1.20,4.4,Surplus,15,0.10,0.05,38.0,12,0.98,0
NICDC/701669,Bhiwadi Integrated Industrial Township Node under DMIC,Industrial_Infrastructure,Central,Rajasthan,Alwar,Ongoing,Polygon,LARR_Act_2013,Industrial_Corridor,Physical_Possession_Taken,1450,Private_Agricultural_and_Industrial,535.0,620,0,1.8,FALSE,98.5,FALSE,97.5,Not_Applicable,65,TRUE,85,32,None,None,0,FALSE,1.05,Tier_1_National,5.5,1.15,4.8,Surplus,16,0.15,0.08,24.0,14,0.98,0
NICDC/701670,Sanand Industrial Zone Phase II Extension Node,Industrial_Infrastructure,State,Gujarat,Ahmedabad,Ongoing,Polygon,LARR_Act_2013,Industrial_Corridor,Physical_Possession_Taken,1100,Government_Pooled_and_Private,850.0,380,0,1.0,FALSE,99.2,FALSE,98.0,Not_Applicable,48,TRUE,40,15,None,None,0,FALSE,1.02,Tier_1_National,4.2,1.22,4.3,Surplus,14,0.20,0.08,16.0,12,0.99,0
BMRCL/702671,Bengaluru Metro Phase 2 Reach 6 Underground Tunnel North,Transport,State,Karnataka,Bengaluru Urban (Cantonment to Nagawara),Ongoing,Linear,KIADB_Act_1966,Metro_Rail,Physical_Possession_Taken,2450,Private_Urban_Commercial,21.8,420,2,2.5,FALSE,96.5,FALSE,96.0,Not_Applicable,380,TRUE,95,310,None,None,10,FALSE,1.32,Tier_1_National,13.5,0.90,6.0,Adequate,26,0.42,0.25,18.0,16,0.95,1150
CMRL/702672,Chennai Metro Phase 2 Corridor 4 Underground Panagal Park,Transport,State,Tamil Nadu,Chennai (Kodambakkam to Boat Club),Ongoing,Linear,LARR_Act_2013,Metro_Rail,Physical_Possession_Taken,1250,Private_Urban_Commercial_and_Govt,18.5,340,1,2.0,FALSE,94.5,FALSE,96.0,Not_Applicable,280,TRUE,85,240,None,None,5,FALSE,1.15,Tier_1_National,8.2,1.05,5.2,Adequate,22,0.62,0.18,3.5,16,0.96,0
DMRC/702673,Delhi Metro Silver Line Aerocity to Saket G Underground,Transport,Central,Delhi,South Delhi,Ongoing,Linear,LARR_Act_2013,Metro_Rail,Physical_Possession_Taken,1450,Private_Urban_Commercial_and_Govt,22.4,480,1,2.2,FALSE,98.0,FALSE,95.5,Stage_2_Final_Approved,320,TRUE,110,260,None,Tree_Felling_Protest,15,FALSE,1.12,Tier_1_National,7.5,1.10,5.0,Surplus,20,0.28,0.12,18.0,14,0.97,180
GMRC/702674,Surat Metro Phase 1 Underground Package CS2,Transport,State,Gujarat,Surat (Kapodra to Surat Railway Station),Ongoing,Linear,LARR_Act_2013,Metro_Rail,Physical_Possession_Taken,1280,Private_Urban_Commercial,16.5,380,0,1.8,FALSE,98.5,TRUE,97.0,Not_Applicable,210,TRUE,120,290,None,None,0,FALSE,1.08,Tier_1_National,6.5,1.12,4.8,Surplus,18,0.48,0.16,6.0,14,0.97,180
MMRDA/702675,Mumbai Metro Line 4A Gaimukh Extension,Transport,State,Maharashtra,Thane,Ongoing,Linear,LARR_Act_2013,Metro_Rail,Physical_Possession_Taken,1820,Private_Urban_Commercial_and_Govt,8.2,140,0,1.5,FALSE,97.0,FALSE,96.5,Not_Applicable,85,TRUE,45,95,None,None,0,FALSE,1.10,Tier_1_National,6.8,1.12,5.0,Surplus,18,0.60,0.18,2.8,15,0.96,420
MMRDA/702676,Mumbai Metro Line 5 Thane Bhiwandi Kalyan Phase 1,Transport,State,Maharashtra,Thane to Bhiwandi,Ongoing,Linear,LARR_Act_2013,Metro_Rail,Physical_Possession_Taken,2180,Private_Urban_Commercial_and_Govt,28.5,850,2,3.2,FALSE,94.0,FALSE,95.0,Not_Applicable,310,TRUE,180,420,None,None,10,FALSE,1.25,Tier_1_National,9.5,0.98,5.4,Surplus,22,0.55,0.18,4.0,18,0.95,780
MMRDA/702677,Mumbai Metro Line 9 Dahisar East to Mira Bhayandar,Transport,State,Maharashtra,Mumbai Suburban & Thane,Ongoing,Linear,LARR_Act_2013,Metro_Rail,Physical_Possession_Taken,1980,Private_Urban_Commercial_and_Govt,18.4,520,1,2.4,FALSE,96.5,FALSE,96.0,Stage_2_Final_Approved,195,TRUE,95,280,None,Depot_Land_Litigation,15,FALSE,1.20,Tier_1_National,8.8,1.02,5.2,Surplus,20,0.62,0.18,3.2,16,0.96,520
MPMRCL/702678,Bhopal Metro Subhash Nagar to Karond Underground Section,Transport,State,Madhya Pradesh,Bhopal,Ongoing,Linear,LARR_Act_2013,Metro_Rail,Section_11_Preliminary_Notification,520,Private_Urban_Commercial,12.5,280,0,2.0,FALSE,65.0,FALSE,95.5,Not_Applicable,140,TRUE,65,180,None,None,0,FALSE,1.10,Tier_1_National,6.5,1.12,5.0,Surplus,18,0.26,0.10,13.0,15,0.97,0
UPMRC/702679,Kanpur Metro Corridor 2 Agriculture University to Barra 8,Transport,State,Uttar Pradesh,Kanpur Nagar,Ongoing,Linear,LARR_Act_2013,Metro_Rail,Section_19_Award_Declared,650,Private_Urban_Commercial_and_Govt,18.5,420,0,1.5,FALSE,88.5,TRUE,96.0,Not_Applicable,160,TRUE,85,210,None,None,0,FALSE,1.05,Tier_1_National,5.8,1.15,4.8,Surplus,18,0.28,0.10,12.0,14,0.98,0
UPMRC/702680,Agra Metro Corridor 2 Agra Cantt to Kalindi Vihar,Transport,State,Uttar Pradesh,Agra,Ongoing,Linear,LARR_Act_2013,Metro_Rail,Section_11_Preliminary_Notification,480,Private_Urban_Commercial_and_Govt,21.0,490,0,1.8,FALSE,60.0,TRUE,95.5,Not_Applicable,145,TRUE,95,240,None,None,0,FALSE,1.04,Tier_1_National,5.5,1.16,4.8,Surplus,18,0.24,0.08,15.5,15,0.98,0
NHAI/702681,Bengaluru Satellite Town Ring Road STRR NH-948A Pkg 1,Transport,Central,Karnataka,Bengaluru Rural (Doddaballapur to Hoskote),Ongoing,Linear,NH_Act_1956,Highway,Section_3G_Award,890,Private_Agricultural,420.0,1450,1,2.0,FALSE,94.5,TRUE,97.5,Stage_2_Final_Approved,180,TRUE,240,48,None,None,0,FALSE,1.06,Tier_1_National,5.8,1.15,4.8,Surplus,18,0.28,0.10,16.0,14,0.98,120
NHAI/702682,Bengaluru Satellite Town Ring Road STRR NH-948A Pkg 2,Transport,Central,Karnataka & Tamil Nadu,Hoskote to Tamil Nadu Border,Ongoing,Linear,NH_Act_1956,Highway,Section_3G_Award,820,Private_Agricultural,380.0,1280,1,1.8,FALSE,92.0,TRUE,97.0,Stage_2_Final_Approved,150,TRUE,190,42,None,None,0,FALSE,1.08,Tier_1_National,6.2,1.12,4.9,Surplus,18,0.30,0.10,15.5,14,0.97,90
NHAI/702683,Delhi Amritsar Katra Expressway Package 12 Kathua Section,Transport,Central,Jammu & Kashmir,Kathua,Ongoing,Linear,NH_Act_1956,Highway,Physical_Possession_Taken,1350,Private_Agricultural_and_SubHimalayan,210.0,850,1,2.4,FALSE,98.5,TRUE,97.5,Stage_2_Final_Approved,95,TRUE,140,28,None,Farmer_Compensation_Protest,10,FALSE,1.10,Tier_1_National,6.5,1.12,5.0,Adequate,22,0.35,0.12,15.0,15,0.97,420
NHAI/702684,Delhi Amritsar Katra Expressway Package 15 Samba Section,Transport,Central,Jammu & Kashmir,Samba,Ongoing,Linear,NH_Act_1956,Highway,Physical_Possession_Taken,1280,Private_Agricultural_and_SubHimalayan,195.0,780,0,1.8,FALSE,99.0,TRUE,98.0,Stage_2_Final_Approved,85,TRUE,120,24,None,None,0,FALSE,1.08,Tier_1_National,6.0,1.14,4.9,Adequate,20,0.32,0.12,16.0,14,0.98,365
NHAI/702685,Raipur Visakhapatnam Expressway Package 1 Dhamtari,Transport,Central,Chhattisgarh,Dhamtari,Ongoing,Linear,NH_Act_1956,Highway,Section_3G_Award,920,Private_Agricultural_and_Forest,310.0,920,0,2.0,FALSE,88.5,TRUE,96.0,Stage_2_Final_Approved,110,TRUE,160,32,None,None,0,FALSE,1.06,Tier_1_National,5.8,1.14,4.8,Surplus,18,0.40,0.14,9.0,15,0.97,60
NHAI/702686,Raipur Visakhapatnam Expressway Package 2 Kanker,Transport,Central,Chhattisgarh,Kanker,Ongoing,Linear,NH_Act_1956,Highway,Section_3G_Award,910,Private_Agricultural_and_Forest,345.0,1100,1,3.2,FALSE,84.0,TRUE,95.0,Stage_2_Final_Approved,125,TRUE,190,38,None,None,0,FALSE,1.10,Tier_1_National,6.5,1.10,5.0,Adequate,22,0.45,0.16,8.5,16,0.96,90
NHAI/702687,Raipur Visakhapatnam Expressway Package 4 Koraput,Transport,Central,Odisha,Koraput,Ongoing,Linear,NH_Act_1956,Highway,Section_3D/19_Declaration,750,Forest_and_Mountainous,285.0,740,0,4.5,TRUE,65.0,TRUE,92.5,Stage_1_In_Principle,85,TRUE,95,18,None,Tribal_Rights_Protest,15,TRUE,1.18,Tier_2_Regional,10.5,0.95,5.5,Adequate,26,0.68,0.25,11.0,20,0.94,180
NHAI/702688,Varanasi Ranchi Kolkata Expressway Package 3 Bihar,Transport,Central,Bihar,Kaimur & Rohtas,Ongoing,Linear,NH_Act_1956,Highway,Section_3G_Award,680,Private_Agricultural,315.0,1250,1,2.5,FALSE,82.5,TRUE,95.0,Stage_1_In_Principle,95,TRUE,180,45,None,None,0,FALSE,1.08,Tier_1_National,6.2,1.14,4.9,Surplus,20,0.45,0.15,8.0,15,0.97,0
NHAI/702689,Varanasi Ranchi Kolkata Expressway Package 6 Bokaro,Transport,Central,Jharkhand,Bokaro,Ongoing,Linear,NH_Act_1956,Highway,Section_3G_Award,650,Private_Agricultural_and_Industrial,265.0,980,1,3.0,FALSE,78.5,TRUE,94.0,Stage_1_In_Principle,110,TRUE,165,38,None,None,5,FALSE,1.12,Tier_1_National,7.5,1.08,5.2,Adequate,24,0.50,0.18,9.5,16,0.95,0
NHAI/702690,Gorakhpur Siliguri Expressway Package 1 Deoria,Transport,Central,Uttar Pradesh,Deoria,Ongoing,Linear,NH_Act_1956,Highway,Section_3A_Notification,680,Private_Agricultural,480.0,1850,2,3.5,TRUE,25.0,TRUE,93.5,Stage_1_Applied,140,TRUE,280,65,None,None,0,FALSE,1.05,Tier_1_National,5.2,1.16,4.8,Surplus,18,0.58,0.16,5.0,16,0.96,0
NHAI/702691,Gorakhpur Siliguri Expressway Package 4 West Champaran,Transport,Central,Bihar,West Champaran,Ongoing,Linear,NH_Act_1956,Highway,Section_3A_Notification,650,Private_Agricultural_and_Riparian,520.0,1980,3,4.2,TRUE,18.5,TRUE,92.0,Stage_1_Applied,165,TRUE,310,75,None,None,0,FALSE,1.08,Tier_1_National,5.8,1.12,5.1,Adequate,22,0.65,0.20,3.5,18,0.95,0
NHAI/702692,Amritsar Jamnagar Expressway Package 8 Bikaner Section,Transport,Central,Rajasthan,Bikaner,Completed,Linear,NH_Act_1956,Highway,Physical_Possession_Taken,1450,Private_Agricultural_Arid,480.0,620,0,1.2,FALSE,100.0,TRUE,98.5,Not_Applicable,45,TRUE,65,10,None,None,0,FALSE,0.90,Tier_1_National,4.2,1.22,4.2,Surplus,14,0.08,0.05,48.0,12,0.99,30
NHAI/702693,Amritsar Jamnagar Expressway Package 11 Jodhpur Section,Transport,Central,Rajasthan,Jodhpur,Completed,Linear,NH_Act_1956,Highway,Physical_Possession_Taken,1420,Private_Agricultural_Arid,450.0,580,0,1.0,FALSE,100.0,TRUE,98.5,Not_Applicable,38,TRUE,55,8,None,None,0,FALSE,0.92,Tier_1_National,4.5,1.20,4.3,Surplus,15,0.08,0.05,52.0,12,0.99,45
NHAI/702694,Ludhiana Bathinda Greenfield Highway Package 1,Transport,Central,Punjab,Ludhiana,Ongoing,Linear,NH_Act_1956,Highway,Section_3G_Award,750,Private_Agricultural,285.0,920,1,2.8,FALSE,84.5,TRUE,95.0,Not_Applicable,95,TRUE,160,28,None,Farmer_Compensation_Protest,20,TRUE,1.12,Tier_1_National,6.8,1.08,5.0,Adequate,18,0.22,0.08,12.0,15,0.96,150
NHAI/702695,Ludhiana Bathinda Greenfield Highway Package 2,Transport,Central,Punjab,Barnala to Bathinda,Ongoing,Linear,NH_Act_1956,Highway,Section_3G_Award,720,Private_Agricultural,260.0,850,1,2.5,FALSE,86.0,TRUE,95.5,Not_Applicable,85,TRUE,140,22,None,Farmer_Compensation_Protest,15,TRUE,1.10,Tier_1_National,6.5,1.10,4.9,Adequate,18,0.20,0.08,14.0,15,0.97,120
NHIDCL/702696,Mechi River Bridge along Asian Highway 02 West Bengal,Transport,Central,West Bengal,Darjeeling (Panitanki to Kakarbhitta),Completed,Point,LARR_Act_2013,Bridge,Physical_Possession_Taken,1980,Government_Tea_Garden_and_Riparian,3.08,9,0,0.0,FALSE,100.0,FALSE,98.0,Stage_2_Final_Approved,12,TRUE,6,2,None,None,0,FALSE,0.95,Tier_1_National,5.2,1.18,4.6,Adequate,20,0.72,0.20,2.5,12,0.98,180
DOT/702697,4G Saturation Project Multi State Remote Border Villages,Communication,Central,Pan-India,Multi-States Border Districts,Ongoing,Linear,Indian_Telegraph_Act_1885,Telecom_Towers,Physical_Possession_Taken,980,Mountainous_Forest_and_Tribal,45.0,0,0,8.5,FALSE,99.0,FALSE,96.0,Stage_2_Final_Approved,28,TRUE,0,0,None,None,15,TRUE,1.35,Tier_1_National,14.5,0.90,5.8,Scarce,45,0.85,0.32,25.0,20,0.94,540
DOT/702698,Amended BharatNet Telecom Network Package Assam Circle,Communication,Central,Assam,Brahmaputra Valley,Ongoing,Linear,Indian_Telegraph_Act_1885,OFC_Optical_Fiber,RoU_Acquired,580,Government_RoW_and_Rural,85.0,0,0,1.2,FALSE,94.0,FALSE,97.0,Not_Applicable,110,TRUE,0,0,None,None,0,FALSE,1.05,Tier_1_National,5.5,1.15,4.8,Surplus,18,0.75,0.22,4.0,14,0.98,0
DOT/702699,Amended BharatNet Telecom Package Bihar Circle,Communication,Central,Bihar,North and South Bihar,Ongoing,Linear,Indian_Telegraph_Act_1885,OFC_Optical_Fiber,RoU_Acquired,580,Government_RoW_and_Rural,115.0,0,0,1.5,FALSE,92.5,FALSE,96.5,Not_Applicable,140,TRUE,0,0,None,None,0,FALSE,1.06,Tier_1_National,5.8,1.14,4.9,Surplus,18,0.62,0.18,5.5,15,0.97,0
DOT/702700,Amended BharatNet Telecom Package Rajasthan Circle,Communication,Central,Rajasthan,Western and Eastern Rajasthan,Ongoing,Linear,Indian_Telegraph_Act_1885,OFC_Optical_Fiber,RoU_Acquired,560,Government_RoW_and_Arid,140.0,0,0,0.8,FALSE,96.0,FALSE,97.5,Not_Applicable,95,TRUE,0,0,None,None,0,FALSE,1.02,Tier_1_National,4.8,1.18,4.5,Surplus,16,0.15,0.06,28.0,12,0.99,0
MOSPI/709798,Ethylene Cracker Project Bina Refinery Petrochemical Expansion,Energy,Central,Madhya Pradesh,Sagar (Bina),Ongoing,Polygon,PMP_Act_1962,Refinery,Physical_Possession_Taken,850,Government_Industrial,345.5,0,0,0.0,FALSE,100.0,FALSE,98.0,Not_Applicable,28,TRUE,0,0,None,None,0,FALSE,1.05,Tier_1_National,5.2,1.15,4.8,Surplus,22,0.28,0.10,14.5,14,0.98,0
MOSPI/701263,Rajasthan Refinery Project HPCL Barmer HRRL,Energy,Central,Rajasthan,Barmer (Pachpadra),Ongoing,Polygon,LARR_Act_2013,Refinery,Physical_Possession_Taken,2850,Government_Arid_Industrial,1940.0,180,0,1.2,FALSE,99.2,FALSE,97.5,Not_Applicable,45,TRUE,45,10,None,None,0,FALSE,1.28,Tier_1_National,11.5,1.02,5.2,Surplus,25,0.08,0.05,48.0,15,0.97,975
MOSPI/701289,Capacity Expansion Panipat Refinery 15 to 25 MMTPA,Energy,Central,Haryana,Panipat,Ongoing,Polygon,LARR_Act_2013,Refinery,Physical_Possession_Taken,1980,Government_Industrial,280.0,95,0,0.8,FALSE,99.5,FALSE,98.5,Not_Applicable,32,TRUE,15,8,None,None,0,FALSE,1.12,Tier_1_National,6.8,1.10,4.9,Surplus,18,0.22,0.08,18.0,12,0.98,540
MOSPI/400120,KG-DWN-98-2 Cluster II Deepwater Development Project,Energy,Central,Andhra Pradesh,KG Basin Offshore Kakinada,Ongoing,Point,Petroleum_Natural_Gas_Rules_1959,Offshore_Platform,Not_Applicable,2450,Offshore_Marine,0.0,0,0,0.0,FALSE,100.0,FALSE,99.0,Not_Applicable,0,TRUE,0,0,None,None,0,FALSE,1.35,Tier_1_National,14.5,0.95,5.5,Surplus,30,0.45,0.20,0.0,16,0.96,1280
MOSPI/602182,Dibang Multipurpose Hydroelectric Project 2880 MW,Energy,Central,Arunachal Pradesh,Lower Dibang Valley,Ongoing,Polygon,LARR_Act_2013,Hydroelectric_Dam,Section_19_Award_Declared,980,Forest_and_Riverbed,5340.0,2450,2,8.5,FALSE,62.0,FALSE,91.0,Stage_2_Final_Approved,24,TRUE,195,15,None,Tribal_Customary_Dispute,25,TRUE,1.48,Tier_1_National,18.5,0.82,6.5,Scarce,55,0.85,0.40,2.5,24,0.91,730
MOSPI/701530,Ken-Betwa River Interlinking Project Daudhan Dam,Water_Resources,Central,Madhya Pradesh & Uttar Pradesh,Chhatarpur Panna Banda,Ongoing,Composite,LARR_Act_2013,River_Interlinking_Canal,Section_19_Award_Declared,1120,Forest_and_Agricultural_Bundelkhand,9250.0,7800,2,6.8,FALSE,65.0,FALSE,91.5,Stage_2_Final_Approved,85,TRUE,5600,210,None,Wildlife_Conservation_Litigation,0,FALSE,1.38,Tier_1_National,12.5,0.95,5.5,Surplus,28,0.55,0.22,6.5,20,0.95,1460
MOSPI/701372,Sardar Sarovar Project Main Canal Distributaries,Water_Resources,Central,Gujarat,Narmada Valley to Kutch,Completed,Polygon,LAA_1894,Multi_Purpose_Dam,Physical_Possession_Taken,4150,Agricultural_and_Canal_RoW,85400.0,225000,12,11.5,TRUE,94.5,FALSE,92.0,Stage_2_Final_Approved,480,TRUE,42000,3100,None,Active_NGT_Stay,450,TRUE,2.15,Tier_1_National,24.5,0.68,8.5,Adequate,45,0.80,0.25,4.0,35,0.85,3650
MOSPI/701415,Polavaram Irrigation Project Dam Spillway Canals,Water_Resources,Central,Andhra Pradesh,Eluru & Alluri Sitharama Raju,Ongoing,Polygon,LARR_Act_2013,Multi_Purpose_Dam,R&R_Implementation,2450,Forest_Agricultural_and_Riverbed,48500.0,46500,4,6.2,FALSE,72.5,FALSE,91.0,Stage_2_Final_Approved,85,TRUE,31000,750,None,Public_Agitation_Tribal_R&R,110,TRUE,1.78,Tier_1_National,16.2,0.82,6.0,Adequate,35,0.78,0.38,1.2,22,0.94,2190
MOSPI/701405,J Chokka Rao Devadula Lift Irrigation Scheme,Water_Resources,State,Telangana,Jayashankar Bhupalpally & Warangal,Ongoing,Polygon,LARR_Act_2013,Lift_Irrigation,Physical_Possession_Taken,3100,Forest_and_Agricultural,3450.0,2100,1,3.5,FALSE,96.0,FALSE,93.5,Stage_2_Final_Approved,95,TRUE,850,95,None,None,10,FALSE,1.32,Tier_1_National,12.5,0.92,5.6,Surplus,25,0.60,0.22,4.5,20,0.94,1825
MOSPI/400112,Jigaon Major Lift Irrigation Project Buldhana,Water_Resources,State,Maharashtra,Buldhana,Ongoing,Polygon,LARR_Act_2013,Lift_Irrigation,Physical_Possession_Taken,2850,Private_Agricultural,2850.0,1850,2,4.2,FALSE,91.5,FALSE,92.5,Stage_2_Final_Approved,75,TRUE,620,70,None,Farmer_Compensation_Protest,15,FALSE,1.40,Tier_1_National,14.0,0.88,5.8,Adequate,28,0.45,0.18,10.0,22,0.93,2190
MOSPI/706775,BharatNet Phase II Digital Connectivity Infrastructure,Communication,Central,Pan-India,Multi-States Rural GPs,Ongoing,Linear,Indian_Telegraph_Act_1885,OFC_Optical_Fiber,RoU_Acquired,1980,Government_RoW_and_Rural,450.0,0,0,1.2,FALSE,95.0,FALSE,96.5,Not_Applicable,650,TRUE,0,0,None,Right_of_Way_Procedural_Delay,25,FALSE,1.22,Tier_1_National,8.5,1.05,5.2,Surplus,22,0.42,0.15,12.0,18,0.96,1095
MOSPI/701593,BSNL 4G Mobile Connectivity Indigenous Stack Deployment,Communication,Central,Pan-India,Border and Aspirational Districts,Ongoing,Point,Indian_Telegraph_Act_1885,Telecom_Towers,Physical_Possession_Taken,1450,Government_and_Private_Rural,65.0,0,0,2.5,FALSE,98.5,FALSE,97.0,Not_Applicable,85,TRUE,0,0,None,None,0,FALSE,1.15,Tier_1_National,7.5,1.10,5.0,Adequate,20,0.35,0.12,15.0,15,0.97,540
MOSPI/400013,Saturation 4G Mobile Coverage Uncovered Villages USOF,Communication,Central,Multi-States (Remote),Tribal and Left Wing Extremism Belt,Ongoing,Point,Indian_Telegraph_Act_1885,Telecom_Towers,Physical_Possession_Taken,1280,Forest_and_Tribal_Government,52.0,0,0,6.5,FALSE,97.5,FALSE,95.5,Stage_2_Final_Approved,65,TRUE,0,0,None,Law_and_Order_LWE_Halt,30,TRUE,1.38,Tier_2_Regional,15.5,0.88,5.8,Scarce,38,0.65,0.25,12.0,24,0.93,760
MOSPI/709857,Planning Supply Commissioning 4G Services BSNL Sites,Communication,Central,Multi-States (North East & Islands),NER Border Blocks,Ongoing,Point,Indian_Telegraph_Act_1885,Telecom_Towers,Physical_Possession_Taken,890,Mountainous_Forest_and_Customary,28.5,0,0,8.2,FALSE,98.0,FALSE,96.0,Stage_1_Applied,45,TRUE,0,0,None,None,10,FALSE,1.25,Tier_2_Regional,12.5,0.92,5.5,Scarce,42,0.85,0.32,25.0,20,0.94,365
MOSPI/705728,Mumbai Ahmedabad High Speed Rail Bullet Train 508 km,Transport,Central,Maharashtra & Gujarat,Mumbai to Sabarmati,Ongoing,Linear,LARR_Act_2013,High_Speed_Rail,Physical_Possession_Taken,1850,Private_Urban_and_Agricultural,1389.5,9850,2,2.0,FALSE,98.5,TRUE,98.0,Stage_2_Final_Approved,1150,TRUE,1850,920,None,Active_Citizen_Protest,30,FALSE,1.15,Tier_1_National,7.5,1.10,5.2,Surplus,20,0.45,0.16,11.0,15,0.98,920
MOSPI/705237,Western Dedicated Freight Corridor Rewari JNPT 1504 km,Transport,Central,Haryana RJ GJ MH,Rewari to JNPT Navi Mumbai,Ongoing,Linear,Railways_Act_1989,Freight_Corridor,Physical_Possession_Taken,3850,Private_Agricultural_and_Urban,4850.0,14200,4,3.2,FALSE,97.8,FALSE,97.5,Stage_2_Final_Approved,850,TRUE,2400,650,None,Farmer_Land_Compensation_Protest,20,FALSE,1.18,Tier_1_National,8.8,1.05,5.5,Surplus,25,0.32,0.12,14.0,16,0.96,1460
MOSPI/705429,Rishikesh Karnaprayag New Broad Gauge Rail Line 125 km,Transport,Central,Uttarakhand,Dehradun Pauri Tehri Chamoli,Ongoing,Linear,Railways_Act_1989,Railway,Physical_Possession_Taken,2450,Mountainous_Forest_and_Gorge,480.0,1450,3,2.5,FALSE,92.5,FALSE,95.0,Stage_2_Final_Approved,110,TRUE,380,120,None,Active_NGT_Stay,65,TRUE,1.72,Tier_1_National,22.0,0.78,6.8,Scarce,48,0.95,0.42,50.0,25,0.91,1460
MOSPI/706780,Mumbai Urban Transport Project MUTP Phase 3A Infrastructure,Transport,Joint,Maharashtra,Mumbai MMR Urban Suburbs,Ongoing,Linear,Railways_Act_1989,Suburban_Railway,Section_20F_Declaration,1980,Private_Urban_and_Forest,245.0,4200,8,8.5,TRUE,48.0,FALSE,88.0,Stage_1_In_Principle,420,TRUE,950,450,Religious_Shrine,Slum_Dwellers_Relocation_Protest,35,FALSE,1.38,Tier_1_National,16.5,0.85,6.0,Adequate,30,0.70,0.22,3.0,24,0.93,1005
MOSPI/611967,Khavda RE Zone Wind Solar Transmission Scheme Phase IV Part E3,Energy,Central,Gujarat,Kutch (Khavda),Ongoing,Linear,Indian_Telegraph_Act_1885,Power_Transmission_Line,Section_164_Conferred,380,Government_Arid_Wasteland,92.0,35,0,0.5,FALSE,99.5,FALSE,99.0,Not_Applicable,22,TRUE,0,0,None,None,0,FALSE,0.92,Tier_1_National,4.0,1.22,4.0,Adequate,16,0.10,0.05,38.0,12,0.99,0
MOSPI/611968,Transmission Evacuation REZ Rajasthan 20GW Phase III Part E1,Energy,Central,Rajasthan,Jaisalmer & Barmer,Completed,Linear,Indian_Telegraph_Act_1885,Power_Transmission_Line,Section_164_Conferred,210,Private_Agricultural_Arid,145.0,280,0,0.8,FALSE,99.0,FALSE,98.5,Stage_2_Final_Approved,35,TRUE,0,0,None,Great_Indian_Bustard_PIL,10,FALSE,0.98,Tier_1_National,4.5,1.18,4.5,Adequate,20,0.08,0.05,45.0,12,0.98,0
MOSPI/701344,Kurnool Wind Solar RE Zone Power Transmission System,Energy,Central,Andhra Pradesh,Kurnool,Completed,Linear,Indian_Telegraph_Act_1885,Power_Transmission_Line,Section_164_Conferred,280,Private_Agricultural_Arid,180.0,410,0,1.2,FALSE,99.0,FALSE,98.0,Not_Applicable,48,TRUE,15,4,None,None,0,FALSE,0.95,Tier_1_National,4.8,1.20,4.4,Surplus,18,0.20,0.10,25.0,12,0.98,0
MOSPI/701258,PP Petrochemical Project GAIL Pata Expansion,Energy,Central,Uttar Pradesh,Auraiya (Pata),Completed,Point,LARR_Act_2013,Refinery,Physical_Possession_Taken,2450,Government_Industrial,45.0,0,0,0.0,FALSE,100.0,FALSE,98.5,Not_Applicable,18,TRUE,0,0,None,None,0,FALSE,0.98,Tier_1_National,4.5,1.20,4.2,Surplus,15,0.28,0.10,12.0,12,0.99,0
MOSPI/701259,Trivandrum to Kanyakumari Railway Track Doubling 86 km,Transport,Central,Kerala & Tamil Nadu,Thiruvananthapuram to Kanyakumari,Completed,Linear,Railways_Act_1989,Railway,Physical_Possession_Taken,2980,Private_Urban_and_Agricultural,195.0,1850,2,4.5,FALSE,99.2,FALSE,96.0,Stage_2_Final_Approved,180,TRUE,480,185,Religious_Shrine,None,15,FALSE,1.22,Tier_1_National,9.5,1.02,5.2,Adequate,25,0.85,0.22,3.5,18,0.96,650
MOSPI/701260,Aligarh Kanpur NH-91 4L Pkg I Aligarh to Bhadwas,Transport,Central,Uttar Pradesh,Aligarh,Completed,Linear,NH_Act_1956,Highway,Physical_Possession_Taken,2180,Private_Agricultural,245.0,820,0,1.5,FALSE,99.8,TRUE,98.5,Not_Applicable,85,TRUE,120,28,None,None,0,FALSE,0.95,Tier_1_National,5.0,1.20,4.4,Surplus,15,0.22,0.08,16.0,12,0.99,0
MOSPI/701261,Flyover Km 544 ROB Service Roads Urban Link Nagpur Raipur,Transport,Central,Maharashtra,Nagpur (Pardi Octroi Naka to Itwari),Completed,Point,NH_Act_1956,Highway,Physical_Possession_Taken,2850,Private_Urban_Commercial,18.5,240,0,1.0,FALSE,100.0,TRUE,98.0,Not_Applicable,75,TRUE,45,110,None,None,0,FALSE,1.15,Tier_1_National,7.5,1.08,5.0,Surplus,16,0.30,0.10,12.0,14,0.98,980
MOSPI/701262,Kalai-II Hydroelectric Project 1200 MW Lohit River,Energy,Central,Arunachal Pradesh,Anjaw,Ongoing,Polygon,LARR_Act_2013,Hydroelectric_Dam,Section_11_Preliminary_Notification,450,Mountainous_Forest_and_Riparian,1850.0,580,0,12.5,FALSE,45.0,FALSE,90.0,Stage_1_Applied,15,TRUE,65,10,None,None,12,FALSE,1.28,Tier_1_National,15.5,0.88,6.0,Scarce,50,0.92,0.40,2.0,22,0.92,0
MOSPI/701264,Varanasi Ranchi Kolkata Highway Pkg 11 Donoreshan Bongabar,Transport,Central,Jharkhand,Ramgarh,Ongoing,Linear,NH_Act_1956,Highway,Section_3G_Award,680,Private_Agricultural_and_Forest,220.0,740,1,3.2,FALSE,82.5,TRUE,95.0,Stage_1_In_Principle,85,TRUE,140,28,None,None,0,FALSE,1.08,Tier_1_National,6.2,1.12,4.8,Surplus,20,0.48,0.18,10.0,15,0.97,0
MOSPI/701265,Varanasi Ranchi Kolkata Highway Pkg 12 Bongabar to Lepo,Transport,Central,Jharkhand,Ramgarh & Bokaro,Ongoing,Linear,NH_Act_1956,Highway,Section_3G_Award,680,Private_Agricultural_and_Forest,198.0,680,1,3.0,FALSE,84.0,TRUE,95.5,Stage_1_In_Principle,78,TRUE,125,24,None,None,0,FALSE,1.06,Tier_1_National,5.8,1.14,4.7,Surplus,18,0.50,0.18,9.5,15,0.97,0
MOSPI/701266,Southern Ludhiana Bypass Greenfield 6L NH-44 to NE-5,Transport,Central,Punjab,Ludhiana (Rajgarh to Ballowal),Ongoing,Linear,NH_Act_1956,Highway,Section_3G_Award,720,Private_Agricultural,245.0,920,1,2.4,FALSE,88.5,TRUE,96.0,Not_Applicable,95,TRUE,180,32,None,Farmer_Compensation_Protest,15,TRUE,1.10,Tier_1_National,6.5,1.10,4.9,Adequate,18,0.22,0.08,12.0,15,0.96,90
MOSPI/701267,NH-716B Varadharajula to Kumarajapet 6L Pkg 1,Transport,Central,Andhra Pradesh & Tamil Nadu,Chittoor to Tiruvallur,Completed,Linear,NH_Act_1956,Highway,Physical_Possession_Taken,1450,Private_Agricultural,285.0,850,0,1.5,FALSE,99.2,TRUE,98.0,Stage_2_Final_Approved,95,TRUE,140,25,None,None,0,FALSE,1.02,Tier_1_National,5.2,1.18,4.5,Surplus,16,0.38,0.12,11.0,12,0.98,0
MOSPI/701268,Delhi Amritsar Katra Expressway Pkg IV Alewa to Kharak Pandwa,Transport,Central,Haryana,Jind & Kaithal,Completed,Linear,NH_Act_1956,Highway,Physical_Possession_Taken,1380,Private_Agricultural,310.0,1120,0,1.2,FALSE,99.5,TRUE,98.5,Not_Applicable,115,TRUE,160,24,None,None,0,FALSE,1.05,Tier_1_National,5.5,1.15,4.6,Adequate,18,0.20,0.08,14.0,14,0.98,0
MOSPI/701269,Petro Resid Fluidized Catalytic Cracking PRFCC Mumbai Refinery,Energy,Central,Maharashtra,Mumbai Suburban (Mahul),Ongoing,Point,PMP_Act_1962,Refinery,Physical_Possession_Taken,620,Government_Industrial,12.5,0,0,0.0,FALSE,100.0,FALSE,98.0,Not_Applicable,25,TRUE,0,0,None,None,0,FALSE,1.05,Tier_1_National,5.0,1.18,4.5,Surplus,18,0.38,0.10,2.5,14,0.98,0
NHIDCL/N24001324,2-Laning with Paved Shoulder Khellani Khanabal Pkg 6,Transport,Central,Jammu & Kashmir,Anantnag & Doda,Ongoing,Linear,NH_Act_1956,Highway,Physical_Possession_Taken,1820,Mountainous_Forest_and_SubHimalayan,54.8,160,0,1.5,FALSE,98.5,TRUE,96.0,Stage_2_Final_Approved,28,TRUE,38,10,None,Landslide_Disruption,15,TRUE,1.28,Tier_2_Regional,15.5,0.88,6.2,Scarce,45,0.92,0.38,38.0,22,0.93,425
NHIDCL/N24001325,Khellani Khanabal Section 2LPS Pkg 1 Sudhmahadev Tunnel,Transport,Central,Jammu & Kashmir,Udhampur & Doda,Ongoing,Linear,NH_Act_1956,Tunnel,Physical_Possession_Taken,1950,Mountainous_Forest,68.2,110,0,0.0,FALSE,96.5,FALSE,95.0,Stage_2_Final_Approved,18,TRUE,15,0,None,None,20,TRUE,1.45,Tier_1_National,18.5,0.85,6.5,Scarce,50,0.95,0.40,48.0,24,0.92,620
NHIDCL/N24001326,Khellani Khanabal 2LPS Pkg 2 Goha Tunnel Approaches,Transport,Central,Jammu & Kashmir,Doda,Ongoing,Linear,NH_Act_1956,Highway,Physical_Possession_Taken,1780,Mountainous_Forest,48.0,95,0,1.2,FALSE,97.0,TRUE,95.5,Stage_2_Final_Approved,22,TRUE,28,6,None,None,10,FALSE,1.25,Tier_2_Regional,14.0,0.90,6.0,Scarce,42,0.90,0.35,40.0,20,0.94,510
NHIDCL/N24001327,Khellani Khanabal 2LPS Pkg 3 Chamalwas Section,Transport,Central,Jammu & Kashmir,Ramban & Doda,Ongoing,Linear,NH_Act_1956,Highway,Physical_Possession_Taken,1680,Mountainous_Forest,52.5,120,0,1.8,FALSE,96.0,TRUE,95.0,Stage_2_Final_Approved,25,TRUE,35,8,None,Landslide_Disruption,12,TRUE,1.32,Tier_2_Regional,16.0,0.88,6.2,Scarce,44,0.92,0.36,42.0,22,0.93,580
NHIDCL/N24001328,Khellani Khanabal 2LPS Pkg 4 Singpora Vailoo Tunnel Approach,Transport,Central,Jammu & Kashmir,Kishtwar & Anantnag,Ongoing,Linear,NH_Act_1956,Tunnel,Physical_Possession_Taken,1450,Mountainous_Forest,78.0,85,0,0.0,FALSE,94.0,FALSE,94.0,Stage_2_Final_Approved,16,TRUE,12,0,None,None,15,TRUE,1.52,Tier_1_National,22.0,0.80,6.8,Scarce,55,0.96,0.42,55.0,26,0.90,730
NHIDCL/N24001329,Khellani Khanabal 2LPS Pkg 5 Vailoo to Donipawa,Transport,Central,Jammu & Kashmir,Anantnag,Ongoing,Linear,NH_Act_1956,Highway,Physical_Possession_Taken,1620,Private_Agricultural_and_SubHimalayan,62.4,240,0,2.0,FALSE,98.0,TRUE,96.5,Stage_2_Final_Approved,32,TRUE,54,15,None,None,5,FALSE,1.18,Tier_2_Regional,10.5,0.98,5.4,Adequate,30,0.82,0.28,28.0,18,0.95,310
NHAI/N24001801,Delhi Amritsar Katra Expressway Pkg I Delhi Kundli Section,Transport,Central,Delhi & Haryana,North Delhi to Sonipat,Ongoing,Linear,NH_Act_1956,Highway,Physical_Possession_Taken,1820,Private_Urban_and_Agricultural,210.0,850,1,1.8,FALSE,99.0,TRUE,98.0,Not_Applicable,140,TRUE,180,65,None,None,0,FALSE,1.08,Tier_1_National,6.5,1.12,4.8,Surplus,18,0.22,0.08,18.0,14,0.98,240
NHAI/N24001802,Delhi Amritsar Katra Expressway Pkg II Sonipat to Jind,Transport,Central,Haryana,Sonipat to Jind,Ongoing,Linear,NH_Act_1956,Highway,Physical_Possession_Taken,1750,Private_Agricultural,340.0,1180,0,1.5,FALSE,99.2,TRUE,98.5,Not_Applicable,120,TRUE,165,28,None,None,0,FALSE,1.05,Tier_1_National,5.8,1.15,4.7,Surplus,18,0.20,0.08,16.0,14,0.98,180
NHAI/N24001803,Delhi Amritsar Katra Expressway Pkg III Jind to Kaithal,Transport,Central,Haryana,Jind to Kaithal,Ongoing,Linear,NH_Act_1956,Highway,Physical_Possession_Taken,1680,Private_Agricultural,315.0,1050,0,1.2,FALSE,99.5,TRUE,98.5,Not_Applicable,110,TRUE,145,22,None,None,0,FALSE,1.04,Tier_1_National,5.2,1.16,4.6,Surplus,16,0.20,0.08,15.5,12,0.99,120
NHAI/N24001806,Delhi Amritsar Katra Expressway Pkg VI Patiala to Malerkotla,Transport,Central,Punjab,Patiala to Malerkotla,Ongoing,Linear,NH_Act_1956,Highway,Physical_Possession_Taken,1620,Private_Agricultural,285.0,980,1,2.5,FALSE,97.5,TRUE,97.0,Not_Applicable,125,TRUE,190,35,None,Farmer_Compensation_Protest,20,TRUE,1.14,Tier_1_National,7.5,1.08,5.1,Adequate,20,0.24,0.09,12.0,16,0.96,365
NHAI/N24001807,Delhi Amritsar Katra Expressway Pkg VII Malerkotla to Ludhiana,Transport,Central,Punjab,Malerkotla to Ludhiana,Ongoing,Linear,NH_Act_1956,Highway,Physical_Possession_Taken,1580,Private_Agricultural,295.0,1020,1,2.2,FALSE,98.0,TRUE,97.5,Not_Applicable,130,TRUE,175,30,None,Farmer_Compensation_Protest,15,TRUE,1.12,Tier_1_National,7.0,1.10,5.0,Adequate,20,0.22,0.08,11.5,15,0.97,310
NHAI/N24001808,Delhi Amritsar Katra Expressway Pkg VIII Ludhiana to Moga,Transport,Central,Punjab,Ludhiana to Moga,Ongoing,Linear,NH_Act_1956,Highway,Section_3G_Award,980,Private_Agricultural,310.0,1100,2,3.2,FALSE,86.5,TRUE,95.5,Not_Applicable,115,TRUE,160,26,None,Farmer_Compensation_Protest,25,TRUE,1.18,Tier_1_National,8.2,1.05,5.2,Adequate,22,0.25,0.10,10.5,16,0.95,450
NHAI/N24001809,Delhi Amritsar Katra Expressway Pkg IX Moga to Jalandhar Spur,Transport,Central,Punjab,Moga to Nakodar,Ongoing,Linear,NH_Act_1956,Highway,Section_3G_Award,950,Private_Agricultural,275.0,940,1,2.8,FALSE,88.0,TRUE,96.0,Not_Applicable,105,TRUE,140,22,None,Farmer_Compensation_Protest,20,TRUE,1.15,Tier_1_National,7.8,1.08,5.0,Adequate,20,0.24,0.09,11.0,16,0.96,420
NHAI/N24001810,Delhi Amritsar Katra Expressway Pkg X Nakodar to Sultanpur Lodhi,Transport,Central,Punjab,Jalandhar & Kapurthala,Ongoing,Linear,NH_Act_1956,Highway,Section_3G_Award,920,Private_Agricultural,260.0,890,1,2.5,FALSE,89.5,TRUE,96.5,Not_Applicable,95,TRUE,130,18,None,Farmer_Compensation_Protest,15,TRUE,1.12,Tier_1_National,7.2,1.10,4.9,Adequate,18,0.22,0.08,10.0,15,0.96,365
NHAI/N24001811,Delhi Amritsar Katra Expressway Pkg XI Sultanpur Lodhi to Gurdaspur,Transport,Central,Punjab,Kapurthala & Gurdaspur,Ongoing,Linear,NH_Act_1956,Highway,Section_3G_Award,890,Private_Agricultural,285.0,980,1,2.8,FALSE,87.0,TRUE,96.0,Not_Applicable,110,TRUE,150,24,None,Farmer_Compensation_Protest,20,TRUE,1.14,Tier_1_National,7.5,1.08,5.1,Adequate,20,0.28,0.10,12.0,16,0.96,395
NHAI/N24001813,Delhi Amritsar Katra Expressway Pkg XIII Kathua to Samba,Transport,Central,Jammu & Kashmir,Kathua to Samba,Ongoing,Linear,NH_Act_1956,Highway,Physical_Possession_Taken,1420,Private_Agricultural_and_SubHimalayan,225.0,810,0,1.8,FALSE,98.5,TRUE,97.5,Stage_2_Final_Approved,90,TRUE,135,22,None,None,0,FALSE,1.08,Tier_1_National,6.2,1.14,4.9,Adequate,20,0.34,0.12,15.5,14,0.98,335
NHAI/N24001816,Delhi Amritsar Katra Expressway Pkg XVI Samba to Jammu Ring Road,Transport,Central,Jammu & Kashmir,Samba to Jammu,Ongoing,Linear,NH_Act_1956,Highway,Physical_Possession_Taken,1380,Private_Agricultural_and_SubHimalayan,195.0,720,0,1.5,FALSE,99.0,TRUE,98.0,Stage_2_Final_Approved,85,TRUE,115,18,None,None,0,FALSE,1.06,Tier_1_National,5.8,1.15,4.8,Adequate,18,0.32,0.10,16.5,14,0.98,280
NHAI/N24001817,Delhi Amritsar Katra Expressway Pkg XVII Jammu Ring Road to Katra,Transport,Central,Jammu & Kashmir,Jammu to Reasi (Katra),Ongoing,Linear,NH_Act_1956,Highway,Physical_Possession_Taken,1490,Mountainous_Forest_and_SubHimalayan,180.0,650,1,2.2,FALSE,96.5,TRUE,96.0,Stage_2_Final_Approved,95,TRUE,125,25,None,None,5,FALSE,1.15,Tier_1_National,8.5,1.05,5.2,Scarce,25,0.45,0.18,22.0,16,0.96,450
NHAI/N24001821,Varanasi Ranchi Kolkata Highway Pkg 1 Varanasi to Chandauli,Transport,Central,Uttar Pradesh,Varanasi & Chandauli,Ongoing,Linear,NH_Act_1956,Highway,Section_3G_Award,750,Private_Agricultural,210.0,850,1,2.2,FALSE,88.5,TRUE,96.5,Not_Applicable,90,TRUE,145,35,None,None,0,FALSE,1.06,Tier_1_National,5.8,1.15,4.8,Surplus,18,0.35,0.12,11.0,14,0.97,60
NHAI/N24001822,Varanasi Ranchi Kolkata Highway Pkg 2 Chandauli to UP/Bihar Border,Transport,Central,Uttar Pradesh & Bihar,Chandauli to Kaimur,Ongoing,Linear,NH_Act_1956,Highway,Section_3G_Award,720,Private_Agricultural,195.0,780,1,2.0,FALSE,89.0,TRUE,96.5,Not_Applicable,85,TRUE,130,28,None,None,0,FALSE,1.05,Tier_1_National,5.5,1.16,4.7,Surplus,18,0.38,0.12,10.5,14,0.98,45
NHAI/N24001824,Varanasi Ranchi Kolkata Highway Pkg 4 Rohtas Section,Transport,Central,Bihar,Rohtas (Sasaram),Ongoing,Linear,NH_Act_1956,Highway,Section_3G_Award,690,Private_Agricultural,245.0,920,0,2.1,FALSE,86.0,TRUE,95.5,Not_Applicable,95,TRUE,160,32,None,None,0,FALSE,1.08,Tier_1_National,6.2,1.12,4.8,Surplus,20,0.45,0.15,8.5,15,0.97,0
NHAI/N24001825,Varanasi Ranchi Kolkata Highway Pkg 5 Rohtas to Aurangabad,Transport,Central,Bihar,Rohtas to Aurangabad,Ongoing,Linear,NH_Act_1956,Highway,Section_3G_Award,680,Private_Agricultural_and_Riparian,260.0,980,1,2.5,FALSE,84.5,TRUE,95.0,Stage_1_In_Principle,110,TRUE,175,38,None,None,0,FALSE,1.10,Tier_1_National,6.8,1.10,5.0,Surplus,20,0.52,0.16,7.5,16,0.96,0
NHAI/N24001827,Varanasi Ranchi Kolkata Highway Pkg 7 Chatra Section North,Transport,Central,Jharkhand,Chatra,Ongoing,Linear,NH_Act_1956,Highway,Section_3G_Award,640,Private_Agricultural_and_Forest,210.0,740,1,3.8,FALSE,79.0,TRUE,94.0,Stage_1_Applied,75,TRUE,135,24,None,None,0,FALSE,1.12,Tier_1_National,7.2,1.08,5.2,Adequate,22,0.50,0.20,9.0,16,0.95,0
NHAI/N24001828,Varanasi Ranchi Kolkata Highway Pkg 8 Chatra Section South,Transport,Central,Jharkhand,Chatra,Ongoing,Linear,NH_Act_1956,Highway,Section_3G_Award,630,Private_Agricultural_and_Forest,225.0,780,2,4.2,TRUE,75.0,TRUE,93.5,Stage_1_Applied,82,TRUE,150,28,None,None,5,FALSE,1.15,Tier_1_National,8.0,1.05,5.4,Adequate,24,0.52,0.22,9.2,18,0.94,0
NHAI/N24001830,Varanasi Ranchi Kolkata Highway Pkg 10 Hazaribagh Section,Transport,Central,Jharkhand,Hazaribagh,Ongoing,Linear,NH_Act_1956,Highway,Section_3G_Award,640,Private_Agricultural_and_Forest,235.0,820,1,3.5,FALSE,81.0,TRUE,94.5,Stage_1_In_Principle,88,TRUE,160,30,None,None,0,FALSE,1.10,Tier_1_National,7.0,1.10,5.0,Adequate,22,0.48,0.18,10.0,16,0.96,0
NHAI/N24001834,Varanasi Ranchi Kolkata Highway Pkg 14 Purulia Section West,Transport,Central,West Bengal,Purulia,Ongoing,Linear,NH_Act_1956,Highway,Section_3G_Award,610,Private_Agricultural,220.0,850,1,2.8,FALSE,82.0,TRUE,95.0,Stage_1_In_Principle,78,TRUE,140,28,None,None,0,FALSE,1.08,Tier_1_National,6.5,1.12,4.9,Surplus,20,0.45,0.16,9.0,15,0.97,0
NHAI/N24001835,Varanasi Ranchi Kolkata Highway Pkg 15 Purulia to Bankura,Transport,Central,West Bengal,Purulia to Bankura,Ongoing,Linear,NH_Act_1956,Highway,Section_3G_Award,590,Private_Agricultural,240.0,920,1,3.0,FALSE,79.5,TRUE,94.5,Stage_1_In_Principle,85,TRUE,155,32,None,None,0,FALSE,1.10,Tier_1_National,7.0,1.10,5.1,Surplus,22,0.48,0.18,8.5,16,0.96,0
NHAI/N24001836,Varanasi Ranchi Kolkata Highway Pkg 16 Bankura to Paschim Medinipur,Transport,Central,West Bengal,Bankura & Paschim Medinipur,Ongoing,Linear,NH_Act_1956,Highway,Section_3G_Award,580,Private_Agricultural_and_Forest,265.0,1050,2,3.5,FALSE,76.0,TRUE,93.5,Stage_1_Applied,95,TRUE,180,38,None,None,5,FALSE,1.14,Tier_1_National,7.8,1.06,5.3,Adequate,24,0.55,0.20,7.0,18,0.95,0
NHAI/N24001837,Varanasi Ranchi Kolkata Highway Pkg 17 Medinipur to NH-16 Uluberia,Transport,Central,West Bengal,Paschim Medinipur to Howrah,Ongoing,Linear,NH_Act_1956,Highway,Section_3D/19_Declaration,480,Private_Agricultural_and_Riparian,295.0,1420,3,4.5,TRUE,62.0,TRUE,92.0,Stage_1_Applied,140,TRUE,280,65,None,Landowner_Dispute,15,FALSE,1.20,Tier_1_National,9.5,1.02,5.6,Surplus,26,0.72,0.25,3.2,20,0.94,0
NHAI/N24001841,Raipur Visakhapatnam Expressway Pkg 3 Kondagaon Section,Transport,Central,Chhattisgarh,Kondagaon,Ongoing,Linear,NH_Act_1956,Highway,Section_3G_Award,880,Private_Agricultural_and_Forest,285.0,850,1,3.0,FALSE,86.0,TRUE,95.5,Stage_2_Final_Approved,95,TRUE,140,25,None,None,0,FALSE,1.08,Tier_1_National,6.2,1.12,4.9,Surplus,20,0.42,0.15,9.5,15,0.97,60
NHAI/N24001843,Raipur Visakhapatnam Expressway Pkg 5 Nabarangpur Section,Transport,Central,Odisha,Nabarangpur,Ongoing,Linear,NH_Act_1956,Highway,Section_3D/19_Declaration,720,Forest_and_Tribal_Agricultural,310.0,920,0,4.8,TRUE,62.0,TRUE,92.0,Stage_1_In_Principle,85,TRUE,110,22,None,Tribal_Rights_Protest,15,TRUE,1.18,Tier_2_Regional,10.5,0.95,5.5,Adequate,26,0.65,0.24,12.0,20,0.94,150
NHAI/N24001846,Raipur Visakhapatnam Expressway Pkg 6 Koraput to AP Border,Transport,Central,Odisha & Andhra Pradesh,Koraput to Vizianagaram,Ongoing,Linear,NH_Act_1956,Highway,Section_3G_Award,790,Mountainous_Forest,260.0,680,1,4.2,FALSE,78.5,TRUE,94.0,Stage_2_Final_Approved,72,TRUE,95,18,None,None,0,FALSE,1.12,Tier_1_National,8.0,1.05,5.2,Adequate,25,0.70,0.28,15.0,18,0.95,90
NHAI/N24001847,Raipur Visakhapatnam Expressway Pkg 7 Vizianagaram Section,Transport,Central,Andhra Pradesh,Vizianagaram,Ongoing,Linear,NH_Act_1956,Highway,Section_3G_Award,840,Private_Agricultural,245.0,780,0,1.8,FALSE,92.0,TRUE,96.5,Stage_2_Final_Approved,88,TRUE,125,24,None,None,0,FALSE,1.04,Tier_1_National,5.2,1.18,4.6,Surplus,16,0.38,0.12,8.0,14,0.98,30
NHAI/N24001848,Raipur Visakhapatnam Expressway Pkg 8 Sabbavaram Port Spur,Transport,Central,Andhra Pradesh,Visakhapatnam (Sabbavaram to Port),Ongoing,Linear,NH_Act_1956,Highway,Physical_Possession_Taken,920,Private_Agricultural_and_Urban,185.0,650,0,1.5,FALSE,96.0,TRUE,97.5,Stage_2_Final_Approved,110,TRUE,140,42,None,None,0,FALSE,1.02,Tier_1_National,4.8,1.20,4.5,Surplus,15,0.40,0.14,6.0,12,0.98,0
NHAI/N24001852,Gorakhpur Siliguri Expressway Pkg 2 Kushinagar Section,Transport,Central,Uttar Pradesh,Kushinagar,Ongoing,Linear,NH_Act_1956,Highway,Section_3A_Notification,660,Private_Agricultural,420.0,1650,1,3.0,TRUE,28.0,TRUE,94.0,Stage_1_Applied,120,TRUE,240,52,None,None,0,FALSE,1.04,Tier_1_National,5.0,1.18,4.7,Surplus,18,0.55,0.15,5.5,15,0.97,0
NHAI/N24001853,Gorakhpur Siliguri Expressway Pkg 3 UP/Bihar Border Gopalganj,Transport,Central,Uttar Pradesh & Bihar,Kushinagar to Gopalganj,Ongoing,Linear,NH_Act_1956,Highway,Section_3A_Notification,650,Private_Agricultural_and_Riparian,440.0,1720,2,3.5,TRUE,22.0,TRUE,93.0,Stage_1_Applied,135,TRUE,260,58,None,None,0,FALSE,1.06,Tier_1_National,5.5,1.15,4.9,Surplus,18,0.60,0.18,4.5,16,0.96,0
NHAI/N24001855,Gorakhpur Siliguri Expressway Pkg 5 East Champaran Section,Transport,Central,Bihar,East Champaran (Motihari),Ongoing,Linear,NH_Act_1956,Highway,Section_3A_Notification,640,Private_Agricultural,480.0,1850,2,3.8,TRUE,20.0,TRUE,93.0,Stage_1_Applied,145,TRUE,290,65,None,None,0,FALSE,1.06,Tier_1_National,5.5,1.14,5.0,Adequate,20,0.62,0.18,4.0,16,0.96,0
NHAI/N24001856,Gorakhpur Siliguri Expressway Pkg 6 Sitamarhi Section,Transport,Central,Bihar,Sitamarhi,Ongoing,Linear,NH_Act_1956,Highway,Section_3A_Notification,620,Private_Agricultural,460.0,1780,2,4.0,TRUE,18.0,TRUE,92.5,Stage_1_Applied,140,TRUE,275,62,None,None,0,FALSE,1.08,Tier_1_National,5.8,1.12,5.1,Adequate,22,0.68,0.20,3.5,18,0.95,0
NHAI/N24001857,Gorakhpur Siliguri Expressway Pkg 7 Madhubani Section,Transport,Central,Bihar,Madhubani,Ongoing,Linear,NH_Act_1956,Highway,Section_3A_Notification,610,Private_Agricultural_and_Wetland,490.0,1920,3,4.5,TRUE,16.5,TRUE,92.0,Stage_1_Applied,155,TRUE,310,70,None,None,0,FALSE,1.10,Tier_1_National,6.2,1.10,5.2,Adequate,24,0.72,0.22,2.8,18,0.95,0
NHAI/N24001858,Gorakhpur Siliguri Expressway Pkg 8 Supaul Kosi River Crossing,Transport,Central,Bihar,Supaul (Kosi Mega Bridge),Ongoing,Linear,NH_Act_1956,Highway,Section_3A_Notification,590,Riverbed_and_Alluvial_Floodplain,520.0,1650,2,5.2,TRUE,15.0,TRUE,91.5,Stage_1_Applied,110,TRUE,180,45,None,Flooding_Risk_Dispute,10,FALSE,1.25,Tier_1_National,9.5,1.02,5.5,Adequate,28,0.85,0.28,1.5,22,0.93,0
NHAI/N24001859,Gorakhpur Siliguri Expressway Pkg 9 Araria Section,Transport,Central,Bihar,Araria,Ongoing,Linear,NH_Act_1956,Highway,Section_3A_Notification,580,Private_Agricultural,450.0,1680,1,3.2,TRUE,22.0,TRUE,93.5,Stage_1_Applied,125,TRUE,240,50,None,None,0,FALSE,1.05,Tier_1_National,5.2,1.16,4.8,Adequate,20,0.70,0.20,3.0,16,0.96,0
NHAI/N24001860,Gorakhpur Siliguri Expressway Pkg 10 Kishanganj Section,Transport,Central,Bihar,Kishanganj,Ongoing,Linear,NH_Act_1956,Highway,Section_3A_Notification,570,Private_Agricultural_and_Tea_Estate,430.0,1540,1,3.0,TRUE,25.0,TRUE,94.0,Stage_1_Applied,130,TRUE,220,48,None,None,0,FALSE,1.06,Tier_1_National,5.5,1.15,4.9,Adequate,22,0.75,0.22,2.5,16,0.96,0
NHAI/N24001861,Gorakhpur Siliguri Expressway Pkg 11 Darjeeling WB Section,Transport,Central,West Bengal,Darjeeling (Phansidewa to Siliguri),Ongoing,Linear,NH_Act_1956,Highway,Section_3A_Notification,560,Private_Agricultural_Tea_and_Urban,380.0,1850,2,3.8,TRUE,28.0,TRUE,94.0,Stage_1_Applied,145,TRUE,290,85,None,Tea_Tribe_Livelihood_Protest,12,FALSE,1.12,Tier_1_National,6.8,1.10,5.2,Adequate,24,0.78,0.24,3.0,18,0.95,0
NHAI/N24001871,Amritsar Jamnagar Expressway Pkg 1 Amritsar Bypass to Tarn Taran,Transport,Central,Punjab,Amritsar & Tarn Taran,Ongoing,Linear,NH_Act_1956,Highway,Section_3G_Award,850,Private_Agricultural,220.0,780,1,2.5,FALSE,91.0,TRUE,96.5,Not_Applicable,85,TRUE,140,24,None,Farmer_Compensation_Protest,15,TRUE,1.08,Tier_1_National,6.0,1.12,4.8,Adequate,18,0.20,0.08,12.0,14,0.97,90
NHAI/N24001872,Amritsar Jamnagar Expressway Pkg 2 Tarn Taran to Firozpur,Transport,Central,Punjab,Tarn Taran to Firozpur,Ongoing,Linear,NH_Act_1956,Highway,Section_3G_Award,820,Private_Agricultural,260.0,890,1,2.8,FALSE,88.5,TRUE,96.0,Not_Applicable,92,TRUE,165,28,None,Farmer_Compensation_Protest,20,TRUE,1.10,Tier_1_National,6.5,1.10,5.0,Adequate,18,0.22,0.08,11.0,15,0.96,120
NHAI/N24001873,Amritsar Jamnagar Expressway Pkg 3 Firozpur to Bathinda,Transport,Central,Punjab,Firozpur to Bathinda,Ongoing,Linear,NH_Act_1956,Highway,Section_3G_Award,790,Private_Agricultural,295.0,980,1,2.4,FALSE,89.0,TRUE,96.0,Not_Applicable,98,TRUE,170,30,None,Farmer_Compensation_Protest,15,TRUE,1.10,Tier_1_National,6.2,1.12,4.9,Adequate,18,0.20,0.08,13.0,15,0.97,110
NHAI/N24001875,Amritsar Jamnagar Expressway Pkg 5 Hanumangarh Section,Transport,Central,Rajasthan,Hanumangarh,Completed,Linear,NH_Act_1956,Highway,Physical_Possession_Taken,1480,Private_Agricultural_Arid,410.0,520,0,1.0,FALSE,100.0,TRUE,98.5,Not_Applicable,35,TRUE,50,8,None,None,0,FALSE,0.88,Tier_1_National,4.0,1.24,4.0,Surplus,14,0.08,0.05,42.0,12,0.99,0
NHAI/N24001876,Amritsar Jamnagar Expressway Pkg 6 Suratgarh Section,Transport,Central,Rajasthan,Sri Ganganagar (Suratgarh),Completed,Linear,NH_Act_1956,Highway,Physical_Possession_Taken,1450,Private_Agricultural_Arid,390.0,480,0,0.8,FALSE,100.0,TRUE,99.0,Not_Applicable,32,TRUE,45,6,None,None,0,FALSE,0.86,Tier_1_National,3.8,1.25,3.9,Surplus,14,0.08,0.05,45.0,10,0.99,0
NHAI/N24001877,Amritsar Jamnagar Expressway Pkg 7 Lunkaransar Section,Transport,Central,Rajasthan,Bikaner (Lunkaransar),Completed,Linear,NH_Act_1956,Highway,Physical_Possession_Taken,1440,Private_Agricultural_Arid,440.0,510,0,1.0,FALSE,100.0,TRUE,98.5,Not_Applicable,30,TRUE,48,8,None,None,0,FALSE,0.88,Tier_1_National,4.2,1.22,4.1,Surplus,14,0.08,0.05,48.0,12,0.99,15
NHAI/N24001879,Amritsar Jamnagar Expressway Pkg 9 Nokha Section,Transport,Central,Rajasthan,Bikaner (Nokha),Completed,Linear,NH_Act_1956,Highway,Physical_Possession_Taken,1410,Private_Agricultural_Arid,460.0,540,0,1.0,FALSE,100.0,TRUE,98.5,Not_Applicable,36,TRUE,52,10,None,None,0,FALSE,0.90,Tier_1_National,4.5,1.20,4.2,Surplus,15,0.08,0.05,50.0,12,0.99,25
NHAI/N24001880,Amritsar Jamnagar Expressway Pkg 10 Nagaur Section,Transport,Central,Rajasthan,Nagaur,Completed,Linear,NH_Act_1956,Highway,Physical_Possession_Taken,1390,Private_Agricultural_Arid,480.0,560,0,1.2,FALSE,99.5,TRUE,98.0,Not_Applicable,40,TRUE,58,12,None,None,0,FALSE,0.92,Tier_1_National,4.5,1.20,4.3,Surplus,15,0.08,0.05,52.0,12,0.98,30
NHAI/N24001882,Amritsar Jamnagar Expressway Pkg 12 Barmer Section,Transport,Central,Rajasthan,Barmer,Completed,Linear,NH_Act_1956,Highway,Physical_Possession_Taken,1360,Private_Agricultural_Arid,510.0,420,0,0.8,FALSE,100.0,TRUE,98.5,Not_Applicable,28,TRUE,38,6,None,None,0,FALSE,0.90,Tier_1_National,4.0,1.22,4.2,Surplus,16,0.05,0.05,55.0,12,0.99,35
NHAI/N24001883,Amritsar Jamnagar Expressway Pkg 13 Sanchore RJ/GJ Border,Transport,Central,Rajasthan & Gujarat,Jalore to Banaskantha,Completed,Linear,NH_Act_1956,Highway,Physical_Possession_Taken,1340,Private_Agricultural_Arid,470.0,590,0,1.0,FALSE,99.0,TRUE,98.0,Not_Applicable,42,TRUE,65,12,None,None,0,FALSE,0.94,Tier_1_National,4.8,1.20,4.4,Surplus,16,0.12,0.08,40.0,12,0.98,40
NHAI/N24001884,Amritsar Jamnagar Expressway Pkg 14 Tharad Section,Transport,Central,Gujarat,Banaskantha (Tharad),Completed,Linear,NH_Act_1956,Highway,Physical_Possession_Taken,1320,Private_Agricultural,390.0,680,0,1.2,FALSE,99.2,TRUE,98.0,Not_Applicable,48,TRUE,75,15,None,None,0,FALSE,0.96,Tier_1_National,5.0,1.18,4.5,Surplus,16,0.15,0.08,32.0,14,0.98,45
NHAI/N24001885,Amritsar Jamnagar Expressway Pkg 15 Vav Section,Transport,Central,Gujarat,Banaskantha (Vav),Completed,Linear,NH_Act_1956,Highway,Physical_Possession_Taken,1310,Private_Agricultural_and_Saline,420.0,610,0,1.0,FALSE,99.5,TRUE,98.5,Not_Applicable,45,TRUE,68,14,None,None,0,FALSE,0.95,Tier_1_National,4.8,1.18,4.5,Surplus,18,0.18,0.10,25.0,12,0.98,30
NHAI/N24001886,Amritsar Jamnagar Expressway Pkg 16 Santalpur Section,Transport,Central,Gujarat,Patan (Santalpur),Completed,Linear,NH_Act_1956,Highway,Physical_Possession_Taken,1290,Private_Agricultural_and_Saline,450.0,540,0,0.8,FALSE,100.0,TRUE,98.5,Not_Applicable,38,TRUE,55,10,None,None,0,FALSE,0.92,Tier_1_National,4.5,1.20,4.4,Surplus,18,0.20,0.12,20.0,12,0.99,20
NHAI/N24001887,Amritsar Jamnagar Expressway Pkg 17 Maliya Section,Transport,Central,Gujarat,Morbi (Maliya),Completed,Linear,NH_Act_1956,Highway,Physical_Possession_Taken,1280,Private_Agricultural_and_Coastal,380.0,690,0,1.2,FALSE,99.0,TRUE,98.0,Not_Applicable,52,TRUE,85,18,None,None,0,FALSE,0.98,Tier_1_National,5.2,1.18,4.6,Surplus,18,0.25,0.15,15.0,14,0.98,35
NHAI/N24001888,Amritsar Jamnagar Expressway Pkg 18 Morbi Section,Transport,Central,Gujarat,Morbi,Completed,Linear,NH_Act_1956,Highway,Physical_Possession_Taken,1260,Private_Agricultural_and_Industrial,340.0,780,0,1.5,FALSE,99.5,TRUE,98.0,Not_Applicable,64,TRUE,95,24,None,None,0,FALSE,1.02,Tier_1_National,5.5,1.16,4.6,Surplus,18,0.22,0.12,14.0,12,0.98,45
NHAI/N24001889,Amritsar Jamnagar Expressway Pkg 19 Jamnagar Section,Transport,Central,Gujarat,Jamnagar (Refinery Spur),Completed,Linear,NH_Act_1956,Highway,Physical_Possession_Taken,1250,Private_Agricultural_and_Coastal,360.0,820,0,1.2,FALSE,100.0,TRUE,98.5,Not_Applicable,58,TRUE,88,22,None,None,0,FALSE,0.96,Tier_1_National,5.0,1.18,4.5,Surplus,16,0.25,0.14,12.0,12,0.99,30
NHAI/N24001891,Ludhiana Bathinda Greenfield Highway Pkg 3 Bathinda Spur,Transport,Central,Punjab,Bathinda (Rampura Phul to City),Ongoing,Linear,NH_Act_1956,Highway,Section_3G_Award,710,Private_Agricultural,185.0,620,1,2.0,FALSE,88.0,TRUE,96.0,Not_Applicable,78,TRUE,95,18,None,Farmer_Compensation_Protest,10,TRUE,1.08,Tier_1_National,6.2,1.12,4.8,Adequate,18,0.20,0.08,14.5,15,0.97,90
NHAI/N24001892,Jalandhar Bypass NH-44 to NH-703 Greenfield,Transport,Central,Punjab,Jalandhar Urban & Rural,Ongoing,Linear,NH_Act_1956,Highway,Section_3G_Award,680,Private_Agricultural_and_Urban,145.0,740,1,3.2,FALSE,82.0,TRUE,95.0,Not_Applicable,85,TRUE,140,42,None,Farmer_Compensation_Protest,20,TRUE,1.15,Tier_1_National,7.5,1.06,5.2,Surplus,20,0.22,0.10,12.0,16,0.95,180
NHAI/N24001893,Ludhiana Ropar Greenfield Highway Pkg 1 Ludhiana to Neelon,Transport,Central,Punjab,Ludhiana,Ongoing,Linear,NH_Act_1956,Highway,Section_3G_Award,750,Private_Agricultural,220.0,850,1,2.8,FALSE,84.5,TRUE,95.0,Not_Applicable,92,TRUE,150,28,None,Farmer_Compensation_Protest,25,TRUE,1.14,Tier_1_National,7.2,1.08,5.1,Adequate,18,0.22,0.08,11.0,16,0.96,150
NHAI/N24001894,Ludhiana Ropar Greenfield Highway Pkg 2 Neelon to Ropar,Transport,Central,Punjab,Ludhiana to Rupnagar,Ongoing,Linear,NH_Act_1956,Highway,Section_3G_Award,740,Private_Agricultural_and_SubHimalayan,245.0,920,1,2.5,FALSE,86.0,TRUE,95.5,Stage_1_In_Principle,88,TRUE,140,24,None,Farmer_Compensation_Protest,20,TRUE,1.12,Tier_1_National,6.8,1.10,5.0,Adequate,20,0.30,0.10,14.0,15,0.96,120
NHAI/N24001895,Ludhiana Ropar Greenfield Highway Pkg 3 Kharar Bypass Spur,Transport,Central,Punjab,SAS Nagar Mohali & Kharar,Ongoing,Linear,NH_Act_1956,Highway,Section_3G_Award,710,Private_Urban_and_Agricultural,125.0,680,2,3.5,FALSE,81.0,TRUE,94.5,Not_Applicable,95,TRUE,165,45,None,Citizen_Activist_Protest,15,TRUE,1.18,Tier_1_National,8.0,1.05,5.2,Surplus,22,0.25,0.10,16.0,18,0.95,210
NHAI/N24001896,Ambala Shamli Greenfield Highway Pkg 1 Ambala Section,Transport,Central,Haryana,Ambala,Ongoing,Linear,NH_Act_1956,Highway,Physical_Possession_Taken,1150,Private_Agricultural,210.0,780,0,1.2,FALSE,98.5,TRUE,98.0,Not_Applicable,85,TRUE,120,20,None,None,0,FALSE,1.04,Tier_1_National,5.5,1.16,4.6,Surplus,16,0.20,0.08,16.0,12,0.99,480
NHAI/N24001898,Aligarh Palwal Section NH-334D Pkg I Palwal Section,Transport,Central,Haryana,Palwal,Ongoing,Linear,NH_Act_1956,Highway,Section_3G_Award,650,Private_Agricultural,145.0,560,0,1.5,FALSE,86.5,TRUE,96.0,Not_Applicable,75,TRUE,105,22,None,None,0,FALSE,1.06,Tier_1_National,5.8,1.14,4.8,Surplus,18,0.22,0.08,15.5,14,0.98,0
NHAI/N24001899,Moradabad Kashipur 4L NH-734 Pkg 1 Moradabad Section,Transport,Central,Uttar Pradesh,Moradabad,Ongoing,Linear,NH_Act_1956,Highway,Section_3G_Award,720,Private_Agricultural,180.0,740,0,1.8,FALSE,88.0,TRUE,96.0,Not_Applicable,85,TRUE,135,28,None,None,0,FALSE,1.06,Tier_1_National,6.0,1.14,4.8,Surplus,18,0.32,0.10,12.0,14,0.97,90
NHAI/N24001900,Moradabad Kashipur 4L NH-734 Pkg 2 Kashipur Section,Transport,Central,Uttarakhand,Udham Singh Nagar (Kashipur),Ongoing,Linear,NH_Act_1956,Highway,Section_3G_Award,710,Private_Agricultural_and_Industrial,165.0,680,0,1.5,FALSE,89.5,TRUE,96.5,Not_Applicable,80,TRUE,120,25,None,None,0,FALSE,1.05,Tier_1_National,5.8,1.15,4.7,Surplus,18,0.35,0.12,11.5,14,0.98,60
NHAI/N24001901,Gorakhpur Ring Road Phase 1 Jagdishpur to Jungle Kauria,Transport,Central,Uttar Pradesh,Gorakhpur,Ongoing,Linear,NH_Act_1956,Highway,Section_3G_Award,820,Private_Agricultural_and_Riparian,195.0,850,1,2.5,FALSE,92.0,TRUE,96.5,Stage_1_In_Principle,95,TRUE,160,35,None,None,0,FALSE,1.08,Tier_1_National,6.5,1.12,4.9,Surplus,18,0.48,0.15,5.5,15,0.97,120
NHAI/N24001902,Gorakhpur Ring Road Phase 2 Jungle Kauria to Nausarh,Transport,Central,Uttar Pradesh,Gorakhpur,Ongoing,Linear,NH_Act_1956,Highway,Section_3G_Award,780,Private_Agricultural_and_Riparian,180.0,790,1,2.2,FALSE,89.5,TRUE,96.0,Stage_1_In_Principle,88,TRUE,145,30,None,None,0,FALSE,1.06,Tier_1_National,6.2,1.14,4.8,Surplus,18,0.50,0.16,5.2,15,0.97,90
NHAI/N24001903,Ayodhya Ring Road Phase 1 NH-27 to NH-330A,Transport,Central,Uttar Pradesh,Ayodhya,Ongoing,Linear,NH_Act_1956,Highway,Section_3G_Award,850,Private_Agricultural,220.0,920,1,2.0,FALSE,94.5,TRUE,97.5,Stage_1_In_Principle,110,TRUE,165,38,Religious_Shrine,None,0,FALSE,1.05,Tier_1_National,5.8,1.16,4.8,Surplus,16,0.35,0.12,8.5,14,0.98,60
NHAI/N24001904,Ayodhya Ring Road Phase 2 NH-330A to NH-330,Transport,Central,Uttar Pradesh,Ayodhya & Gonda,Ongoing,Linear,NH_Act_1956,Highway,Section_3G_Award,820,Private_Agricultural_and_Saryu_Bridge,245.0,980,1,2.4,FALSE,92.0,TRUE,97.0,Stage_1_In_Principle,125,TRUE,180,42,Religious_Shrine,None,0,FALSE,1.08,Tier_1_National,6.5,1.14,5.0,Surplus,18,0.42,0.15,7.5,15,0.97,90
NHAI/N24001905,Varanasi Ring Road Phase 2 Package 1 Sandaha to Harhua,Transport,Central,Uttar Pradesh,Varanasi,Completed,Linear,NH_Act_1956,Highway,Physical_Possession_Taken,2450,Private_Agricultural_and_Urban,185.0,890,0,1.2,FALSE,100.0,TRUE,98.5,Not_Applicable,115,TRUE,150,45,None,None,0,FALSE,0.92,Tier_1_National,4.5,1.22,4.2,Surplus,15,0.30,0.10,12.0,12,0.99,0
NHAI/N24001906,Varanasi Ring Road Phase 2 Package 2 Harhua to Raja Talab,Transport,Central,Uttar Pradesh,Varanasi,Completed,Linear,NH_Act_1956,Highway,Physical_Possession_Taken,2380,Private_Agricultural_and_Urban,198.0,920,0,1.5,FALSE,99.5,TRUE,98.0,Not_Applicable,120,TRUE,165,48,None,None,0,FALSE,0.95,Tier_1_National,4.8,1.20,4.3,Surplus,15,0.28,0.10,13.0,12,0.99,30
NHAI/N24001907,Prayagraj Southern Bypass 6L Widening NH-19,Transport,Central,Uttar Pradesh,Prayagraj,Ongoing,Linear,NH_Act_1956,Highway,Physical_Possession_Taken,1250,Private_Agricultural_and_Urban,145.0,580,0,1.0,FALSE,98.5,TRUE,98.0,Not_Applicable,95,TRUE,110,24,None,None,0,FALSE,1.02,Tier_1_National,4.8,1.18,4.5,Surplus,16,0.32,0.10,10.0,12,0.98,0
NHAI/N24001908,Kanpur Ring Road Phase 1 Mandhana to Sachendi,Transport,Central,Uttar Pradesh,Kanpur Nagar,Ongoing,Linear,NH_Act_1956,Highway,Section_3G_Award,780,Private_Agricultural_and_Urban,210.0,880,1,2.0,FALSE,89.5,TRUE,96.5,Not_Applicable,110,TRUE,160,35,None,None,0,FALSE,1.06,Tier_1_National,5.8,1.15,4.8,Surplus,18,0.28,0.10,14.0,14,0.97,45
NHAI/N24001909,Kanpur Ring Road Phase 2 Sachendi to Ruma,Transport,Central,Uttar Pradesh,Kanpur Nagar,Ongoing,Linear,NH_Act_1956,Highway,Section_3G_Award,750,Private_Agricultural,225.0,920,1,1.8,FALSE,88.0,TRUE,96.0,Not_Applicable,105,TRUE,150,30,None,None,0,FALSE,1.05,Tier_1_National,5.5,1.15,4.7,Surplus,18,0.30,0.10,13.5,14,0.97,30
NHAI/N24001910,Kanpur Ring Road Phase 3 Ruma to Chakeri Ganga Bridge,Transport,Central,Uttar Pradesh,Kanpur Nagar & Unnao,Ongoing,Linear,NH_Act_1956,Highway,Section_3G_Award,720,Private_Agricultural_and_Ganga_Alluvial,240.0,980,1,2.2,FALSE,86.5,TRUE,95.5,Stage_1_In_Principle,125,TRUE,175,38,None,None,0,FALSE,1.08,Tier_1_National,6.2,1.12,4.9,Surplus,20,0.45,0.15,6.5,15,0.96,60
NHAI/N24001911,Kanpur Ring Road Phase 4 Unnao to Mandhana Ganga Bridge,Transport,Central,Uttar Pradesh,Unnao & Kanpur Nagar,Ongoing,Linear,NH_Act_1956,Highway,Section_3D/19_Declaration,580,Private_Agricultural_and_Ganga_Alluvial,265.0,1050,2,3.0,TRUE,52.0,TRUE,94.0,Stage_1_Applied,140,TRUE,190,45,None,None,0,FALSE,1.10,Tier_1_National,6.5,1.10,5.0,Surplus,20,0.48,0.16,6.0,16,0.95,0
NHAI/N24001912,Indore Western Ring Road Greenfield 6L Pkg 1,Transport,Central,Madhya Pradesh,Indore (Dhar Road to Ujjain Road),Ongoing,Linear,NH_Act_1956,Highway,Section_3G_Award,820,Private_Agricultural_and_Urban,185.0,740,1,1.8,FALSE,91.0,TRUE,96.5,Not_Applicable,95,TRUE,140,32,None,None,0,FALSE,1.05,Tier_1_National,5.5,1.16,4.8,Surplus,18,0.22,0.08,16.0,14,0.98,30
NHAI/N24001913,Indore Western Ring Road Greenfield 6L Pkg 2,Transport,Central,Madhya Pradesh,Indore (Ujjain Road to AB Road Dewas),Ongoing,Linear,NH_Act_1956,Highway,Section_3G_Award,810,Private_Agricultural,195.0,780,0,1.5,FALSE,92.5,TRUE,97.0,Not_Applicable,90,TRUE,130,28,None,None,0,FALSE,1.04,Tier_1_National,5.2,1.18,4.7,Surplus,18,0.24,0.08,15.5,14,0.98,0
NHAI/N24001914,Bhopal Western Bypass Greenfield 4L Mandideep to Bairagarh,Transport,Central,Madhya Pradesh,Bhopal & Sehore,Ongoing,Linear,NH_Act_1956,Highway,Section_3G_Award,780,Private_Agricultural,210.0,850,1,2.0,FALSE,89.5,TRUE,96.0,Stage_1_In_Principle,85,TRUE,145,30,None,None,0,FALSE,1.06,Tier_1_National,5.8,1.15,4.8,Surplus,18,0.28,0.10,14.0,15,0.97,45
NHAI/N24001915,Jabalpur Ring Road Greenfield 4L Pkg 1 Barela to Bhedaghat,Transport,Central,Madhya Pradesh,Jabalpur,Ongoing,Linear,NH_Act_1956,Highway,Section_3G_Award,850,Private_Agricultural_and_Forest,225.0,820,1,2.4,FALSE,92.0,TRUE,96.5,Stage_2_Final_Approved,95,TRUE,135,25,None,None,0,FALSE,1.05,Tier_1_National,5.5,1.16,4.8,Surplus,18,0.35,0.12,12.0,14,0.98,30
NHAI/N24001916,Jabalpur Ring Road Greenfield 4L Pkg 2 Bhedaghat to NH-30,Transport,Central,Madhya Pradesh,Jabalpur,Ongoing,Linear,NH_Act_1956,Highway,Section_3G_Award,820,Private_Agricultural_and_Narmada_Crossing,240.0,890,1,2.2,FALSE,90.5,TRUE,96.0,Stage_2_Final_Approved,110,TRUE,150,28,None,None,0,FALSE,1.08,Tier_1_National,6.2,1.14,5.0,Surplus,20,0.40,0.14,10.0,15,0.97,60
NHAI/N24001917,Gwalior Western Bypass Greenfield 4L AB Road to Shivpuri Link,Transport,Central,Madhya Pradesh,Gwalior,Ongoing,Linear,NH_Act_1956,Highway,Section_3G_Award,750,Private_Agricultural_and_Barren,165.0,620,0,1.5,FALSE,94.0,TRUE,97.0,Not_Applicable,75,TRUE,110,20,None,None,0,FALSE,1.02,Tier_1_National,5.0,1.18,4.6,Surplus,16,0.20,0.08,20.0,12,0.98,0
NHAI/N24001918,Nagpur Outer Ring Road Phase 2 Jamtha to Kamptee,Transport,Central,Maharashtra,Nagpur,Completed,Linear,NH_Act_1956,Highway,Physical_Possession_Taken,2450,Private_Agricultural_and_Urban,240.0,950,0,1.2,FALSE,99.8,TRUE,98.5,Not_Applicable,110,TRUE,160,35,None,None,0,FALSE,0.92,Tier_1_National,4.5,1.22,4.2,Surplus,15,0.25,0.10,14.0,12,0.99,0
NHAI/N24001919,Nagpur Outer Ring Road Phase 1 Fetri to Jamtha,Transport,Central,Maharashtra,Nagpur,Completed,Linear,NH_Act_1956,Highway,Physical_Possession_Taken,2510,Private_Agricultural,220.0,890,0,1.0,FALSE,100.0,TRUE,98.5,Not_Applicable,95,TRUE,140,28,None,None,0,FALSE,0.90,Tier_1_National,4.2,1.25,4.1,Surplus,15,0.24,0.08,15.0,10,0.99,0
NHAI/N24001920,Nashik Ring Road Greenfield 4L Garware to Adgaon,Transport,Central,Maharashtra,Nashik,Ongoing,Linear,NH_Act_1956,Highway,Section_3D/19_Declaration,490,Private_Agricultural_and_Urban,185.0,820,1,2.8,TRUE,45.0,TRUE,94.0,Not_Applicable,120,TRUE,175,45,None,None,0,FALSE,1.10,Tier_1_National,6.5,1.12,4.9,Surplus,20,0.30,0.10,15.0,16,0.96,0
NHAI/N24001921,Surat Ring Road Extension Outer Corridor Sachin to Kamrej,Transport,Central,Gujarat,Surat,Completed,Linear,NH_Act_1956,Highway,Physical_Possession_Taken,1980,Private_Urban_and_Agricultural,165.0,850,0,1.4,FALSE,99.0,TRUE,98.0,Not_Applicable,140,TRUE,190,55,None,None,0,FALSE,1.02,Tier_1_National,5.2,1.18,4.5,Surplus,16,0.38,0.12,8.0,12,0.98,60
NHAI/N24001922,Vadodara Ring Road 6L Widening Western Arc,Transport,Central,Gujarat,Vadodara,Completed,Linear,NH_Act_1956,Highway,Physical_Possession_Taken,2150,Private_Urban_Commercial,95.0,520,0,1.0,FALSE,100.0,TRUE,98.5,Not_Applicable,95,TRUE,110,38,None,None,0,FALSE,0.95,Tier_1_National,4.8,1.20,4.3,Surplus,15,0.28,0.10,12.5,12,0.99,0
NHAI/N24001923,Rajkot Ring Road Greenfield 4L Gondal Road to Jamnagar Road,Transport,Central,Gujarat,Rajkot,Completed,Linear,NH_Act_1956,Highway,Physical_Possession_Taken,1850,Private_Agricultural_and_Barren,140.0,450,0,0.8,FALSE,100.0,TRUE,98.5,Not_Applicable,72,TRUE,85,18,None,None,0,FALSE,0.92,Tier_1_National,4.2,1.24,4.2,Surplus,14,0.15,0.06,30.0,10,0.99,0
NHAI/N24001924,Jaipur Ring Road Southern Corridor Agra Road to Ajmer Road,Transport,Central,Rajasthan,Jaipur,Completed,Linear,NH_Act_1956,Highway,Physical_Possession_Taken,2980,Private_Agricultural_and_Urban,320.0,1450,1,1.8,FALSE,99.5,TRUE,97.5,Not_Applicable,180,TRUE,280,75,None,None,0,FALSE,1.08,Tier_1_National,6.5,1.15,4.6,Surplus,18,0.15,0.08,25.0,14,0.97,365
NHAI/N24001925,Jaipur Northern Ring Road Ajmer Road to Delhi Road,Transport,Central,Rajasthan,Jaipur,Ongoing,Linear,NH_Act_1956,Highway,Section_3D/19_Declaration,520,Private_Agricultural,285.0,1100,1,3.2,TRUE,38.0,TRUE,93.5,Not_Applicable,140,TRUE,210,52,None,Farmer_Land_Protest,15,FALSE,1.12,Tier_1_National,7.0,1.10,4.9,Surplus,20,0.18,0.08,24.0,16,0.95,0
NHAI/N24001926,Jodhpur Ring Road Greenfield 4L Pali Road to Nagaur Road,Transport,Central,Rajasthan,Jodhpur,Ongoing,Linear,NH_Act_1956,Highway,Section_3G_Award,820,Private_Agricultural_Arid,260.0,580,0,1.0,FALSE,94.5,TRUE,97.0,Not_Applicable,68,TRUE,85,16,None,None,0,FALSE,1.02,Tier_1_National,4.8,1.20,4.4,Surplus,16,0.08,0.05,45.0,12,0.98,30
NHAI/N24001927,Udaipur Bypass 6L Debari to Kaya NH-48,Transport,Central,Rajasthan,Udaipur,Completed,Linear,NH_Act_1956,Highway,Physical_Possession_Taken,2100,Private_Agricultural_and_Aravalli_Gorge,185.0,620,0,1.5,FALSE,99.2,TRUE,98.0,Stage_2_Final_Approved,85,TRUE,110,24,None,None,0,FALSE,0.98,Tier_1_National,5.2,1.18,4.5,Adequate,18,0.22,0.10,22.0,12,0.98,0
MOSPI/701271,Guwahati Ring Road with 6L Bridge over Brahmaputra,Transport,Central,Assam,Kamrup & Kamrup Metropolitan,Ongoing,Linear,NH_Act_1956,Highway,Section_3G/23_Award,210,Private_Agricultural_and_Riparian,385.4,1420,1,3.2,FALSE,82.5,TRUE,95.0,Stage_1_In_Principle,115,TRUE,280,64,None,None,0,FALSE,1.08,Tier_1_National,6.5,1.10,5.2,Surplus,22,0.85,0.25,2.8,16,0.96,0
MOSPI/701272,Silchar Badarpur Churaibari NH-37 4-Laning Greenfield,Transport,Central,Assam,Cachar & Karimganj,Ongoing,Linear,NH_Act_1956,Highway,Section_3G/23_Award,240,Private_Agricultural_and_Floodplain,165.0,680,1,4.5,FALSE,78.0,TRUE,93.5,Stage_1_In_Principle,85,TRUE,140,32,None,None,0,FALSE,1.15,Tier_2_Regional,9.5,1.02,5.5,Adequate,26,0.88,0.22,3.2,18,0.94,0
MOSPI/701273,Karimganj Silchar NH-37 Widening Kalinagar Section,Transport,Central,Assam,Karimganj to Cachar,Ongoing,Linear,NH_Act_1956,Highway,Section_3G/23_Award,220,Private_Agricultural,142.5,590,0,3.8,FALSE,84.5,TRUE,94.0,Stage_1_In_Principle,72,TRUE,115,26,None,None,0,FALSE,1.12,Tier_2_Regional,8.2,1.05,5.4,Adequate,24,0.85,0.20,3.5,18,0.95,0
MOSPI/701274,Majuli Jorhat NH-715K Road and Elevated Flyover,Transport,Central,Assam,Majuli & Jorhat,Ongoing,Linear,NH_Act_1956,Highway,Section_3G/23_Award,230,Riverbed_and_Private_Alluvial,85.2,310,0,2.5,FALSE,88.0,TRUE,95.5,Stage_1_In_Principle,48,TRUE,65,18,None,None,0,FALSE,1.08,Tier_2_Regional,7.5,1.08,5.1,Adequate,25,0.90,0.28,2.1,16,0.96,0
MOSPI/701275,Jayant Coal Mine Opencast Expansion 20 to 38 MTPA,Mining,Central,Madhya Pradesh,Singrauli,Ongoing,Polygon,Coal_Bearing_Areas_Act_1957,Coal_Mine,Physical_Possession_Taken,240,Forest_Agricultural_and_Coal,1850.0,3200,2,6.5,FALSE,74.5,FALSE,92.5,Stage_2_Final_Approved,65,TRUE,1450,110,None,None,10,FALSE,1.22,Tier_1_National,12.5,0.95,5.6,Adequate,28,0.35,0.18,16.0,20,0.94,0
MOSPI/701276,Rajasthan Part I 765kV ISTS Green Transmission System,Energy,Central,Rajasthan,Jaisalmer Barmer Jodhpur,Ongoing,Linear,Indian_Telegraph_Act_1885,Power_Transmission_Line,Section_164_Conferred,210,Private_Agricultural_Arid,145.0,280,0,0.5,FALSE,98.5,FALSE,98.5,Not_Applicable,35,TRUE,0,0,None,Great_Indian_Bustard_PIL,10,FALSE,0.95,Tier_1_National,4.5,1.18,4.5,Adequate,20,0.08,0.05,45.0,14,0.98,0
MOSPI/701277,Rewas Mega Deep Draft Port Infrastructure Terminal,Transport,Central,Maharashtra,Raigad (Rewas),Ongoing,Polygon,Major_Port_Trusts_Act_1963,Port,Physical_Possession_Taken,1450,Coastal_and_Marine,650.0,420,2,4.8,FALSE,88.5,FALSE,94.0,Stage_2_Final_Approved,42,TRUE,45,18,None,Fisherman_Livelihood_Protest,30,TRUE,1.35,Tier_1_National,14.5,0.90,5.8,Surplus,32,0.65,0.28,1.5,22,0.93,1240
MOSPI/701278,NMDC Slurry Pipeline Project Phase 1 Bailadila to Vizag,Mining,Central,Chhattisgarh & Andhra Pradesh,Dantewada to Visakhapatnam,Ongoing,Linear,PMP_Act_1962,Pipeline,RoU_Acquired,1850,Forest_and_Tribal_Agricultural,380.0,1450,4,8.5,TRUE,82.5,FALSE,91.0,Stage_2_Final_Approved,68,TRUE,120,25,None,Law_and_Order_LWE_Halt,45,TRUE,1.42,Tier_1_National,18.5,0.85,6.2,Scarce,38,0.65,0.24,11.0,24,0.92,1095
MOSPI/701279,Varanasi Airport LBS Expansion New Terminal & Runway,Transport,Central,Uttar Pradesh,Varanasi (Babatpur),Ongoing,Polygon,LARR_Act_2013,Airport,Physical_Possession_Taken,450,Private_Agricultural_and_Urban,145.6,850,1,2.0,FALSE,94.5,TRUE,97.5,Not_Applicable,85,TRUE,210,48,None,None,0,FALSE,1.05,Tier_1_National,5.2,1.15,4.8,Surplus,18,0.30,0.10,12.5,14,0.98,0
MOSPI/701280,IIT Palakkad Permanent Campus Phase B Construction,Social_Infrastructure,Central,Kerala,Palakkad (Kanjikode),Ongoing,Polygon,LARR_Act_2013,Educational_Campus,Physical_Possession_Taken,210,Government_Barren_and_Dry,185.0,0,0,0.0,FALSE,100.0,FALSE,98.5,Not_Applicable,18,TRUE,0,0,None,None,0,FALSE,1.02,Tier_1_National,4.5,1.18,4.6,Adequate,20,0.60,0.14,8.5,14,0.99,0
MOSPI/701281,Agra Sewerage Scheme Interception Diversion STP Namami Gange,Water_and_Sanitation,Central,Uttar Pradesh,Agra,Ongoing,Polygon,LARR_Act_2013,Sewage_Treatment_Plant,Physical_Possession_Taken,1250,Government_and_Private_Alluvial,24.5,110,0,1.5,FALSE,98.0,FALSE,96.5,Not_Applicable,72,TRUE,18,35,Heritage_Structure_Proximity,None,0,FALSE,1.10,Tier_1_National,6.5,1.12,4.9,Surplus,18,0.26,0.10,15.5,14,0.97,450
MOSPI/701282,NTPC Talcher Thermal Power Project Stage III 2x660 MW,Energy,Central,Odisha,Angul,Ongoing,Polygon,LARR_Act_2013,Thermal_Power_Plant,Physical_Possession_Taken,1450,Government_and_Private_Coal,485.0,920,1,2.8,FALSE,96.5,FALSE,96.0,Stage_2_Final_Approved,54,TRUE,280,35,None,None,0,FALSE,1.12,Tier_1_National,7.5,1.08,5.1,Surplus,22,0.48,0.15,10.0,15,0.97,365
MOSPI/701283,Sipat Super Thermal Power Station Expansion Stage III,Energy,Central,Chhattisgarh,Bilaspur,Ongoing,Polygon,LARR_Act_2013,Thermal_Power_Plant,Physical_Possession_Taken,680,Government_Industrial,310.0,180,0,1.2,FALSE,98.5,FALSE,97.5,Not_Applicable,38,TRUE,65,12,None,None,0,FALSE,1.05,Tier_1_National,5.5,1.15,4.8,Surplus,18,0.38,0.12,12.0,14,0.98,0
MOSPI/701284,North Karanpura Super Thermal Power Project 3x660 MW,Energy,Central,Jharkhand,Chatra & Hazaribagh,Completed,Polygon,LARR_Act_2013,Thermal_Power_Plant,Physical_Possession_Taken,3100,Forest_and_Agricultural,890.0,2850,2,4.8,FALSE,99.2,FALSE,95.0,Stage_2_Final_Approved,85,TRUE,1250,85,None,Farmer_Land_Compensation_Protest,45,TRUE,1.65,Tier_1_National,18.5,0.85,6.5,Adequate,35,0.48,0.18,11.0,24,0.92,3280
MOSPI/701285,Ghatampur Thermal Power Project NUPPL 3x660 MW,Energy,Central,Uttar Pradesh,Kanpur Nagar,Ongoing,Polygon,LARR_Act_2013,Thermal_Power_Plant,Physical_Possession_Taken,2850,Private_Agricultural,850.0,2400,1,2.5,FALSE,97.5,FALSE,96.0,Not_Applicable,75,TRUE,780,54,None,None,12,FALSE,1.32,Tier_1_National,12.0,0.95,5.5,Surplus,22,0.30,0.10,13.0,18,0.95,1460
MOSPI/701286,Rourkela Steel Plant Hot Strip Mill II Modernisation,Industrial_Infrastructure,Central,Odisha,Sundargarh (Rourkela),Ongoing,Polygon,LARR_Act_2013,Industrial_Corridor,Physical_Possession_Taken,1250,Government_Industrial,145.0,0,0,0.0,FALSE,100.0,FALSE,98.0,Not_Applicable,24,TRUE,0,0,None,None,0,FALSE,1.08,Tier_1_National,6.2,1.14,4.9,Surplus,18,0.45,0.14,9.5,14,0.98,210
MOSPI/701287,Bhilai Steel Plant Pellet Plant and Blast Furnace Upgradation,Industrial_Infrastructure,Central,Chhattisgarh,Durg (Bhilai),Ongoing,Polygon,LARR_Act_2013,Industrial_Corridor,Physical_Possession_Taken,980,Government_Industrial,168.0,0,0,0.0,FALSE,100.0,FALSE,98.0,Not_Applicable,28,TRUE,0,0,None,None,0,FALSE,1.06,Tier_1_National,5.8,1.15,4.8,Surplus,18,0.38,0.12,12.0,14,0.98,150
MOSPI/701288,Bokaro Steel Plant Modernisation Cold Rolling Mill 3,Industrial_Infrastructure,Central,Jharkhand,Bokaro,Ongoing,Polygon,LARR_Act_2013,Industrial_Corridor,Physical_Possession_Taken,890,Government_Industrial,112.0,0,0,0.0,FALSE,100.0,FALSE,98.5,Not_Applicable,22,TRUE,0,0,None,None,0,FALSE,1.05,Tier_1_National,5.5,1.15,4.7,Surplus,18,0.42,0.15,10.0,14,0.98,90
MOSPI/701290,Durgapur Steel Plant Medium Structural Mill Revamp,Industrial_Infrastructure,Central,West Bengal,Paschim Bardhaman,Ongoing,Polygon,LARR_Act_2013,Industrial_Corridor,Physical_Possession_Taken,780,Government_Industrial,95.0,0,0,0.0,FALSE,100.0,FALSE,98.0,Not_Applicable,18,TRUE,0,0,None,None,0,FALSE,1.05,Tier_1_National,5.2,1.16,4.6,Surplus,16,0.48,0.16,8.5,14,0.98,60
MOSPI/701291,IISCO Steel Plant Burnpur Phase II Expansion 4 MTPA,Industrial_Infrastructure,Central,West Bengal,Paschim Bardhaman (Burnpur),Ongoing,Polygon,LARR_Act_2013,Industrial_Corridor,Physical_Possession_Taken,620,Government_Industrial,220.0,0,0,0.0,FALSE,100.0,FALSE,97.5,Not_Applicable,32,TRUE,0,0,None,None,0,FALSE,1.08,Tier_1_National,6.5,1.12,4.9,Surplus,20,0.45,0.15,9.0,15,0.97,0
MOSPI/701292,Nagarnar Integrated Steel Plant NMDC 3 MTPA,Industrial_Infrastructure,Central,Chhattisgarh,Bastar (Nagarnar),Completed,Polygon,LARR_Act_2013,Industrial_Corridor,Physical_Possession_Taken,3850,Forest_and_Tribal_Agricultural,840.0,2100,2,5.5,FALSE,98.8,FALSE,94.5,Stage_2_Final_Approved,65,TRUE,850,95,None,Tribal_Land_Agitation,85,TRUE,1.55,Tier_1_National,18.5,0.85,6.2,Adequate,35,0.55,0.22,8.0,24,0.93,2550
MOSPI/701293,Paradip Pellet Plant Expansion ArcelorMittal Nippon,Industrial_Infrastructure,Central,Odisha,Jagatsinghpur (Paradip),Ongoing,Polygon,LARR_Act_2013,Industrial_Corridor,Physical_Possession_Taken,920,Coastal_and_Industrial,180.0,120,0,1.2,FALSE,99.0,FALSE,97.0,Stage_2_Final_Approved,35,TRUE,45,10,None,None,0,FALSE,1.05,Tier_1_National,5.5,1.15,4.8,Surplus,20,0.72,0.24,1.8,14,0.98,0
MOSPI/701294,Hazira Steel Plant Upgradation AMNS India 15 MTPA,Industrial_Infrastructure,Central,Gujarat,Surat (Hazira),Ongoing,Polygon,LARR_Act_2013,Industrial_Corridor,Physical_Possession_Taken,850,Coastal_Saline_Industrial_Pooled,320.0,85,0,0.8,FALSE,99.5,FALSE,98.0,Stage_2_Final_Approved,28,TRUE,25,5,None,None,0,FALSE,1.04,Tier_1_National,4.8,1.18,4.6,Surplus,18,0.45,0.18,2.0,12,0.99,0
MOSPI/701295,Vijayanagar Steel Plant 5 MTPA Expansion JSW Steel,Industrial_Infrastructure,Central,Karnataka,Ballari (Toranagallu),Ongoing,Polygon,KIADB_Act_1966,Industrial_Corridor,Section_28_4_Declaration_Published,740,Private_Agricultural_Arid,450.0,320,0,1.5,FALSE,96.5,FALSE,97.0,Not_Applicable,45,TRUE,65,12,None,None,0,FALSE,1.05,Tier_1_National,5.2,1.16,4.7,Surplus,18,0.22,0.10,22.0,14,0.98,0
MOSPI/701296,Baddi Barotiwala Nalagarh Industrial Area Node NICDC,Industrial_Infrastructure,Central,Himachal Pradesh,Solan,Ongoing,Polygon,LARR_Act_2013,Industrial_Corridor,Section_11_Preliminary_Notification,420,Hilly_Agricultural_and_Barren,380.0,620,1,3.5,FALSE,78.5,FALSE,94.0,Stage_1_In_Principle,52,TRUE,120,24,None,None,0,FALSE,1.12,Tier_2_Regional,8.2,1.08,5.1,Adequate,24,0.48,0.20,16.0,18,0.95,0
MOSPI/701297,Kopparthy Mega Industrial Park Node CBIC Phase 2,Industrial_Infrastructure,Central,Andhra Pradesh,YSR Kadapa,Ongoing,Polygon,LARR_Act_2013,Industrial_Corridor,Physical_Possession_Taken,620,Private_Agricultural_Arid,580.0,410,0,1.8,FALSE,92.0,FALSE,96.5,Stage_1_In_Principle,38,TRUE,75,15,None,None,0,FALSE,1.05,Tier_1_National,5.5,1.15,4.8,Surplus,18,0.20,0.08,18.0,14,0.98,0
MOSPI/701298,Krishnapatnam Industrial Node CBIC Corridor Phase 1,Industrial_Infrastructure,Central,Andhra Pradesh,Nellore (Krishnapatnam),Ongoing,Polygon,LARR_Act_2013,Industrial_Corridor,Physical_Possession_Taken,850,Coastal_and_Private_Agricultural,890.0,680,1,2.2,FALSE,94.5,FALSE,96.0,Stage_2_Final_Approved,58,TRUE,110,22,None,None,0,FALSE,1.06,Tier_1_National,5.8,1.14,4.9,Surplus,20,0.52,0.18,4.5,15,0.97,0
MOSPI/701299,Varanasi Multi Modal Terminal Inland Waterway NW-1,Transport,Central,Uttar Pradesh,Varanasi (Ramnagar),Completed,Point,LARR_Act_2013,Inland_Waterway,Physical_Possession_Taken,2450,Riparian_and_Agricultural,28.5,140,0,1.2,FALSE,100.0,FALSE,98.0,Not_Applicable,35,TRUE,25,12,None,None,0,FALSE,0.98,Tier_1_National,5.0,1.18,4.5,Surplus,15,0.58,0.18,4.0,12,0.99,120
MOSPI/701300,Sahibganj Multi Modal Terminal Inland Waterway NW-1,Transport,Central,Jharkhand,Sahibganj,Completed,Point,LARR_Act_2013,Inland_Waterway,Physical_Possession_Taken,2380,Riparian_and_Agricultural,34.0,180,0,1.5,FALSE,99.5,FALSE,97.5,Not_Applicable,42,TRUE,38,15,None,None,0,FALSE,1.02,Tier_1_National,5.5,1.15,4.6,Adequate,18,0.65,0.20,3.5,14,0.98,180
MOSPI/701301,Haldia Multi Modal Terminal Inland Waterway NW-1,Transport,Central,West Bengal,Purba Medinipur (Haldia),Completed,Point,LARR_Act_2013,Inland_Waterway,Physical_Possession_Taken,2250,Coastal_and_Riverine,25.0,90,0,1.0,FALSE,100.0,FALSE,98.5,Not_Applicable,28,TRUE,18,8,None,None,0,FALSE,0.96,Tier_1_National,4.8,1.20,4.4,Surplus,16,0.72,0.22,2.0,12,0.99,90
MOSPI/701302,Kalughat Intermodal Terminal Saran Inland Waterway,Transport,Central,Bihar,Saran,Ongoing,Point,LARR_Act_2013,Inland_Waterway,Physical_Possession_Taken,850,Riverbed_and_Agricultural,18.5,85,0,1.8,FALSE,96.5,FALSE,96.0,Not_Applicable,24,TRUE,15,6,None,None,0,FALSE,1.05,Tier_2_Regional,6.2,1.12,4.8,Surplus,18,0.75,0.22,2.8,14,0.97,45
MOSPI/701303,Barh Super Thermal Power Station Stage I 3x660 MW,Energy,Central,Bihar,Patna (Barh),Completed,Polygon,LARR_Act_2013,Thermal_Power_Plant,Physical_Possession_Taken,3100,Government_and_Private_Alluvial,1250.0,3400,2,3.5,FALSE,99.5,FALSE,96.5,Stage_2_Final_Approved,95,TRUE,1100,85,None,None,20,FALSE,1.45,Tier_1_National,15.5,0.92,5.8,Surplus,25,0.62,0.18,4.5,20,0.94,2850
MOSPI/701304,Buxar Thermal Power Project SJVN 2x660 MW,Energy,Central,Bihar,Buxar (Chausa),Ongoing,Polygon,LARR_Act_2013,Thermal_Power_Plant,Physical_Possession_Taken,1980,Private_Agricultural,420.0,1250,1,2.4,FALSE,96.8,FALSE,96.0,Not_Applicable,68,TRUE,350,42,None,Farmer_Land_Compensation_Protest,35,TRUE,1.28,Tier_1_National,11.5,1.02,5.4,Surplus,22,0.52,0.16,6.0,18,0.95,730
MOSPI/701305,Lara Super Thermal Power Project Stage I 2x800 MW,Energy,Central,Chhattisgarh,Raigarh (Lara),Completed,Polygon,LARR_Act_2013,Thermal_Power_Plant,Physical_Possession_Taken,2450,Private_Agricultural,920.0,2100,0,1.8,FALSE,99.8,FALSE,98.0,Stage_2_Final_Approved,65,TRUE,650,45,None,None,0,FALSE,1.08,Tier_1_National,6.5,1.15,4.8,Surplus,18,0.40,0.12,11.0,14,0.98,540
MOSPI/701306,Kudgi Super Thermal Power Project 3x800 MW,Energy,Central,Karnataka,Vijayapura (Kudgi),Completed,Polygon,KIADB_Act_1966,Thermal_Power_Plant,Physical_Possession_Taken,3200,Private_Agricultural_Arid,1450.0,2850,1,2.0,FALSE,100.0,FALSE,98.0,Not_Applicable,72,TRUE,920,65,None,None,15,FALSE,1.25,Tier_1_National,10.5,1.05,5.2,Surplus,20,0.22,0.10,25.0,16,0.96,1460
MOSPI/701307,Darlipali Super Thermal Power Station 2x800 MW,Energy,Central,Odisha,Sundargarh (Darlipali),Completed,Polygon,LARR_Act_2013,Thermal_Power_Plant,Physical_Possession_Taken,2550,Forest_and_Agricultural,880.0,1950,1,2.5,FALSE,99.5,FALSE,97.5,Stage_2_Final_Approved,58,TRUE,580,48,None,None,0,FALSE,1.12,Tier_1_National,7.5,1.10,5.0,Surplus,20,0.48,0.15,9.5,15,0.97,730
MOSPI/701308,Gadarwara Super Thermal Power Project 2x800 MW,Energy,Central,Madhya Pradesh,Narsinghpur (Gadarwara),Completed,Polygon,LARR_Act_2013,Thermal_Power_Plant,Physical_Possession_Taken,2680,Private_Agricultural,820.0,1850,0,1.5,FALSE,100.0,FALSE,98.0,Not_Applicable,52,TRUE,480,38,None,None,0,FALSE,1.10,Tier_1_National,6.8,1.12,4.9,Surplus,18,0.32,0.12,12.0,14,0.98,620
MOSPI/701309,Khargone Super Thermal Power Project Ultra Supercritical,Energy,Central,Madhya Pradesh,Khargone (Selda),Completed,Polygon,LARR_Act_2013,Thermal_Power_Plant,Physical_Possession_Taken,2450,Private_Agricultural_and_Barren,780.0,1620,0,1.4,FALSE,99.8,FALSE,98.5,Not_Applicable,48,TRUE,420,32,None,None,0,FALSE,1.05,Tier_1_National,6.0,1.15,4.8,Surplus,18,0.25,0.10,16.0,14,0.98,420
MOSPI/701310,Tanda Thermal Power Station Stage II 2x660 MW,Energy,Central,Uttar Pradesh,Ambedkar Nagar (Tanda),Completed,Polygon,LARR_Act_2013,Thermal_Power_Plant,Physical_Possession_Taken,2750,Private_Agricultural_and_Industrial,540.0,1150,0,1.2,FALSE,100.0,FALSE,98.5,Not_Applicable,45,TRUE,310,24,None,None,0,FALSE,1.02,Tier_1_National,5.5,1.18,4.6,Surplus,16,0.30,0.10,10.0,12,0.99,365
MOSPI/701311,Solapur Super Thermal Power Project 2x660 MW,Energy,Central,Maharashtra,Solapur (Fatetepur),Completed,Polygon,LARR_Act_2013,Thermal_Power_Plant,Physical_Possession_Taken,2850,Private_Agricultural_Arid,720.0,1480,0,1.5,FALSE,100.0,FALSE,98.0,Not_Applicable,48,TRUE,390,30,None,None,0,FALSE,1.08,Tier_1_National,6.5,1.12,4.8,Surplus,18,0.20,0.08,20.0,14,0.98,510
MOSPI/701312,Mouda Super Thermal Power Project Stage II 2x660 MW,Energy,Central,Maharashtra,Nagpur (Mouda),Completed,Polygon,LARR_Act_2013,Thermal_Power_Plant,Physical_Possession_Taken,2980,Private_Agricultural,650.0,1320,0,1.4,FALSE,99.8,FALSE,98.5,Not_Applicable,52,TRUE,340,28,None,None,0,FALSE,1.05,Tier_1_National,5.8,1.15,4.7,Surplus,18,0.28,0.10,14.0,12,0.99,395
MOSPI/701313,Patratu Super Thermal Power Station Phase I 3x800 MW,Energy,Central,Jharkhand,Ramgarh (Patratu),Ongoing,Polygon,LARR_Act_2013,Thermal_Power_Plant,Physical_Possession_Taken,1820,Government_and_Private_Industrial,750.0,1450,1,2.5,FALSE,94.5,FALSE,96.0,Stage_2_Final_Approved,65,TRUE,520,48,None,None,10,FALSE,1.18,Tier_1_National,8.5,1.08,5.2,Surplus,22,0.45,0.16,11.5,16,0.96,650
MOSPI/701314,Talabira II and III Opencast Coal Mine NLC India,Mining,Central,Odisha,Jharsuguda & Sambalpur,Ongoing,Polygon,Coal_Bearing_Areas_Act_1957,Coal_Mine,Physical_Possession_Taken,1980,Forest_and_Agricultural,1950.0,3800,2,6.5,FALSE,88.5,FALSE,93.0,Stage_2_Final_Approved,75,TRUE,1850,140,None,Tree_Felling_Protest,25,TRUE,1.38,Tier_1_National,15.5,0.90,5.8,Adequate,30,0.50,0.20,9.0,22,0.93,790
MOSPI/701315,Pachhwara Central Coal Block PSPCL 7 MTPA,Mining,Central,Jharkhand,Pakur,Ongoing,Polygon,Coal_Bearing_Areas_Act_1957,Coal_Mine,Physical_Possession_Taken,1750,Forest_and_Tribal_Agricultural,1250.0,2600,2,7.2,FALSE,84.0,FALSE,92.0,Stage_2_Final_Approved,58,TRUE,1100,85,None,Tribal_Displacement_Protest,30,TRUE,1.45,Tier_1_National,16.8,0.88,6.0,Scarce,35,0.55,0.22,8.5,24,0.92,920
MOSPI/701316,Manoharpur Coal Mine OC OPGCL Sundargarh,Mining,Central,Odisha,Sundargarh,Ongoing,Polygon,Coal_Bearing_Areas_Act_1957,Coal_Mine,Physical_Possession_Taken,1650,Forest_and_Agricultural,980.0,1850,1,4.5,FALSE,86.5,FALSE,93.5,Stage_2_Final_Approved,48,TRUE,780,62,None,None,15,FALSE,1.25,Tier_1_National,11.5,0.95,5.5,Adequate,28,0.48,0.18,10.0,20,0.94,620
MOSPI/701317,Dulanga Coal Mining Project NTPC Sundargarh,Mining,Central,Odisha,Sundargarh,Completed,Polygon,Coal_Bearing_Areas_Act_1957,Coal_Mine,Physical_Possession_Taken,2450,Forest_and_Agricultural,1120.0,2200,1,3.8,FALSE,98.5,FALSE,96.0,Stage_2_Final_Approved,52,TRUE,920,74,None,None,10,FALSE,1.18,Tier_1_National,9.5,1.05,5.2,Adequate,26,0.45,0.16,11.0,18,0.96,365
MOSPI/701318,Talaipalli Coal Mining Project NTPC Mand Raigarh,Mining,Central,Chhattisgarh,Raigarh,Ongoing,Polygon,Coal_Bearing_Areas_Act_1957,Coal_Mine,Physical_Possession_Taken,1880,Forest_and_Agricultural,1450.0,2950,2,5.8,FALSE,89.5,FALSE,94.0,Stage_2_Final_Approved,62,TRUE,1250,95,None,None,15,FALSE,1.28,Tier_1_National,12.5,0.95,5.6,Surplus,28,0.42,0.18,10.5,20,0.94,540
MOSPI/701319,Chatti Bariatu Coal Mining Project NTPC Hazaribagh,Mining,Central,Jharkhand,Hazaribagh,Completed,Polygon,Coal_Bearing_Areas_Act_1957,Coal_Mine,Physical_Possession_Taken,2180,Forest_and_Agricultural,890.0,1750,1,4.2,FALSE,98.0,FALSE,95.5,Stage_2_Final_Approved,45,TRUE,740,58,None,None,10,FALSE,1.20,Tier_1_National,10.2,0.98,5.4,Adequate,25,0.45,0.18,12.0,18,0.95,420
MOSPI/701320,Kerandari Coal Mining Project NTPC North Karanpura,Mining,Central,Jharkhand,Hazaribagh,Ongoing,Polygon,Coal_Bearing_Areas_Act_1957,Coal_Mine,Physical_Possession_Taken,1720,Forest_and_Agricultural,1180.0,2400,2,5.2,FALSE,87.0,FALSE,93.5,Stage_2_Final_Approved,55,TRUE,980,82,None,Farmer_Land_Protest,20,TRUE,1.32,Tier_1_National,14.0,0.92,5.8,Adequate,30,0.48,0.20,11.0,22,0.93,680
MOSPI/701321,Pakri Barwadih Coal Block NTPC Mining Operations,Mining,Central,Jharkhand,Hazaribagh,Completed,Polygon,Coal_Bearing_Areas_Act_1957,Coal_Mine,Physical_Possession_Taken,3100,Forest_and_Agricultural,2850.0,5400,4,7.8,FALSE,97.5,FALSE,94.5,Stage_2_Final_Approved,95,TRUE,2400,185,None,Farmer_Displacement_Protest,65,TRUE,1.55,Tier_1_National,18.5,0.85,6.5,Adequate,35,0.45,0.18,12.0,25,0.92,2190
MOSPI/701322,Gare Palma Sector II Coal Mine MahaGenco Raigarh,Mining,Central,Chhattisgarh,Raigarh,Ongoing,Polygon,Coal_Bearing_Areas_Act_1957,Coal_Mine,Section_9_1_Declaration,1450,Forest_and_Agricultural,1680.0,3400,3,8.5,TRUE,65.0,FALSE,91.0,Stage_1_In_Principle,72,TRUE,1450,110,None,Active_Tribal_Protest,45,TRUE,1.48,Tier_1_National,19.5,0.82,6.4,Scarce,38,0.52,0.22,9.5,24,0.91,850
MOSPI/701323,Gare Palma Sector III Coal Block CSPGCL Raigarh,Mining,Central,Chhattisgarh,Raigarh,Ongoing,Polygon,Coal_Bearing_Areas_Act_1957,Coal_Mine,Physical_Possession_Taken,1620,Forest_and_Agricultural,1120.0,2100,1,4.8,FALSE,88.0,FALSE,93.5,Stage_2_Final_Approved,48,TRUE,850,68,None,None,12,FALSE,1.22,Tier_1_National,11.5,0.95,5.5,Adequate,26,0.50,0.20,10.0,20,0.94,480
MOSPI/701325,Amravati Narkher New Broad Gauge Railway Line,Transport,Central,Maharashtra,Amravati to Narkher,Completed,Linear,Railways_Act_1989,Railway,Physical_Possession_Taken,4150,Private_Agricultural,680.0,2250,2,3.5,FALSE,99.8,FALSE,97.0,Stage_2_Final_Approved,110,TRUE,450,65,None,None,0,FALSE,1.45,Tier_1_National,14.5,0.92,5.8,Surplus,25,0.35,0.12,14.0,20,0.95,2920
MOSPI/701326,Wardha Nanded via Yavatmal Pusad New Railway Line,Transport,Central,Maharashtra,Wardha Yavatmal Nanded,Ongoing,Linear,Railways_Act_1989,Railway,Physical_Possession_Taken,2450,Private_Agricultural_and_Forest,1450.0,4600,4,5.8,FALSE,92.5,FALSE,94.0,Stage_2_Final_Approved,145,TRUE,1150,140,None,None,15,FALSE,1.38,Tier_1_National,15.5,0.90,5.8,Surplus,28,0.38,0.14,15.0,22,0.94,1825
MOSPI/701327,Wadsa Gadchiroli New Broad Gauge Rail Line,Transport,Central,Maharashtra,Gadchiroli,Ongoing,Linear,Railways_Act_1989,Railway,Section_20F_Declaration,850,Forest_and_Tribal_Agricultural,290.0,950,1,8.5,TRUE,48.0,FALSE,91.0,Stage_1_Applied,55,TRUE,280,35,None,Law_and_Order_LWE_Halt,60,TRUE,1.52,Tier_2_Regional,18.5,0.80,6.5,Scarce,42,0.55,0.24,8.5,26,0.90,0
MOSPI/701328,Manmad Daund Railway Line Track Doubling 237 km,Transport,Central,Maharashtra,Nashik Ahmednagar Pune,Completed,Linear,Railways_Act_1989,Railway,Physical_Possession_Taken,2450,Private_Agricultural,420.0,1450,0,1.5,FALSE,99.5,FALSE,98.0,Not_Applicable,140,TRUE,180,38,None,None,0,FALSE,1.08,Tier_1_National,6.5,1.14,4.8,Surplus,18,0.28,0.10,16.0,14,0.98,365
MOSPI/701329,Pune Miraj Londa Rail Doubling 467 km Central Railway,Transport,Central,Maharashtra & Karnataka,Pune Satara Sangli Belagavi,Ongoing,Linear,Railways_Act_1989,Railway,Physical_Possession_Taken,2850,Private_Agricultural_and_Ghats,850.0,3200,2,3.8,FALSE,96.5,FALSE,95.5,Stage_2_Final_Approved,210,TRUE,580,110,None,None,10,FALSE,1.25,Tier_1_National,11.5,0.98,5.4,Surplus,24,0.45,0.18,12.0,18,0.95,1460
MOSPI/701330,Daund Manmad Electrification and Signaling Modernisation,Transport,Central,Maharashtra,Daund to Manmad,Completed,Linear,Railways_Act_1989,Railway_Signaling,Physical_Possession_Taken,2180,Government_Rail_RoW,8.5,0,0,0.0,FALSE,100.0,FALSE,99.0,Not_Applicable,45,TRUE,0,0,None,None,0,FALSE,0.95,Tier_1_National,4.5,1.20,4.2,Surplus,15,0.25,0.08,18.0,12,0.99,0
MOSPI/701331,Kalyan Kasara 3rd Line 67 km Central Railway,Transport,Central,Maharashtra,Thane (Kalyan to Kasara),Ongoing,Linear,Railways_Act_1989,Railway,Physical_Possession_Taken,1820,Private_Urban_and_Ghat_Forest,145.0,850,1,2.8,FALSE,94.5,FALSE,95.5,Stage_2_Final_Approved,185,TRUE,310,95,None,None,12,FALSE,1.28,Tier_1_National,12.0,0.95,5.5,Surplus,22,0.65,0.22,4.5,18,0.95,620
MOSPI/701332,Panvel Karjat Suburban Rail Corridor Double Line MUTP 3,Transport,Joint,Maharashtra,Raigad (Panvel to Karjat),Ongoing,Linear,Railways_Act_1989,Suburban_Railway,Physical_Possession_Taken,1980,Private_Agricultural_and_Hilly,85.4,480,1,2.2,FALSE,97.0,FALSE,96.5,Stage_2_Final_Approved,110,TRUE,140,42,None,None,5,FALSE,1.15,Tier_1_National,8.5,1.05,5.2,Surplus,20,0.58,0.20,3.8,16,0.96,540
MOSPI/701333,Airoli Kalwa Elevated Suburban Rail Link MUTP 3,Transport,Joint,Maharashtra,Thane & Navi Mumbai,Ongoing,Linear,Railways_Act_1989,Suburban_Railway,Section_20F_Declaration,1450,Government_and_Slum_Urban,12.5,920,4,6.5,TRUE,45.0,FALSE,91.0,Not_Applicable,140,TRUE,850,180,None,Slum_Rehabilitation_Stay,35,FALSE,1.48,Tier_1_National,16.5,0.85,5.8,Surplus,22,0.62,0.18,2.5,24,0.92,1095
MOSPI/701334,Virar Dahanu Road Quadrupling 64 km Western Railway,Transport,Central,Maharashtra,Palghar (Virar to Dahanu),Ongoing,Linear,Railways_Act_1989,Railway,Physical_Possession_Taken,1850,Private_Agricultural_and_Coastal,165.0,780,1,2.5,FALSE,92.5,FALSE,95.0,Stage_2_Final_Approved,160,TRUE,280,64,None,None,10,FALSE,1.22,Tier_1_National,9.5,1.02,5.4,Surplus,22,0.68,0.22,2.8,18,0.95,730
MOSPI/701335,Hubballi Ankola New Broad Gauge Railway Line,Transport,Central,Karnataka,Dharwad to Uttara Kannada,Ongoing,Linear,Railways_Act_1989,Railway,Section_20A_Notification,2450,Western_Ghats_Dense_Forest,595.0,1120,6,18.5,TRUE,15.0,FALSE,85.0,Stage_1_Applied,45,TRUE,140,32,None,Active_Supreme_Court_Stay,120,TRUE,2.15,Tier_1_National,28.5,0.65,7.8,Scarce,55,0.98,0.45,15.0,30,0.85,3650
MOSPI/701336,Tumakuru Chitradurga Davangere Direct Rail Line,Transport,Central,Karnataka,Tumakuru Chitradurga Davangere,Ongoing,Linear,Railways_Act_1989,Railway,Section_20G_Award_Declared,1450,Private_Agricultural_Arid,720.0,2400,2,3.5,FALSE,82.0,FALSE,94.5,Not_Applicable,120,TRUE,380,55,None,None,0,FALSE,1.18,Tier_1_National,9.5,1.05,5.2,Surplus,22,0.25,0.10,24.0,16,0.95,540
MOSPI/701337,Gadag Wadi New Broad Gauge Rail Line 252 km,Transport,Central,Karnataka,Gadag Koppal Raichur Kalaburagi,Ongoing,Linear,Railways_Act_1989,Railway,Physical_Possession_Taken,2980,Private_Agricultural,1150.0,3800,2,3.8,FALSE,94.0,FALSE,95.0,Not_Applicable,160,TRUE,580,72,None,Farmer_Compensation_Protest,20,TRUE,1.35,Tier_1_National,12.5,0.95,5.5,Surplus,25,0.28,0.12,18.0,18,0.94,1460
MOSPI/701338,Bagalkot Kudachi New Broad Gauge Railway Line,Transport,Central,Karnataka,Bagalkot & Belagavi,Ongoing,Linear,Railways_Act_1989,Railway,Section_20G_Award_Declared,2850,Private_Agricultural,640.0,2100,1,3.2,FALSE,86.5,FALSE,94.0,Not_Applicable,115,TRUE,340,48,None,None,0,FALSE,1.30,Tier_1_National,11.5,0.98,5.4,Surplus,24,0.30,0.12,16.0,18,0.95,1240
MOSPI/701339,Guntakal Kalluru Rail Doubling 41 km South Central Railway,Transport,Central,Andhra Pradesh,Anantapuramu,Completed,Linear,Railways_Act_1989,Railway,Physical_Possession_Taken,2150,Private_Agricultural_Arid,78.0,280,0,1.2,FALSE,100.0,FALSE,98.0,Not_Applicable,45,TRUE,65,12,None,None,0,FALSE,0.95,Tier_1_National,4.8,1.20,4.4,Surplus,15,0.18,0.08,22.0,12,0.99,0
MOSPI/701340,Kazipet Vijayawada 3rd Line with Electrification,Transport,Central,Telangana & Andhra Pradesh,Warangal Khammam Krishna,Ongoing,Linear,Railways_Act_1989,Railway,Physical_Possession_Taken,2180,Private_Agricultural,480.0,1650,1,2.0,FALSE,97.5,FALSE,96.5,Stage_2_Final_Approved,190,TRUE,280,54,None,None,5,FALSE,1.10,Tier_1_National,6.8,1.12,4.9,Surplus,18,0.42,0.14,9.5,15,0.97,425
MOSPI/701341,Bhadrak Vizianagaram 3rd Line 385 km East Coast Railway,Transport,Central,Odisha & Andhra Pradesh,Bhadrak Cuttack Khurda Ganjam,Ongoing,Linear,Railways_Act_1989,Railway,Physical_Possession_Taken,2450,Private_Agricultural_and_Riparian,720.0,2950,2,3.2,FALSE,95.5,FALSE,96.0,Stage_2_Final_Approved,240,TRUE,580,120,None,None,10,FALSE,1.15,Tier_1_National,8.5,1.08,5.1,Surplus,20,0.65,0.18,3.5,16,0.96,850
MOSPI/701342,Sambalpur Talcher Rail Doubling 174 km ECOR,Transport,Central,Odisha,Sambalpur & Angul,Completed,Linear,Railways_Act_1989,Railway,Physical_Possession_Taken,2750,Forest_Agricultural_and_Coal,380.0,1450,0,2.1,FALSE,99.5,FALSE,97.5,Stage_2_Final_Approved,110,TRUE,240,45,None,None,0,FALSE,1.08,Tier_1_National,6.2,1.15,4.8,Surplus,18,0.48,0.16,8.5,14,0.98,485
MOSPI/701345,Brundamal Jharsuguda Flyover Rail Chord Line,Transport,Central,Odisha,Jharsuguda,Completed,Linear,Railways_Act_1989,Railway,Physical_Possession_Taken,1850,Private_Industrial_and_Agricultural,42.0,160,0,1.2,FALSE,100.0,FALSE,98.5,Not_Applicable,35,TRUE,38,10,None,None,0,FALSE,0.95,Tier_1_National,4.5,1.20,4.3,Surplus,15,0.45,0.14,10.0,12,0.99,0
MOSPI/701346,Bhubaneswar New Station Modern Passenger Terminal,Transport,Central,Odisha,Khurda (Bhubaneswar),Completed,Point,Railways_Act_1989,Railway_Station,Physical_Possession_Taken,2250,Government_Urban,32.0,45,0,0.0,FALSE,100.0,FALSE,98.0,Not_Applicable,48,TRUE,15,8,None,None,0,FALSE,0.98,Tier_1_National,5.0,1.18,4.5,Surplus,16,0.52,0.14,4.5,14,0.98,90
MOSPI/701347,Kharagpur Adityapur 3rd Line 132 km South Eastern Railway,Transport,Central,West Bengal & Jharkhand,Paschim Medinipur to East Singhbhum,Ongoing,Linear,Railways_Act_1989,Railway,Physical_Possession_Taken,2650,Private_Agricultural_and_Industrial,340.0,1280,1,2.5,FALSE,97.0,FALSE,96.5,Stage_2_Final_Approved,165,TRUE,290,52,None,None,0,FALSE,1.12,Tier_1_National,7.5,1.10,5.0,Surplus,20,0.48,0.15,7.5,15,0.96,620
MOSPI/701348,Ranchi Hatia Bondamunda Track Doubling 158 km SER,Transport,Central,Jharkhand & Odisha,Ranchi to Sundargarh,Ongoing,Linear,Railways_Act_1989,Railway,Physical_Possession_Taken,2750,Forest_Tribal_and_Agricultural,420.0,1650,2,3.8,FALSE,94.5,FALSE,95.0,Stage_2_Final_Approved,140,TRUE,380,68,None,None,12,FALSE,1.25,Tier_1_National,10.5,0.98,5.4,Adequate,24,0.50,0.18,9.0,18,0.95,850
MOSPI/701349,Dhanbad Chandrapura Rail Line Realignment Jharia Fire,Transport,Central,Jharkhand,Dhanbad & Bokaro,Completed,Linear,Railways_Act_1989,Railway,Physical_Possession_Taken,2450,Colliery_and_Private_Industrial,85.0,620,1,3.2,FALSE,98.5,FALSE,96.0,Not_Applicable,95,TRUE,140,42,None,None,15,FALSE,1.35,Tier_1_National,14.5,0.92,5.8,Surplus,25,0.45,0.18,12.0,20,0.94,1150
MOSPI/701350,Sonnagar Dankuni Dedicated Freight Corridor Eastern Spur,Transport,Central,Bihar JH WB,Son Nagar to Dankuni,Ongoing,Linear,Railways_Act_1989,Freight_Corridor,Section_20F_Declaration,1650,Private_Agricultural,1850.0,5800,5,5.5,TRUE,45.0,FALSE,91.0,Stage_1_In_Principle,380,TRUE,1450,280,None,Landowner_Dispute,30,FALSE,1.38,Tier_1_National,16.5,0.88,5.8,Surplus,30,0.60,0.20,6.5,24,0.92,0
MOSPI/701351,Ganga Expressway Package 1 Meerut to Hapur,Transport,State,Uttar Pradesh,Meerut & Hapur,Completed,Linear,LARR_Act_2013,Highway,Physical_Possession_Taken,141,Private_Agricultural,580.0,7200,0,1.2,FALSE,99.5,TRUE,98.5,Stage_2_Final_Approved,18,TRUE,45,8,None,None,0,FALSE,0.92,Tier_1_National,4.5,1.20,4.2,Surplus,15,0.25,0.08,12.0,12,0.99,35
MOSPI/701352,Ganga Expressway Package 2 Hapur to Bulandshahr,Transport,State,Uttar Pradesh,Hapur & Bulandshahr,Completed,Linear,LARR_Act_2013,Highway,Physical_Possession_Taken,141,Private_Agricultural,610.0,7400,0,1.0,FALSE,99.8,TRUE,98.5,Stage_2_Final_Approved,20,TRUE,42,6,None,None,0,FALSE,0.90,Tier_1_National,4.2,1.22,4.1,Surplus,14,0.22,0.08,12.5,12,0.99,30
MOSPI/701353,Ganga Expressway Package 3 Bulandshahr to Amroha,Transport,State,Uttar Pradesh,Bulandshahr & Amroha,Completed,Linear,LARR_Act_2013,Highway,Physical_Possession_Taken,141,Private_Agricultural,640.0,7800,0,1.1,FALSE,99.2,TRUE,98.0,Stage_2_Final_Approved,22,TRUE,48,10,None,None,0,FALSE,0.94,Tier_1_National,4.8,1.20,4.2,Surplus,15,0.24,0.08,11.5,12,0.98,40
MOSPI/701354,Ganga Expressway Package 4 Amroha to Sambhal,Transport,State,Uttar Pradesh,Amroha & Sambhal,Completed,Linear,LARR_Act_2013,Highway,Physical_Possession_Taken,141,Private_Agricultural,620.0,7500,0,1.2,FALSE,99.0,TRUE,98.0,Stage_2_Final_Approved,19,TRUE,44,8,None,None,0,FALSE,0.92,Tier_1_National,4.5,1.20,4.3,Surplus,15,0.26,0.08,11.0,12,0.98,35
MOSPI/701355,Ganga Expressway Package 5 Sambhal to Badaun,Transport,State,Uttar Pradesh,Sambhal & Badaun,Completed,Linear,LARR_Act_2013,Highway,Physical_Possession_Taken,141,Private_Agricultural,660.0,7900,0,1.4,FALSE,98.8,TRUE,97.5,Stage_2_Final_Approved,24,TRUE,52,12,None,None,0,FALSE,0.95,Tier_1_National,5.0,1.18,4.4,Surplus,16,0.28,0.09,10.5,14,0.98,45
MOSPI/701356,Ganga Expressway Package 6 Badaun to Shahjahanpur,Transport,State,Uttar Pradesh,Badaun & Shahjahanpur,Completed,Linear,LARR_Act_2013,Highway,Physical_Possession_Taken,141,Private_Agricultural,680.0,8200,0,1.5,FALSE,98.5,TRUE,97.5,Stage_2_Final_Approved,25,TRUE,56,14,None,None,0,FALSE,0.96,Tier_1_National,5.2,1.18,4.5,Surplus,16,0.30,0.09,10.0,14,0.98,50
MOSPI/701357,Ganga Expressway Package 7 Shahjahanpur to Hardoi,Transport,State,Uttar Pradesh,Shahjahanpur & Hardoi,Completed,Linear,LARR_Act_2013,Highway,Physical_Possession_Taken,141,Private_Agricultural,710.0,8500,1,1.8,FALSE,98.0,TRUE,97.0,Stage_2_Final_Approved,28,TRUE,62,16,None,None,0,FALSE,0.98,Tier_1_National,5.5,1.16,4.6,Surplus,18,0.32,0.10,9.5,14,0.97,55
MOSPI/701358,Ganga Expressway Package 8 Hardoi to Unnao North,Transport,State,Uttar Pradesh,Hardoi & Unnao,Completed,Linear,LARR_Act_2013,Highway,Physical_Possession_Taken,141,Private_Agricultural,690.0,8100,0,1.4,FALSE,98.5,TRUE,97.5,Stage_2_Final_Approved,22,TRUE,54,12,None,None,0,FALSE,0.94,Tier_1_National,4.8,1.20,4.4,Surplus,16,0.30,0.10,9.0,14,0.98,45
MOSPI/701359,Ganga Expressway Package 9 Unnao North to Unnao South,Transport,State,Uttar Pradesh,Unnao,Completed,Linear,LARR_Act_2013,Highway,Physical_Possession_Taken,141,Private_Agricultural,650.0,7600,0,1.2,FALSE,99.0,TRUE,98.0,Stage_2_Final_Approved,20,TRUE,48,10,None,None,0,FALSE,0.92,Tier_1_National,4.5,1.20,4.3,Surplus,15,0.30,0.09,8.5,12,0.98,40
MOSPI/701360,Ganga Expressway Package 10 Unnao South to Rae Bareli,Transport,State,Uttar Pradesh,Unnao & Rae Bareli,Completed,Linear,LARR_Act_2013,Highway,Physical_Possession_Taken,141,Private_Agricultural,640.0,7500,0,1.3,FALSE,99.2,TRUE,98.0,Stage_2_Final_Approved,21,TRUE,46,8,None,None,0,FALSE,0.91,Tier_1_National,4.5,1.22,4.2,Surplus,15,0.32,0.09,8.0,12,0.99,35
MOSPI/701361,Ganga Expressway Package 11 Rae Bareli to Pratapgarh,Transport,State,Uttar Pradesh,Rae Bareli & Pratapgarh,Completed,Linear,LARR_Act_2013,Highway,Physical_Possession_Taken,141,Private_Agricultural,670.0,7800,0,1.4,FALSE,98.8,TRUE,97.5,Stage_2_Final_Approved,24,TRUE,50,12,None,None,0,FALSE,0.95,Tier_1_National,5.0,1.18,4.4,Surplus,16,0.34,0.09,7.5,14,0.98,45
MOSPI/701362,Ganga Expressway Package 12 Pratapgarh to Prayagraj,Transport,State,Uttar Pradesh,Pratapgarh & Prayagraj (Judapur Dando),Completed,Linear,LARR_Act_2013,Highway,Physical_Possession_Taken,141,Private_Agricultural,690.0,8100,0,1.5,FALSE,99.0,TRUE,98.0,Stage_2_Final_Approved,26,TRUE,55,14,None,None,0,FALSE,0.94,Tier_1_National,5.0,1.18,4.5,Surplus,16,0.35,0.08,7.0,14,0.98,40
MOSPI/701363,Bundelkhand Expressway Package 1 Chitrakoot to Banda,Transport,State,Uttar Pradesh,Chitrakoot & Banda,Completed,Linear,LARR_Act_2013,Highway,Physical_Possession_Taken,1524,Private_Agricultural_Bundelkhand,540.0,3200,0,0.8,FALSE,98.5,TRUE,98.0,Stage_2_Final_Approved,18,TRUE,42,6,None,None,0,FALSE,0.82,Tier_1_National,4.5,1.24,4.0,Surplus,12,0.26,0.09,12.5,11,0.96,0
MOSPI/701364,Bundelkhand Expressway Package 2 Banda Section,Transport,State,Uttar Pradesh,Banda,Completed,Linear,LARR_Act_2013,Highway,Physical_Possession_Taken,1524,Private_Agricultural_Bundelkhand,580.0,3400,0,0.6,FALSE,99.0,TRUE,98.5,Stage_2_Final_Approved,19,TRUE,45,8,None,None,0,FALSE,0.80,Tier_1_National,4.5,1.25,4.0,Surplus,12,0.28,0.09,12.0,11,0.96,0
MOSPI/701365,Bundelkhand Expressway Package 3 Banda to Mahoba,Transport,State,Uttar Pradesh,Banda & Mahoba,Completed,Linear,LARR_Act_2013,Highway,Physical_Possession_Taken,1524,Private_Agricultural_Bundelkhand,610.0,3600,0,0.8,FALSE,98.8,TRUE,98.0,Stage_2_Final_Approved,21,TRUE,48,8,None,None,0,FALSE,0.82,Tier_1_National,4.6,1.24,4.1,Surplus,12,0.28,0.09,11.8,11,0.96,0
MOSPI/701366,Bundelkhand Expressway Package 4 Mahoba to Hamirpur,Transport,State,Uttar Pradesh,Mahoba & Hamirpur,Completed,Linear,LARR_Act_2013,Highway,Physical_Possession_Taken,1524,Private_Agricultural_Bundelkhand,630.0,3700,0,0.7,FALSE,99.2,TRUE,98.5,Stage_2_Final_Approved,20,TRUE,46,6,None,None,0,FALSE,0.80,Tier_1_National,4.4,1.25,4.0,Surplus,12,0.27,0.09,11.5,11,0.95,0
MOSPI/701367,Bundelkhand Expressway Package 5 Hamirpur to Jalaun,Transport,State,Uttar Pradesh,Hamirpur & Jalaun,Completed,Linear,LARR_Act_2013,Highway,Physical_Possession_Taken,1524,Private_Agricultural_Bundelkhand,650.0,3800,0,0.9,FALSE,98.5,TRUE,98.0,Stage_2_Final_Approved,22,TRUE,52,8,None,None,0,FALSE,0.84,Tier_1_National,4.8,1.22,4.2,Surplus,14,0.29,0.09,11.2,11,0.95,0
MOSPI/701368,Bundelkhand Expressway Package 6 Jalaun to Auraiya,Transport,State,Uttar Pradesh,Jalaun & Auraiya,Completed,Linear,LARR_Act_2013,Highway,Physical_Possession_Taken,1524,Private_Agricultural_Bundelkhand,620.0,3600,0,0.8,FALSE,99.0,TRUE,98.0,Stage_2_Final_Approved,20,TRUE,48,6,None,None,0,FALSE,0.82,Tier_1_National,4.6,1.24,4.1,Surplus,12,0.28,0.09,11.0,11,0.95,0
MOSPI/701369,Bundelkhand Expressway Package 7 Auraiya to Etawah Agra Lucknow Link,Transport,State,Uttar Pradesh,Auraiya & Etawah (Kudrail),Completed,Linear,LARR_Act_2013,Highway,Physical_Possession_Taken,1524,Private_Agricultural_Bundelkhand,623.67,3661,0,0.6,FALSE,99.5,TRUE,98.5,Stage_2_Final_Approved,22,TRUE,50,8,None,None,0,FALSE,0.80,Tier_1_National,4.5,1.25,4.0,Surplus,12,0.26,0.09,10.8,11,0.96,0
MOSPI/701370,Purvanchal Expressway Package 1 Lucknow to Barabanki,Transport,State,Uttar Pradesh,Lucknow & Barabanki,Completed,Linear,LARR_Act_2013,Highway,Physical_Possession_Taken,1766,Private_Agricultural,520.0,1100,0,0.8,FALSE,99.8,TRUE,98.5,Stage_2_Final_Approved,24,TRUE,54,12,None,None,0,FALSE,0.88,Tier_1_National,5.0,1.16,4.2,Surplus,14,0.32,0.08,8.8,12,0.94,0
MOSPI/701371,Purvanchal Expressway Package 2 Barabanki to Amethi,Transport,State,Uttar Pradesh,Barabanki & Amethi,Completed,Linear,LARR_Act_2013,Highway,Physical_Possession_Taken,1766,Private_Agricultural,540.0,1150,0,0.6,FALSE,100.0,TRUE,98.5,Stage_2_Final_Approved,22,TRUE,48,10,None,None,0,FALSE,0.86,Tier_1_National,4.8,1.18,4.1,Surplus,14,0.34,0.08,8.5,12,0.94,0
MOSPI/701373,Purvanchal Expressway Package 3 Amethi to Sultanpur,Transport,State,Uttar Pradesh,Amethi & Sultanpur,Completed,Linear,LARR_Act_2013,Highway,Physical_Possession_Taken,1766,Private_Agricultural,560.0,1200,0,0.8,FALSE,99.8,TRUE,98.5,Stage_2_Final_Approved,25,TRUE,56,12,None,None,0,FALSE,0.88,Tier_1_National,5.2,1.15,4.2,Surplus,14,0.35,0.08,8.5,12,0.93,0
MOSPI/701374,Purvanchal Expressway Package 4 Sultanpur Airstrip Section,Transport,State,Uttar Pradesh,Sultanpur (Kurebhar Airstrip),Completed,Linear,LARR_Act_2013,Highway,Physical_Possession_Taken,1766,Private_Agricultural,580.0,1250,0,0.5,FALSE,100.0,TRUE,99.0,Stage_2_Final_Approved,20,TRUE,45,8,None,None,0,FALSE,0.85,Tier_1_National,4.8,1.18,4.0,Surplus,12,0.35,0.08,8.2,12,0.95,0
MOSPI/701375,Purvanchal Expressway Package 5 Sultanpur to Ayodhya Link,Transport,State,Uttar Pradesh,Sultanpur & Ayodhya Border,Completed,Linear,LARR_Act_2013,Highway,Physical_Possession_Taken,1766,Private_Agricultural,550.0,1180,0,0.7,FALSE,99.8,TRUE,98.5,Stage_2_Final_Approved,22,TRUE,52,10,None,None,0,FALSE,0.88,Tier_1_National,5.0,1.15,4.2,Surplus,14,0.36,0.08,8.0,12,0.93,0
MOSPI/701376,Purvanchal Expressway Package 6 Ambedkar Nagar Section,Transport,State,Uttar Pradesh,Ambedkar Nagar,Completed,Linear,LARR_Act_2013,Highway,Physical_Possession_Taken,1766,Private_Agricultural,530.0,1120,0,0.6,FALSE,100.0,TRUE,98.5,Stage_2_Final_Approved,21,TRUE,48,10,None,None,0,FALSE,0.86,Tier_1_National,4.8,1.18,4.1,Surplus,14,0.36,0.08,7.8,12,0.94,0
MOSPI/701377,Purvanchal Expressway Package 7 Azamgarh Section,Transport,State,Uttar Pradesh,Azamgarh,Completed,Linear,LARR_Act_2013,Highway,Physical_Possession_Taken,1766,Private_Agricultural,570.0,1240,0,0.8,FALSE,99.5,TRUE,98.0,Stage_2_Final_Approved,24,TRUE,58,14,None,None,0,FALSE,0.89,Tier_1_National,5.2,1.15,4.2,Surplus,15,0.38,0.08,7.5,12,0.92,0
MOSPI/701378,Purvanchal Expressway Package 8 Mau to Ghazipur Haidariya,Transport,State,Uttar Pradesh,Mau & Ghazipur (Haidariya),Completed,Linear,LARR_Act_2013,Highway,Physical_Possession_Taken,1766,Private_Agricultural,580.0,1260,0,0.7,FALSE,99.8,TRUE,98.5,Stage_2_Final_Approved,23,TRUE,55,12,None,None,0,FALSE,0.88,Tier_1_National,5.0,1.16,4.2,Surplus,14,0.38,0.08,7.2,12,0.93,0
MOSPI/701379,Gorakhpur Link Expressway Package 1 Gorakhpur to Sant Kabir Nagar,Transport,State,Uttar Pradesh,Gorakhpur & Sant Kabir Nagar,Completed,Linear,LARR_Act_2013,Highway,Physical_Possession_Taken,454,Private_Agricultural,560.0,10500,1,2.5,FALSE,99.2,TRUE,97.5,Stage_2_Final_Approved,35,TRUE,80,16,None,None,0,FALSE,1.10,Tier_1_National,7.2,0.98,5.2,Surplus,16,0.38,0.10,6.8,16,0.93,861
MOSPI/701380,Gorakhpur Link Expressway Package 2 Ambedkar Nagar to Azamgarh Salarpur,Transport,State,Uttar Pradesh,Ambedkar Nagar & Azamgarh,Completed,Linear,LARR_Act_2013,Highway,Physical_Possession_Taken,454,Private_Agricultural,535.07,9699,0,1.8,FALSE,99.0,TRUE,97.5,Stage_2_Final_Approved,29,TRUE,65,12,None,None,0,FALSE,1.14,Tier_1_National,7.8,0.92,5.5,Surplus,16,0.38,0.10,6.6,16,0.91,861
MOSPI/710001,Bhanupali Bilaspur Beri New Broad Gauge Rail Line,Transport,Central,Himachal Pradesh & Punjab,Bilaspur to Rupnagar,Ongoing,Linear,Railways_Act_1989,Railway,Physical_Possession_Taken,1450,Mountainous_Forest_and_SubHimalayan,210.5,650,2,3.8,FALSE,92.5,FALSE,94.0,Stage_2_Final_Approved,68,TRUE,140,28,None,Active_NGT_Stay,20,TRUE,1.48,Tier_1_National,18.5,0.85,6.4,Scarce,45,0.92,0.38,35.0,24,0.92,1095
MOSPI/710002,Bairabi Sairang New Broad Gauge Line Project,Transport,Central,Mizoram,Kolasib & Aizawl,Ongoing,Linear,Railways_Act_1989,Railway,Physical_Possession_Taken,2180,Mountainous_Forest_and_Customary,285.0,820,1,16.5,FALSE,88.0,FALSE,92.5,Stage_2_Final_Approved,45,TRUE,190,32,None,Landslide_Disruption,35,TRUE,1.62,Tier_2_Regional,22.0,0.78,6.8,Scarce,48,0.98,0.42,42.0,26,0.89,1460
MOSPI/710003,Jiribam Imphal Railway Line Tupul to Imphal Section,Transport,Central,Manipur,Noney & Imphal West,Ongoing,Linear,Railways_Act_1989,Railway,Physical_Possession_Taken,2450,Mountainous_Forest_and_Customary,320.0,940,2,18.2,FALSE,84.5,FALSE,91.0,Stage_2_Final_Approved,52,TRUE,210,38,None,Active_Insurgency_Bandh,60,TRUE,1.75,Tier_1_National,25.0,0.72,7.2,Scarce,52,0.95,0.45,45.0,28,0.87,1825
MOSPI/710004,Dimapur Kohima Zubza New Broad Gauge Rail Line,Transport,Central,Nagaland,Dimapur & Kohima,Ongoing,Linear,Railways_Act_1989,Railway,Section_20G_Award_Declared,1850,Mountainous_Forest_and_Customary,195.0,620,1,19.5,FALSE,79.5,FALSE,90.5,Stage_1_Applied,40,TRUE,165,24,None,Landowner_Dispute,40,TRUE,1.68,Tier_2_Regional,24.0,0.75,7.0,Scarce,50,0.96,0.40,40.0,28,0.88,1460
MOSPI/710005,Sivok Rangpo New Broad Gauge Railway Tunnel Line,Transport,Central,West Bengal & Sikkim,Darjeeling Kalimpong Pakyong,Ongoing,Linear,Railways_Act_1989,Railway,Physical_Possession_Taken,1980,Mountainous_Forest_and_Riparian,145.0,420,1,2.5,FALSE,94.0,FALSE,94.5,Stage_2_Final_Approved,32,TRUE,85,15,None,Active_Landslide_Disruption,25,TRUE,1.55,Tier_1_National,20.5,0.82,6.5,Scarce,46,0.94,0.40,38.0,22,0.93,1240
MOSPI/710006,Araria Galgalia New Rail Line Project 110 km,Transport,Central,Bihar,Araria & Kishanganj,Ongoing,Linear,Railways_Act_1989,Railway,Section_20G_Award_Declared,1420,Private_Agricultural_and_Riparian,310.0,1240,1,3.2,FALSE,86.5,FALSE,94.0,Stage_1_In_Principle,85,TRUE,320,48,None,None,5,FALSE,1.15,Tier_1_National,8.5,1.05,5.2,Surplus,22,0.72,0.22,3.5,18,0.95,365
MOSPI/710007,Mokama Double Line Railway Bridge over River Ganga,Transport,Central,Bihar,Patna & Begusarai,Completed,Point,Railways_Act_1989,Bridge,Physical_Possession_Taken,2450,Riverbed_and_Agricultural,38.5,140,0,1.2,FALSE,100.0,FALSE,98.0,Stage_2_Final_Approved,35,TRUE,28,6,None,None,0,FALSE,0.98,Tier_1_National,5.0,1.18,4.5,Surplus,18,0.75,0.25,2.5,14,0.99,90
MOSPI/710008,Hajipur Sugauli via Vaishali New Rail Line,Transport,Central,Bihar,Vaishali & Muzaffarpur,Ongoing,Linear,Railways_Act_1989,Railway,Section_20G_Award_Declared,2850,Private_Agricultural,420.0,1850,2,4.5,FALSE,82.0,FALSE,92.5,Stage_1_In_Principle,110,TRUE,480,72,None,Farmer_Land_Compensation_Protest,20,TRUE,1.38,Tier_1_National,14.5,0.92,5.6,Surplus,25,0.68,0.20,4.2,20,0.93,1460
MOSPI/710009,Nandyal Yerraguntla New Broad Gauge Rail Line,Transport,Central,Andhra Pradesh,Kurnool & YSR Kadapa,Completed,Linear,Railways_Act_1989,Railway,Physical_Possession_Taken,3100,Private_Agricultural_Arid,540.0,1650,0,1.5,FALSE,100.0,FALSE,98.0,Not_Applicable,72,TRUE,280,35,None,None,0,FALSE,1.02,Tier_1_National,5.2,1.16,4.6,Surplus,16,0.22,0.08,18.0,12,0.98,0
MOSPI/710010,Nadikudi Srikalahasti New Railway Line Project,Transport,Central,Andhra Pradesh,Guntur Prakasam Nellore,Ongoing,Linear,Railways_Act_1989,Railway,Physical_Possession_Taken,2650,Private_Agricultural,890.0,2950,2,3.2,FALSE,89.5,FALSE,94.5,Stage_2_Final_Approved,120,TRUE,520,78,None,None,10,FALSE,1.22,Tier_1_National,10.2,0.98,5.2,Surplus,22,0.35,0.12,12.0,18,0.95,730
MOSPI/710011,Kotipalli Narsapur New Railway Line with River Bridges,Transport,Central,Andhra Pradesh,Dr BR Ambedkar Konaseema,Ongoing,Linear,Railways_Act_1989,Railway,Physical_Possession_Taken,2850,Riparian_Aquaculture_and_Private,240.0,1180,3,4.8,TRUE,78.5,FALSE,92.0,Stage_2_Final_Approved,95,TRUE,380,64,None,Fisherman_Livelihood_Protest,25,FALSE,1.42,Tier_1_National,15.5,0.88,5.8,Adequate,30,0.72,0.24,1.8,22,0.92,1825
MOSPI/710012,Gooty Dharmavaram Rail Doubling 90 km SCR,Transport,Central,Andhra Pradesh,Anantapuramu,Completed,Linear,Railways_Act_1989,Railway,Physical_Possession_Taken,2180,Private_Agricultural_Arid,165.0,520,0,1.0,FALSE,100.0,FALSE,98.5,Not_Applicable,48,TRUE,95,18,None,None,0,FALSE,0.92,Tier_1_National,4.5,1.22,4.2,Surplus,15,0.18,0.08,24.0,12,0.99,0
MOSPI/710013,Guntur Tenali Doubling with Electrification 25 km,Transport,Central,Andhra Pradesh,Guntur,Completed,Linear,Railways_Act_1989,Railway,Physical_Possession_Taken,2450,Private_Agricultural,48.0,180,0,0.8,FALSE,100.0,FALSE,98.5,Not_Applicable,32,TRUE,45,8,None,None,0,FALSE,0.95,Tier_1_National,4.8,1.20,4.4,Surplus,14,0.38,0.10,8.5,12,0.99,0
MOSPI/710014,Vijayawada Bhimavaram Nidadavolu Doubling Electrification,Transport,Central,Andhra Pradesh,Krishna & West Godavari,Completed,Linear,Railways_Act_1989,Railway,Physical_Possession_Taken,2750,Aquaculture_and_Agricultural,380.0,1450,0,1.8,FALSE,99.5,FALSE,97.5,Stage_2_Final_Approved,115,TRUE,240,42,None,None,0,FALSE,1.08,Tier_1_National,6.5,1.14,4.8,Surplus,18,0.55,0.16,3.0,14,0.98,365
MOSPI/710015,Kazipet Ballharshah 3rd Rail Line 234 km SCR,Transport,Central,Telangana & Maharashtra,Warangal Peddapalli Chandrapur,Ongoing,Linear,Railways_Act_1989,Railway,Physical_Possession_Taken,2380,Private_Agricultural_and_Forest,460.0,1580,1,2.5,FALSE,96.0,FALSE,96.0,Stage_2_Final_Approved,140,TRUE,310,48,None,None,0,FALSE,1.12,Tier_1_National,7.5,1.10,5.0,Surplus,20,0.42,0.14,10.0,16,0.97,540
MOSPI/710016,Akola Khandwa Gauge Conversion Project 174 km SCR,Transport,Central,Maharashtra & Madhya Pradesh,Akola to Khandwa (Melghat Corridor),Ongoing,Linear,Railways_Act_1989,Railway,Physical_Possession_Taken,2650,Forest_and_Tiger_Reserve,420.0,890,3,6.2,TRUE,65.0,FALSE,91.5,Stage_1_Applied,45,TRUE,180,24,None,Melghat_Tiger_Reserve_Litigation,45,TRUE,1.58,Tier_1_National,20.0,0.80,6.5,Scarce,42,0.52,0.22,14.0,24,0.91,1825
MOSPI/710017,Daund Gulbarga Rail Doubling with Electrification 225 km,Transport,Central,Maharashtra & Karnataka,Solapur to Kalaburagi,Completed,Linear,Railways_Act_1989,Railway,Physical_Possession_Taken,2980,Private_Agricultural_Arid,480.0,1620,0,1.4,FALSE,99.8,FALSE,98.0,Not_Applicable,125,TRUE,280,38,None,None,0,FALSE,1.04,Tier_1_National,5.8,1.15,4.6,Surplus,18,0.24,0.09,18.0,14,0.98,450
MOSPI/710018,Wardha Ballharshah 3rd Line 132 km Central Railway,Transport,Central,Maharashtra,Wardha & Chandrapur,Completed,Linear,Railways_Act_1989,Railway,Physical_Possession_Taken,2450,Private_Agricultural_and_Forest,280.0,950,0,1.5,FALSE,99.5,FALSE,97.5,Stage_2_Final_Approved,95,TRUE,180,28,None,None,0,FALSE,1.06,Tier_1_National,6.0,1.14,4.8,Surplus,18,0.38,0.12,12.0,14,0.98,310
MOSPI/710019,Itarsi Nagpur 3rd Railway Line 280 km Central Railway,Transport,Central,Madhya Pradesh & Maharashtra,Betul & Nagpur (Satpura Ghat),Ongoing,Linear,Railways_Act_1989,Railway,Physical_Possession_Taken,2550,Mountainous_Forest_and_Ghats,580.0,1850,2,3.8,FALSE,94.5,FALSE,95.0,Stage_2_Final_Approved,160,TRUE,420,72,None,None,12,FALSE,1.25,Tier_1_National,11.5,0.98,5.4,Adequate,26,0.48,0.18,15.0,18,0.95,730
MOSPI/710020,Barkakana Ranchi Track Doubling 58 km ECR,Transport,Central,Jharkhand,Ramgarh & Ranchi,Completed,Linear,Railways_Act_1989,Railway,Physical_Possession_Taken,2250,Forest_and_Hilly_Terrain,125.0,480,0,1.8,FALSE,100.0,FALSE,98.0,Stage_2_Final_Approved,65,TRUE,110,22,None,None,0,FALSE,1.05,Tier_1_National,5.5,1.16,4.8,Surplus,20,0.45,0.16,11.0,14,0.98,0
MOSPI/710021,Dhanbad Sonnagar Eastern DFC Dedicated Freight Link,Transport,Central,Jharkhand & Bihar,Dhanbad to Aurangabad,Ongoing,Linear,Railways_Act_1989,Freight_Corridor,Physical_Possession_Taken,2850,Private_Agricultural_and_Coal,1150.0,3800,2,3.5,FALSE,95.5,FALSE,95.0,Stage_2_Final_Approved,210,TRUE,850,140,None,None,10,FALSE,1.18,Tier_1_National,8.8,1.05,5.2,Surplus,24,0.45,0.16,9.5,16,0.96,980
MOSPI/710022,Sambalpur Titlagarh Rail Doubling 182 km East Coast Railway,Transport,Central,Odisha,Sambalpur Balangir Titlagarh,Completed,Linear,Railways_Act_1989,Railway,Physical_Possession_Taken,2950,Private_Agricultural_and_Forest,390.0,1420,0,1.8,FALSE,99.8,FALSE,97.5,Stage_2_Final_Approved,115,TRUE,260,42,None,None,0,FALSE,1.10,Tier_1_National,7.2,1.12,4.9,Surplus,20,0.42,0.15,9.0,15,0.97,520
MOSPI/710023,Titlagarh Raipur Doubling with Electrification 203 km,Transport,Central,Odisha & Chhattisgarh,Titlagarh to Raipur,Completed,Linear,Railways_Act_1989,Railway,Physical_Possession_Taken,2750,Private_Agricultural,420.0,1520,0,1.5,FALSE,100.0,FALSE,98.0,Not_Applicable,120,TRUE,280,38,None,None,0,FALSE,1.05,Tier_1_National,6.5,1.15,4.8,Surplus,18,0.38,0.12,11.5,14,0.98,365
MOSPI/710024,Rani Kalanus Broad Gauge Rail Doubling Western Railway,Transport,Central,Gujarat,Rajkot to Jamnagar,Ongoing,Linear,Railways_Act_1989,Railway,Physical_Possession_Taken,1650,Private_Agricultural,220.0,740,0,1.2,FALSE,96.0,FALSE,96.5,Not_Applicable,75,TRUE,110,24,None,None,0,FALSE,1.04,Tier_1_National,5.2,1.18,4.6,Surplus,16,0.22,0.08,18.0,14,0.98,120
MOSPI/710025,Surendranagar Rajkot Doubling 116 km Western Railway,Transport,Central,Gujarat,Surendranagar & Rajkot,Completed,Linear,Railways_Act_1989,Railway,Physical_Possession_Taken,2450,Private_Agricultural_and_Semi_Arid,280.0,920,0,1.0,FALSE,100.0,FALSE,98.5,Not_Applicable,85,TRUE,140,25,None,None,0,FALSE,0.95,Tier_1_National,4.8,1.20,4.4,Surplus,15,0.20,0.08,20.0,12,0.99,0
MOSPI/710026,Udhna Jalgaon Rail Doubling with Electrification 307 km,Transport,Central,Gujarat & Maharashtra,Surat Navsari Jalgaon,Completed,Linear,Railways_Act_1989,Railway,Physical_Possession_Taken,3450,Private_Agricultural_and_Forest,620.0,2400,1,2.5,FALSE,99.5,FALSE,97.0,Stage_2_Final_Approved,190,TRUE,480,95,None,None,10,FALSE,1.15,Tier_1_National,8.5,1.08,5.1,Surplus,22,0.38,0.14,12.0,16,0.96,820
MOSPI/710027,Mathura Jhansi 3rd Line 274 km North Central Railway,Transport,Central,Uttar Pradesh & Rajasthan & MP,Mathura Agra Gwalior Jhansi,Ongoing,Linear,Railways_Act_1989,Railway,Physical_Possession_Taken,2450,Private_Agricultural_and_Chambal_Ravines,580.0,1950,1,2.0,FALSE,97.5,FALSE,96.5,Stage_2_Final_Approved,180,TRUE,380,68,None,None,0,FALSE,1.10,Tier_1_National,6.8,1.12,4.9,Surplus,18,0.26,0.10,16.5,15,0.97,450
MOSPI/710028,Jhansi Bina 3rd Line 153 km North Central Railway,Transport,Central,Uttar Pradesh & Madhya Pradesh,Jhansi Lalitpur Sagar,Completed,Linear,Railways_Act_1989,Railway,Physical_Possession_Taken,2650,Private_Agricultural_and_Barren,320.0,1100,0,1.2,FALSE,99.8,FALSE,98.0,Not_Applicable,110,TRUE,210,32,None,None,0,FALSE,1.02,Tier_1_National,5.5,1.16,4.6,Surplus,16,0.28,0.10,15.0,14,0.98,180
MOSPI/710029,Bhopal Bina 3rd Railway Line 143 km West Central Railway,Transport,Central,Madhya Pradesh,Bhopal Vidisha Sagar,Completed,Linear,Railways_Act_1989,Railway,Physical_Possession_Taken,2850,Private_Agricultural,295.0,1050,0,1.0,FALSE,100.0,FALSE,98.5,Not_Applicable,95,TRUE,190,28,None,None,0,FALSE,0.98,Tier_1_National,5.0,1.18,4.5,Surplus,16,0.25,0.08,16.0,12,0.99,120
MOSPI/710030,Itarsi Budni 3rd Line with Midghat Ghat Tunnels 25 km,Transport,Central,Madhya Pradesh,Hoshangabad & Sehore,Ongoing,Linear,Railways_Act_1989,Railway,Physical_Possession_Taken,2180,Mountainous_Forest_and_Eco_Sensitive,68.0,190,1,3.5,FALSE,95.0,FALSE,94.0,Stage_2_Final_Approved,38,TRUE,45,10,None,Ratapani_Sanctuary_Litigation,15,FALSE,1.32,Tier_1_National,14.0,0.92,5.8,Adequate,30,0.50,0.20,18.0,20,0.94,620
MOSPI/710031,Katni Durg 3rd Railway Line Project 358 km SECR,Transport,Central,Madhya Pradesh & Chhattisgarh,Katni Shahdol Bilaspur Durg,Ongoing,Linear,Railways_Act_1989,Railway,Physical_Possession_Taken,2100,Forest_Agricultural_and_Coal,720.0,2400,2,3.2,FALSE,91.5,FALSE,94.0,Stage_2_Final_Approved,190,TRUE,520,85,None,None,10,FALSE,1.20,Tier_1_National,9.5,1.05,5.2,Surplus,24,0.42,0.16,11.0,18,0.95,480
MOSPI/710032,Champa Jharsuguda 3rd Line 152 km SECR,Transport,Central,Chhattisgarh & Odisha,Janjgir Champa Raigarh Jharsuguda,Completed,Linear,Railways_Act_1989,Railway,Physical_Possession_Taken,2650,Private_Agricultural_and_Coal,340.0,1240,0,1.5,FALSE,99.5,FALSE,97.5,Stage_2_Final_Approved,120,TRUE,280,45,None,None,0,FALSE,1.05,Tier_1_National,6.2,1.14,4.8,Surplus,18,0.40,0.14,10.0,14,0.98,310
MOSPI/710033,Durg Nagpur 3rd Railway Line 208 km SECR,Transport,Central,Chhattisgarh & Maharashtra,Rajnandgaon Gondia Nagpur,Ongoing,Linear,Railways_Act_1989,Railway,Physical_Possession_Taken,2250,Private_Agricultural,420.0,1480,1,2.0,FALSE,94.0,FALSE,95.5,Stage_2_Final_Approved,145,TRUE,310,52,None,None,0,FALSE,1.12,Tier_1_National,7.5,1.10,5.0,Surplus,20,0.36,0.12,12.5,16,0.96,420
MOSPI/710034,Gonda Utraula Barhni Broad Gauge Rail Loop Line,Transport,Central,Uttar Pradesh,Gonda Balrampur Siddharthnagar,Ongoing,Linear,Railways_Act_1989,Railway,Section_20G_Award_Declared,1250,Private_Agricultural_and_Terai,260.0,980,1,2.8,FALSE,82.5,FALSE,93.5,Stage_1_In_Principle,85,TRUE,190,34,None,None,0,FALSE,1.15,Tier_2_Regional,8.5,1.05,5.2,Surplus,22,0.58,0.18,5.5,18,0.95,0
MOSPI/710035,Sahjanwa Dohrighat New Rail Line 81 km NER,Transport,Central,Uttar Pradesh,Gorakhpur & Mau,Ongoing,Linear,Railways_Act_1989,Railway,Section_20G_Award_Declared,1150,Private_Agricultural_and_Riparian,195.0,850,1,2.4,FALSE,85.0,FALSE,94.0,Stage_1_In_Principle,78,TRUE,165,28,None,None,0,FALSE,1.10,Tier_2_Regional,7.5,1.10,5.0,Surplus,20,0.60,0.18,4.5,16,0.96,0
MOSPI/710036,Bahraich Khalilabad New Rail Line via Shravasti Balrampur,Transport,Central,Uttar Pradesh,Bahraich Shravasti Balrampur Basti,Ongoing,Linear,Railways_Act_1989,Railway,Section_20F_Declaration,820,Private_Agricultural_Terai_Belt,580.0,2100,2,4.5,TRUE,48.0,FALSE,91.5,Stage_1_Applied,140,TRUE,420,68,None,None,0,FALSE,1.25,Tier_1_National,11.5,0.95,5.5,Surplus,25,0.65,0.20,4.0,20,0.93,0
MOSPI/710037,Kasia Kushinagar International Buddhist Rail Spur,Transport,Central,Uttar Pradesh,Kushinagar,Ongoing,Linear,Railways_Act_1989,Railway,Section_20A_Notification,620,Private_Agricultural,65.0,280,0,2.0,TRUE,32.0,FALSE,92.5,Not_Applicable,35,TRUE,45,12,None,None,0,FALSE,1.05,Tier_2_Regional,5.5,1.15,4.8,Surplus,18,0.52,0.16,6.0,15,0.97,0
MOSPI/710038,Bhatni Peokol Rail Chord Line and Varanasi Bypass,Transport,Central,Uttar Pradesh,Deoria,Completed,Linear,Railways_Act_1989,Railway,Physical_Possession_Taken,1950,Private_Agricultural,24.5,95,0,0.8,FALSE,100.0,FALSE,98.5,Not_Applicable,28,TRUE,22,6,None,None,0,FALSE,0.94,Tier_1_National,4.5,1.20,4.2,Surplus,15,0.48,0.14,7.0,12,0.99,0
MOSPI/710039,Mughalsarai Sonnagar 3rd and 4th Rail Track Line,Transport,Central,Uttar Pradesh & Bihar,Chandauli to Rohtas,Completed,Linear,Railways_Act_1989,Railway,Physical_Possession_Taken,2850,Private_Agricultural,380.0,1420,0,1.2,FALSE,99.5,FALSE,97.5,Not_Applicable,140,TRUE,280,48,None,None,0,FALSE,1.02,Tier_1_National,5.8,1.16,4.7,Surplus,18,0.45,0.14,8.0,14,0.98,365
MOSPI/710040,Kiul Gaya Rail Line Doubling 123 km East Central Railway,Transport,Central,Bihar,Lakhisarai Sheikhpura Nawada Gaya,Completed,Linear,Railways_Act_1989,Railway,Physical_Possession_Taken,2980,Private_Agricultural,295.0,1150,0,1.5,FALSE,100.0,FALSE,98.0,Not_Applicable,110,TRUE,240,35,None,None,0,FALSE,1.08,Tier_1_National,6.5,1.12,4.8,Surplus,20,0.48,0.15,8.5,15,0.97,620
MOSPI/710041,Ranchi Koderma New Broad Gauge Rail Line 189 km,Transport,Central,Jharkhand,Koderma Hazaribagh Barkakana Ranchi,Completed,Linear,Railways_Act_1989,Railway,Physical_Possession_Taken,3850,Forest_and_Hilly_Coal_Belt,640.0,2450,2,4.2,FALSE,99.0,FALSE,95.5,Stage_2_Final_Approved,145,TRUE,580,92,None,Citizen_Activist_Protest,30,TRUE,1.55,Tier_1_National,18.5,0.85,6.2,Adequate,35,0.52,0.20,10.0,24,0.92,3100
MOSPI/710042,Rampurhat Dumka Broad Gauge Rail Connectivity,Transport,Central,West Bengal & Jharkhand,Birbhum to Dumka,Completed,Linear,Railways_Act_1989,Railway,Physical_Possession_Taken,3450,Private_Agricultural_and_Tribal,220.0,890,1,2.8,FALSE,99.5,FALSE,97.0,Stage_2_Final_Approved,75,TRUE,180,28,None,None,10,FALSE,1.25,Tier_1_National,10.5,1.02,5.2,Adequate,25,0.60,0.18,7.5,18,0.95,1460
MOSPI/710043,Mandarhill Hansdiha Dumka New Rail Line 73 km,Transport,Central,Bihar & Jharkhand,Banka to Dumka,Completed,Linear,Railways_Act_1989,Railway,Physical_Possession_Taken,3650,Private_Agricultural_and_Tribal,285.0,1080,1,3.2,FALSE,99.0,FALSE,96.5,Stage_2_Final_Approved,85,TRUE,240,36,None,None,12,FALSE,1.30,Tier_1_National,11.5,0.98,5.4,Adequate,26,0.58,0.18,8.5,18,0.94,1825
MOSPI/710044,Deoghar Dumka New Broad Gauge Line 71 km,Transport,Central,Jharkhand,Deoghar & Dumka,Completed,Linear,Railways_Act_1989,Railway,Physical_Possession_Taken,3850,Private_Agricultural_and_Barren,265.0,980,0,2.1,FALSE,100.0,FALSE,97.5,Not_Applicable,82,TRUE,210,30,Religious_Shrine,None,0,FALSE,1.20,Tier_1_National,9.5,1.05,5.0,Adequate,24,0.55,0.16,11.0,16,0.96,1650
MOSPI/710045,Sultanganj Katoria New Rail Line Project 72 km,Transport,Central,Bihar,Bhagalpur & Banka,Ongoing,Linear,Railways_Act_1989,Railway,Section_20G_Award_Declared,1450,Private_Agricultural,225.0,840,1,3.0,FALSE,78.5,FALSE,93.0,Not_Applicable,78,TRUE,165,26,Religious_Shrine,None,0,FALSE,1.18,Tier_2_Regional,9.5,1.05,5.2,Surplus,22,0.62,0.18,6.5,18,0.94,0
MOSPI/710046,Katihar Kumedpur Rail Doubling 38 km Northeast Frontier,Transport,Central,Bihar & West Bengal,Katihar to Malda,Completed,Linear,Railways_Act_1989,Railway,Physical_Possession_Taken,2450,Riparian_and_Alluvial,74.0,280,0,1.5,FALSE,100.0,FALSE,98.0,Not_Applicable,48,TRUE,65,12,None,None,0,FALSE,0.95,Tier_1_National,4.8,1.20,4.4,Surplus,16,0.78,0.22,2.5,12,0.99,0
MOSPI/710047,Ranaghat Gede Track Doubling 44 km Eastern Railway,Transport,Central,West Bengal,Nadia (Indo-Bangladesh Border),Ongoing,Linear,Railways_Act_1989,Railway,Physical_Possession_Taken,1450,Private_Agricultural_and_Riparian,85.0,380,0,2.0,FALSE,92.0,FALSE,95.5,Not_Applicable,64,TRUE,95,24,None,None,0,FALSE,1.08,Tier_2_Regional,7.5,1.10,5.0,Surplus,20,0.72,0.20,3.0,15,0.97,180
MOSPI/710048,Barasat Hasnabad Rail Line Doubling 53 km Eastern Railway,Transport,Central,West Bengal,North 24 Parganas,Ongoing,Linear,Railways_Act_1989,Railway,Section_20F_Declaration,1250,Dense_Settlement_and_Agricultural,110.0,920,3,6.5,TRUE,62.0,FALSE,92.0,Not_Applicable,140,TRUE,380,110,None,Encroachment_Eviction_Protest,20,FALSE,1.35,Tier_1_National,14.5,0.92,5.5,Surplus,25,0.78,0.22,2.2,22,0.92,420
MOSPI/710049,Azimganj Nalhati Rail Doubling 45 km Eastern Railway,Transport,Central,West Bengal,Murshidabad & Birbhum,Completed,Linear,Railways_Act_1989,Railway,Physical_Possession_Taken,2380,Private_Agricultural,88.0,320,0,1.2,FALSE,100.0,FALSE,98.5,Not_Applicable,52,TRUE,75,14,None,None,0,FALSE,0.98,Tier_1_National,5.2,1.18,4.5,Surplus,18,0.65,0.18,4.5,14,0.98,0
MOSPI/710050,Bandel Katwa Doubling with Electrification 105 km,Transport,Central,West Bengal,Hooghly & Purba Bardhaman,Completed,Linear,Railways_Act_1989,Railway,Physical_Possession_Taken,2980,Private_Agricultural_and_Urban,210.0,850,0,1.8,FALSE,99.5,FALSE,97.5,Not_Applicable,115,TRUE,190,38,None,None,0,FALSE,1.10,Tier_1_National,7.2,1.12,4.8,Surplus,20,0.68,0.18,3.5,15,0.97,540
MOSPI/710051,Alipurduar Samuktala Road Rail Doubling NFR,Transport,Central,West Bengal,Alipurduar,Completed,Linear,Railways_Act_1989,Railway,Physical_Possession_Taken,2450,Tea_Garden_and_Agricultural,58.0,210,0,1.2,FALSE,100.0,FALSE,98.0,Stage_2_Final_Approved,45,TRUE,48,10,None,None,0,FALSE,1.02,Tier_1_National,5.5,1.15,4.6,Surplus,18,0.85,0.24,3.0,14,0.98,0
MOSPI/710052,Lumding Hojai Rail Doubling 45 km Northeast Frontier,Transport,Central,Assam,Hojai & Nagaon,Completed,Linear,Railways_Act_1989,Railway,Physical_Possession_Taken,2650,Private_Agricultural_and_Forest,95.0,380,0,1.8,FALSE,99.2,FALSE,97.0,Stage_2_Final_Approved,65,TRUE,95,18,None,None,0,FALSE,1.08,Tier_1_National,6.5,1.12,4.8,Adequate,22,0.82,0.24,3.5,15,0.97,240
MOSPI/710053,Digaru Hojai Rail Doubling 102 km Northeast Frontier,Transport,Central,Assam,Kamrup Metropolitan to Hojai,Completed,Linear,Railways_Act_1989,Railway,Physical_Possession_Taken,2850,Private_Agricultural_and_Elephant_Corridor,210.0,840,1,2.5,FALSE,98.8,FALSE,96.5,Stage_2_Final_Approved,110,TRUE,210,34,None,Elephant_Underpass_Mitigation,10,FALSE,1.14,Tier_1_National,7.8,1.08,5.0,Adequate,24,0.85,0.25,3.2,16,0.96,480
MOSPI/710054,Saraighat New Double Line Railway Bridge over Brahmaputra,Transport,Central,Assam,Kamrup (Guwahati),Ongoing,Point,Railways_Act_1989,Bridge,Physical_Possession_Taken,1450,Riverbed_and_Urban,18.5,85,0,1.0,FALSE,96.5,FALSE,96.5,Stage_2_Final_Approved,42,TRUE,24,6,None,None,0,FALSE,1.06,Tier_1_National,5.8,1.14,4.8,Surplus,20,0.88,0.26,2.0,15,0.97,120
MOSPI/710055,Tetelia Byrnihat New Rail Line 22 km Assam Meghalaya,Transport,Central,Assam & Meghalaya,Kamrup to Ri-Bhoi,Ongoing,Linear,Railways_Act_1989,Railway,Physical_Possession_Taken,2980,Mountainous_Forest_and_Customary,84.0,290,1,12.5,FALSE,92.0,FALSE,93.5,Stage_2_Final_Approved,38,TRUE,85,16,None,Tribal_Student_Union_Protest,35,TRUE,1.48,Tier_2_Regional,18.5,0.82,6.2,Scarce,45,0.92,0.36,18.0,22,0.92,1095
MOSPI/710056,Agartala Akhaura International Rail Link Indo-Bangladesh,Transport,Central,Tripura,West Tripura (Agartala to Border),Completed,Linear,Railways_Act_1989,Railway,Physical_Possession_Taken,2450,Private_Urban_and_Agricultural,26.8,140,0,1.5,FALSE,100.0,FALSE,98.5,Not_Applicable,35,TRUE,42,12,None,None,0,FALSE,0.98,Tier_1_National,5.2,1.18,4.5,Adequate,20,0.78,0.22,3.5,14,0.98,0
MOSPI/710057,Belonia Feni River Railway Connectivity to Chittagong Port,Transport,Central,Tripura,South Tripura (Belonia),Completed,Linear,Railways_Act_1989,Railway,Physical_Possession_Taken,2650,Riparian_and_Agricultural,32.0,110,0,1.2,FALSE,100.0,FALSE,98.0,Not_Applicable,28,TRUE,28,8,None,None,0,FALSE,1.02,Tier_2_Regional,5.5,1.15,4.6,Adequate,22,0.80,0.24,3.0,14,0.98,90
MOSPI/710058,Sabroom Multi Modal Transit Logistics Hub Railway Terminal,Transport,Central,Tripura,South Tripura (Sabroom),Completed,Point,LARR_Act_2013,Logistics_Park,Physical_Possession_Taken,1980,Government_Agricultural,45.0,65,0,0.8,FALSE,100.0,FALSE,98.5,Not_Applicable,32,TRUE,12,4,None,None,0,FALSE,0.95,Tier_1_National,4.8,1.20,4.4,Adequate,18,0.82,0.22,3.8,12,0.99,30
MOSPI/710059,Maitri Setu Bridge over River Feni Sabroom Ramgarh,Transport,Central,Tripura,South Tripura (Sabroom Border),Completed,Point,LARR_Act_2013,Bridge,Physical_Possession_Taken,2450,Riverbed_and_Government,12.5,24,0,0.0,FALSE,100.0,FALSE,99.0,Not_Applicable,14,TRUE,0,0,None,None,0,FALSE,0.92,Tier_1_National,4.2,1.22,4.2,Adequate,16,0.85,0.25,2.5,12,0.99,0
MOSPI/710060,Dhubri Phulbari 19 km Mega Bridge over Brahmaputra,Transport,Central,Assam & Meghalaya,Dhubri to West Garo Hills,Ongoing,Linear,NH_Act_1956,Bridge,Physical_Possession_Taken,1820,Riverbed_and_Riparian_Alluvial,145.0,520,1,3.5,FALSE,94.5,TRUE,96.0,Stage_2_Final_Approved,65,TRUE,85,18,None,High_Flood_Water_Disruption,25,FALSE,1.28,Tier_1_National,15.5,0.92,5.8,Adequate,35,0.95,0.35,1.5,22,0.94,540
MOSPI/710061,Gohpur Numaligarh Under-River Brahmaputra Tunnel Expressway,Transport,Central,Assam,Biswanath & Golaghat,Ongoing,Linear,NH_Act_1956,Tunnel,Section_3D/19_Declaration,450,Riverbed_and_Riparian,185.0,420,0,2.8,TRUE,38.0,TRUE,93.5,Stage_1_Applied,45,TRUE,45,10,None,None,0,FALSE,1.15,Tier_1_National,8.5,1.05,5.2,Surplus,25,0.92,0.38,1.2,18,0.95,0
MOSPI/710062,Guwahati North Guwahati Ropeway and Riverfront Parkway,Transport,State,Assam,Kamrup Metropolitan,Completed,Point,LARR_Act_2013,Urban_Transport,Physical_Possession_Taken,2650,Government_Urban_and_Riverfront,14.5,18,0,0.5,FALSE,100.0,FALSE,98.0,Not_Applicable,24,TRUE,8,2,None,None,0,FALSE,1.05,Tier_2_Regional,6.2,1.12,4.8,Surplus,18,0.82,0.24,2.5,14,0.98,180
MOSPI/710063,Durgapur Expressway 6-Laning Dankuni to Palsit NH-19,Transport,Central,West Bengal,Hooghly & Purba Bardhaman,Completed,Linear,NH_Act_1956,Highway,Physical_Possession_Taken,1650,Private_Agricultural_and_Commercial,245.0,1180,0,1.2,FALSE,99.8,TRUE,98.5,Not_Applicable,140,TRUE,210,65,None,None,0,FALSE,0.95,Tier_1_National,4.8,1.20,4.4,Surplus,15,0.65,0.18,4.0,12,0.99,60
MOSPI/710064,Palsit Panagarh 6-Laning NH-19 Expressway Corridor,Transport,Central,West Bengal,Purba & Paschim Bardhaman,Completed,Linear,NH_Act_1956,Highway,Physical_Possession_Taken,1720,Private_Agricultural_and_Industrial,220.0,1050,0,1.0,FALSE,100.0,TRUE,98.5,Not_Applicable,125,TRUE,180,55,None,None,0,FALSE,0.94,Tier_1_National,4.6,1.20,4.3,Surplus,15,0.62,0.16,5.5,12,0.99,30
MOSPI/710065,Kona Expressway Elevated Corridor 6-Laning Vidyasagar Setu,Transport,Central,West Bengal,Howrah (Nibra to Toll Plaza),Ongoing,Linear,NH_Act_1956,Highway,Physical_Possession_Taken,850,Private_Urban_Commercial,28.5,420,1,2.5,FALSE,96.0,TRUE,97.0,Not_Applicable,185,TRUE,110,240,None,None,0,FALSE,1.12,Tier_1_National,7.2,1.08,5.1,Surplus,18,0.70,0.22,2.5,15,0.97,120
MOSPI/710066,Belghoria Expressway Modernisation and Airport Elevated Link,Transport,Central,West Bengal,North 24 Parganas (Rajchandrapur to Airport),Completed,Linear,NH_Act_1956,Highway,Physical_Possession_Taken,2450,Government_and_Private_Urban,32.0,380,0,1.2,FALSE,100.0,TRUE,98.0,Not_Applicable,110,TRUE,85,160,None,None,0,FALSE,0.98,Tier_1_National,5.5,1.16,4.5,Surplus,16,0.68,0.20,2.8,12,0.98,0
MOSPI/710067,Barasat Bongaon NH-112 Indo-Bangladesh Petrapole Corridor,Transport,Central,West Bengal,North 24 Parganas,Ongoing,Linear,NH_Act_1956,Highway,Physical_Possession_Taken,1850,Private_Urban_and_Commercial_Ribbon,145.0,1850,3,5.2,TRUE,84.5,TRUE,92.5,Not_Applicable,240,TRUE,650,480,Religious_Shrine,Encroachment_Eviction_Protest,30,FALSE,1.38,Tier_1_National,15.5,0.90,5.8,Surplus,25,0.72,0.22,2.8,24,0.92,1250
MOSPI/710068,Kolkata Leather Complex Common Effluent Treatment Plant Bantala,Water_and_Sanitation,State,West Bengal,South 24 Parganas (Bantala),Completed,Polygon,LARR_Act_2013,Effluent_Treatment_Plant,Physical_Possession_Taken,2180,Government_Industrial,35.0,0,0,0.0,FALSE,100.0,FALSE,97.5,Not_Applicable,48,TRUE,0,0,None,None,0,FALSE,1.05,Tier_1_National,5.8,1.14,4.8,Surplus,18,0.75,0.22,2.0,14,0.98,180
MOSPI/710069,Tala Water Tank Structural Retrofit and Water Reservoir,Water_and_Sanitation,State,West Bengal,Kolkata (Tala),Completed,Point,LARR_Act_2013,Water_Supply_Network,Physical_Possession_Taken,2450,Government_Urban,8.5,0,0,0.0,FALSE,100.0,FALSE,98.5,Not_Applicable,22,TRUE,0,0,Heritage_Structure_Proximity,None,0,FALSE,1.02,Tier_1_National,4.5,1.18,4.5,Surplus,15,0.65,0.20,3.0,12,0.99,0
MOSPI/710070,Garden Reach Water Treatment Plant Expansion Phase 4,Water_and_Sanitation,State,West Bengal,Kolkata (Garden Reach),Completed,Polygon,LARR_Act_2013,Water_Supply_Network,Physical_Possession_Taken,2150,Government_Urban,18.0,0,0,0.0,FALSE,100.0,FALSE,98.0,Not_Applicable,38,TRUE,0,0,None,None,0,FALSE,0.98,Tier_1_National,4.8,1.18,4.4,Surplus,16,0.70,0.22,2.5,12,0.99,60
MOSPI/710071,Bhubaneswar Cuttack Elevated Ring Expressway NH-16,Transport,Central,Odisha,Khurda & Cuttack,Ongoing,Linear,NH_Act_1956,Highway,Section_3G/23_Award,680,Private_Agricultural_and_Floodplain,168.0,850,1,2.5,FALSE,88.5,TRUE,95.5,Stage_1_In_Principle,95,TRUE,180,48,None,None,0,FALSE,1.08,Tier_1_National,6.2,1.12,4.9,Surplus,20,0.65,0.20,4.2,15,0.97,60
MOSPI/710072,Cuttack Angul 4-Laning NH-55 Manguli to Banarpal,Transport,Central,Odisha,Cuttack Dhenkanal Angul,Ongoing,Linear,NH_Act_1956,Highway,Physical_Possession_Taken,2650,Private_Agricultural_and_Forest,340.0,1450,3,4.2,FALSE,92.5,TRUE,93.5,Stage_2_Final_Approved,180,TRUE,410,85,None,Citizen_Activist_Protest,35,TRUE,1.48,Tier_1_National,16.5,0.85,5.8,Adequate,30,0.60,0.20,6.5,24,0.92,1650
MOSPI/710073,Angul Sambalpur 4-Laning NH-55 Banarpal to Jujumura,Transport,Central,Odisha,Angul & Sambalpur,Ongoing,Linear,NH_Act_1956,Highway,Physical_Possession_Taken,2580,Forest_Elephant_Reserve_and_Agricultural,365.0,1580,2,4.8,FALSE,91.0,TRUE,93.0,Stage_2_Final_Approved,195,TRUE,450,92,None,Elephant_Corridor_Mitigation,40,TRUE,1.52,Tier_1_National,18.0,0.82,6.0,Adequate,32,0.58,0.22,7.0,25,0.91,1780
MOSPI/710074,Talcher Coalfield Evacuation Road 4-Laning Heavy Haul,Transport,Central,Odisha,Angul (Talcher Coalfields),Ongoing,Linear,NH_Act_1956,Highway,Physical_Possession_Taken,1450,Colliery_and_Private_Agricultural,95.0,520,1,3.0,FALSE,94.0,TRUE,95.0,Stage_1_In_Principle,68,TRUE,140,35,None,None,10,FALSE,1.18,Tier_1_National,9.5,1.02,5.2,Surplus,22,0.55,0.18,8.5,16,0.95,310
MOSPI/710075,Jharsuguda Multi Modal Logistics Park CONCOR Facility,Industrial_Infrastructure,Central,Odisha,Jharsuguda,Completed,Polygon,LARR_Act_2013,Logistics_Park,Physical_Possession_Taken,2180,Government_Industrial,48.0,0,0,0.0,FALSE,100.0,FALSE,98.5,Not_Applicable,28,TRUE,0,0,None,None,0,FALSE,0.95,Tier_1_National,4.5,1.20,4.2,Surplus,15,0.48,0.14,10.0,12,0.99,0
MOSPI/710076,Paradip Smart Industrial Port City Coastal Node,Industrial_Infrastructure,Central,Odisha,Jagatsinghpur (Paradip),Ongoing,Polygon,Major_Port_Trusts_Act_1963,Industrial_Corridor,Physical_Possession_Taken,1250,Coastal_and_Reclaimed,420.0,180,0,1.2,FALSE,98.0,FALSE,96.5,Stage_2_Final_Approved,52,TRUE,38,12,None,None,0,FALSE,1.06,Tier_1_National,5.8,1.15,4.8,Surplus,20,0.72,0.24,1.8,14,0.97,120
MOSPI/710077,Western Dock Bulk Cargo Berth Deep Draft Cape Vessel Paradip,Transport,Central,Odisha,Paradip Port,Ongoing,Point,Major_Port_Trusts_Act_1963,Port,Physical_Possession_Taken,980,Port_Trust_Waters_and_Land,42.0,0,0,0.0,FALSE,100.0,FALSE,98.0,Stage_2_Final_Approved,24,TRUE,0,0,None,None,0,FALSE,1.04,Tier_1_National,5.0,1.18,4.6,Surplus,18,0.75,0.26,0.5,14,0.98,60
MOSPI/710078,Dhamra LNG Import Regasification Terminal 5 MTPA,Energy,Central,Odisha,Bhadrak (Dhamra Port),Completed,Polygon,LARR_Act_2013,Refinery,Physical_Possession_Taken,2450,Coastal_and_Private_Industrial,110.0,85,0,0.8,FALSE,100.0,FALSE,98.0,Stage_2_Final_Approved,32,TRUE,15,4,None,None,0,FALSE,1.05,Tier_1_National,5.5,1.15,4.8,Surplus,22,0.70,0.25,1.5,14,0.98,90
MOSPI/710079,Gopalpur Port Deep Water Expansion Multi Purpose Berths,Transport,Central,Odisha,Ganjam (Gopalpur),Completed,Polygon,Major_Port_Trusts_Act_1963,Port,Physical_Possession_Taken,2180,Coastal_and_Marine,210.0,140,0,1.0,FALSE,99.2,FALSE,97.5,Stage_2_Final_Approved,42,TRUE,28,6,None,None,0,FALSE,1.02,Tier_1_National,5.2,1.16,4.6,Surplus,20,0.65,0.22,1.8,12,0.98,0
MOSPI/710080,Vizag Port Expansion Extension Container Terminal VCTPL,Transport,Central,Andhra Pradesh,Visakhapatnam Port,Completed,Point,Major_Port_Trusts_Act_1963,Port,Physical_Possession_Taken,2350,Coastal_and_Reclaimed,18.5,0,0,0.0,FALSE,100.0,FALSE,99.0,Not_Applicable,18,TRUE,0,0,None,None,0,FALSE,0.95,Tier_1_National,4.5,1.22,4.2,Surplus,15,0.52,0.18,1.2,12,0.99,0
MOSPI/710081,Kakinada Deep Water Port Commercial Offshore Supply Base,Transport,State,Andhra Pradesh,Kakinada,Completed,Polygon,LARR_Act_2013,Port,Physical_Possession_Taken,2450,Coastal_and_Estuarine,65.0,42,0,0.5,FALSE,100.0,FALSE,98.5,Stage_2_Final_Approved,26,TRUE,12,2,None,None,0,FALSE,0.98,Tier_1_National,4.8,1.20,4.4,Surplus,16,0.60,0.20,1.5,12,0.98,0
MOSPI/710082,Machilipatnam Deep Sea Greenfield Commercial Port,Transport,State,Andhra Pradesh,Krishna (Machilipatnam),Ongoing,Polygon,LARR_Act_2013,Port,Physical_Possession_Taken,920,Coastal_Saline_and_Government,780.0,320,1,2.8,FALSE,92.5,FALSE,95.0,Stage_2_Final_Approved,48,TRUE,85,15,None,Fisherman_Livelihood_Protest,20,FALSE,1.15,Tier_1_National,8.2,1.05,5.2,Surplus,24,0.65,0.24,1.8,16,0.96,180
MOSPI/710083,Ramayapatnam Greenfield Port Development Phase 1,Transport,State,Andhra Pradesh,Prakasam (Ramayapatnam),Ongoing,Polygon,LARR_Act_2013,Port,Physical_Possession_Taken,1150,Coastal_Private_and_Government,345.0,180,0,1.5,FALSE,96.0,FALSE,96.5,Stage_2_Final_Approved,38,TRUE,45,8,None,None,0,FALSE,1.06,Tier_1_National,5.5,1.15,4.8,Surplus,20,0.58,0.20,2.0,14,0.97,90
MOSPI/710084,Bhavanapadu Mulapeta Port Srikakulam Greenfield Hub,Transport,State,Andhra Pradesh,Srikakulam (Mulapeta),Ongoing,Polygon,LARR_Act_2013,Port,Physical_Possession_Taken,850,Coastal_Private_and_Salt_Pans,410.0,240,1,2.2,FALSE,91.0,FALSE,95.0,Stage_2_Final_Approved,42,TRUE,65,12,None,None,10,FALSE,1.12,Tier_1_National,7.5,1.08,5.0,Surplus,22,0.68,0.22,1.5,16,0.96,120
MOSPI/710085,Ennore Coal Berth 3 & 4 Kamarajar Port Expansion,Transport,Central,Tamil Nadu,Thiruvallur (Ennore),Completed,Point,Major_Port_Trusts_Act_1963,Port,Physical_Possession_Taken,2450,Coastal_Reclaimed_Tidal,28.0,0,0,0.0,FALSE,100.0,FALSE,98.5,Stage_2_Final_Approved,18,TRUE,0,0,None,None,0,FALSE,0.95,Tier_1_National,4.5,1.20,4.2,Surplus,15,0.55,0.18,1.2,12,0.99,0
MOSPI/710086,Chennai Port Maduravoyal 20 km Double Decker Elevated Expressway,Transport,Central,Tamil Nadu,Chennai (Port to Maduravoyal Cooum River),Ongoing,Linear,NH_Act_1956,Highway,Physical_Possession_Taken,1250,Riverbed_and_Urban_Slum_RoW,42.5,2850,2,4.8,FALSE,92.0,TRUE,95.0,Stage_2_Final_Approved,145,TRUE,850,420,Religious_Shrine,Slum_Clearance_Litigation,30,FALSE,1.38,Tier_1_National,15.5,0.90,5.8,Surplus,22,0.52,0.18,2.2,18,0.94,850
MOSPI/710087,Tuticorin Outer Harbour Outer Breakwater Port Project,Transport,Central,Tamil Nadu,Thoothukudi (VO Chidambaranar Port),Ongoing,Polygon,Major_Port_Trusts_Act_1963,Port,Physical_Possession_Taken,780,Marine_and_Deep_Water,620.0,0,0,0.0,FALSE,100.0,FALSE,98.0,Stage_2_Final_Approved,24,TRUE,0,0,None,None,0,FALSE,1.05,Tier_1_National,5.2,1.16,4.6,Surplus,18,0.45,0.16,1.0,14,0.98,0
MOSPI/710088,Cochin Port Outer Harbour and Multipurpose Cargo Berth,Transport,Central,Kerala,Ernakulam (Vallarpadam to Puthuvypeen),Completed,Polygon,Major_Port_Trusts_Act_1963,Port,Physical_Possession_Taken,2250,Coastal_and_Estuarine,85.0,65,0,0.5,FALSE,100.0,FALSE,98.0,Stage_2_Final_Approved,35,TRUE,18,5,None,None,0,FALSE,1.02,Tier_1_National,5.0,1.18,4.5,Adequate,20,0.85,0.25,1.5,14,0.98,60
MOSPI/710089,New Mangalore Port Berth 14 Deep Draft Mechanisation,Transport,Central,Karnataka,Dakshina Kannada (Panambur),Completed,Point,Major_Port_Trusts_Act_1963,Port,Physical_Possession_Taken,2180,Reclaimed_and_Port_Estate,22.0,0,0,0.0,FALSE,100.0,FALSE,99.0,Not_Applicable,14,TRUE,0,0,None,None,0,FALSE,0.95,Tier_1_National,4.5,1.20,4.2,Surplus,15,0.78,0.22,2.0,12,0.99,0
MOSPI/710090,Mormugao Port Berth 8 & 9 Cruise and Cargo Modernisation,Transport,Central,Goa,South Goa (Vasco da Gama),Completed,Point,Major_Port_Trusts_Act_1963,Port,Physical_Possession_Taken,2450,Coastal_and_Marine,16.5,0,0,0.0,FALSE,100.0,FALSE,98.0,Stage_2_Final_Approved,18,TRUE,0,0,None,Coal_Dust_Pollution_PIL,15,FALSE,1.15,Tier_1_National,7.5,1.08,5.0,Adequate,22,0.72,0.22,1.5,15,0.97,180
MOSPI/710091,Jaigad Port Commercial Deep Draft Multi Cargo Terminal,Transport,State,Maharashtra,Ratnagiri (Jaigad),Completed,Polygon,LARR_Act_2013,Port,Physical_Possession_Taken,2650,Coastal_Rocky_and_Marine,120.0,85,0,0.8,FALSE,100.0,FALSE,98.5,Stage_2_Final_Approved,24,TRUE,15,2,None,None,0,FALSE,0.98,Tier_1_National,5.0,1.18,4.5,Surplus,18,0.80,0.24,1.8,12,0.98,0
MOSPI/710092,Kandla Tuna Tekra Multi Purpose Cargo Terminal DPT,Transport,Central,Gujarat,Kutch (Deendayal Port Authority),Ongoing,Polygon,Major_Port_Trusts_Act_1963,Port,Physical_Possession_Taken,1250,Coastal_Tidal_Mudflat,380.0,0,0,0.0,FALSE,100.0,FALSE,98.0,Stage_2_Final_Approved,32,TRUE,0,0,None,None,0,FALSE,1.04,Tier_1_National,5.2,1.18,4.5,Surplus,18,0.20,0.10,1.5,14,0.98,45
MOSPI/710093,Kandla Vadinar Oil Jetties 7 & 8 Capacity Augmentation,Energy,Central,Gujarat,Devbhumi Dwarka (Vadinar),Ongoing,Point,Major_Port_Trusts_Act_1963,Port,Physical_Possession_Taken,1120,Marine_National_Park_Buffer,28.0,0,0,0.0,FALSE,100.0,FALSE,98.5,Stage_2_Final_Approved,18,TRUE,0,0,None,Marine_Sanctuary_Clearance_Compliance,10,FALSE,1.08,Tier_1_National,5.8,1.15,4.7,Surplus,20,0.25,0.12,1.0,14,0.97,90
MOSPI/710094,Dahej LNG Terminal Expansion 17.5 to 22.5 MTPA Petronet,Energy,Central,Gujarat,Bharuch (Dahej SEZ),Completed,Polygon,LARR_Act_2013,Refinery,Physical_Possession_Taken,2450,Coastal_Industrial_PCPIR,85.0,0,0,0.0,FALSE,100.0,FALSE,99.0,Not_Applicable,25,TRUE,0,0,None,None,0,FALSE,0.92,Tier_1_National,4.2,1.22,4.0,Surplus,15,0.30,0.12,2.0,12,0.99,0
MOSPI/710095,Mundra Port Container Terminal 5 Extension APSEZ,Transport,State,Gujarat,Kutch (Mundra),Completed,Polygon,LARR_Act_2013,Port,Physical_Possession_Taken,2180,Reclaimed_Coastal_and_Tidal,145.0,0,0,0.0,FALSE,100.0,FALSE,99.0,Stage_2_Final_Approved,22,TRUE,0,0,None,None,0,FALSE,0.90,Tier_1_National,4.0,1.25,3.8,Surplus,14,0.18,0.08,1.8,10,0.99,0
MOSPI/710096,Pipavav Port Liquid Cargo Jetties Mechanisation,Transport,State,Gujarat,Amreli (Pipavav),Completed,Point,LARR_Act_2013,Port,Physical_Possession_Taken,2450,Coastal_and_Marine,38.0,0,0,0.0,FALSE,100.0,FALSE,98.5,Stage_2_Final_Approved,18,TRUE,0,0,None,None,0,FALSE,0.96,Tier_1_National,4.8,1.20,4.3,Surplus,16,0.25,0.10,2.2,12,0.99,0
MOSPI/710097,Dahej to Nagothane Ethane Gas Pipeline GAIL,Energy,Central,Gujarat & Maharashtra,Dahej to Nagothane,Completed,Linear,PMP_Act_1962,Gas_Pipeline,RoU_Acquired,2750,Private_Agricultural_and_Coastal,245.0,1420,1,2.0,FALSE,98.5,FALSE,97.5,Stage_2_Final_Approved,140,TRUE,85,18,None,None,0,FALSE,1.08,Tier_1_National,6.5,1.12,4.8,Surplus,20,0.48,0.16,6.0,15,0.97,180
MOSPI/710098,Ennore Thiruvallur Bengaluru R-LNG Pipeline IOCL,Energy,Central,Tamil Nadu & Karnataka,Ennore to Bengaluru,Completed,Linear,PMP_Act_1962,Gas_Pipeline,RoU_Acquired,2650,Private_Agricultural,310.0,1850,2,3.2,FALSE,97.0,FALSE,96.5,Stage_2_Final_Approved,180,TRUE,110,24,None,Farmer_Right_of_Way_Protest,15,FALSE,1.15,Tier_1_National,7.8,1.08,5.1,Surplus,22,0.38,0.12,11.5,16,0.96,365
MOSPI/710099,Kochi Koottanad Mangalore Bengaluru Gas Pipeline Phase 2,Energy,Central,Kerala & Karnataka,Kochi to Mangalore,Completed,Linear,PMP_Act_1962,Gas_Pipeline,RoU_Acquired,3100,Private_Agricultural_and_Dense_Rural,280.0,2400,6,7.5,TRUE,94.5,FALSE,93.0,Stage_2_Final_Approved,240,TRUE,480,95,None,Citizen_RoW_Agitation_Safety,45,TRUE,1.55,Tier_1_National,18.5,0.85,6.2,Adequate,35,0.92,0.24,2.5,22,0.93,1825
MOSPI/710100,North East Natural Gas Pipeline Grid Indradhanush IGGL,Energy,Central,Assam ML TR MN NL MZ,Guwahati to 8 NE States,Ongoing,Linear,PMP_Act_1962,Gas_Pipeline,RoU_Acquired,1750,Mountainous_Forest_and_Riparian,620.0,3800,4,12.5,TRUE,84.0,FALSE,92.5,Stage_2_Final_Approved,320,TRUE,850,140,None,River_Crossing_Flood_Disruption,30,FALSE,1.35,Tier_1_National,15.5,0.90,5.8,Scarce,38,0.95,0.32,3.0,22,0.93,730
MOSPI/710101,Barauni Guwahati Natural Gas Pipeline GAIL Urja Ganga,Energy,Central,Bihar & West Bengal & Assam,Barauni Siliguri Guwahati,Completed,Linear,PMP_Act_1962,Gas_Pipeline,RoU_Acquired,2180,Private_Agricultural_and_Riparian,480.0,2950,1,3.0,FALSE,98.2,FALSE,96.5,Stage_2_Final_Approved,210,TRUE,420,65,None,None,0,FALSE,1.10,Tier_1_National,7.2,1.10,5.0,Surplus,22,0.78,0.22,3.2,16,0.97,240
MOSPI/710102,Kandla Gorakhpur LPG Pipeline 2757 km IHB Private Ltd,Energy,Central,Gujarat RJ MP UP,Kandla to Gorakhpur,Ongoing,Linear,PMP_Act_1962,Pipeline,RoU_Acquired,1980,Private_Agricultural,1250.0,8500,3,2.8,FALSE,92.5,FALSE,95.5,Stage_2_Final_Approved,480,TRUE,1200,180,None,None,10,FALSE,1.14,Tier_1_National,8.2,1.08,5.1,Surplus,24,0.32,0.12,12.0,18,0.96,540
MOSPI/710103,Paradip Hyderabad Petroleum Product Pipeline IOCL,Energy,Central,Odisha & Andhra Pradesh & Telangana,Paradip to Hyderabad,Completed,Linear,PMP_Act_1962,Pipeline,RoU_Acquired,2450,Private_Agricultural,780.0,4200,2,3.0,FALSE,99.0,FALSE,97.5,Stage_2_Final_Approved,310,TRUE,650,85,None,None,0,FALSE,1.06,Tier_1_National,6.5,1.14,4.8,Surplus,20,0.48,0.16,8.5,15,0.98,180
MOSPI/710104,Paradip Somnathpur Haldia Crude Oil Pipeline IOCL,Energy,Central,Odisha & West Bengal,Paradip to Haldia,Completed,Linear,PMP_Act_1962,Pipeline,RoU_Acquired,2250,Coastal_and_Agricultural,240.0,1650,1,2.5,FALSE,99.5,FALSE,98.0,Stage_2_Final_Approved,140,TRUE,280,42,None,None,0,FALSE,1.04,Tier_1_National,5.8,1.15,4.7,Surplus,18,0.70,0.22,2.8,14,0.98,90
MOSPI/710105,Mundra Panipat Crude Oil Pipeline Capacity Augmentation,Energy,Central,Gujarat Rajasthan Haryana,Mundra to Panipat,Ongoing,Linear,PMP_Act_1962,Pipeline,RoU_Acquired,1120,Private_Agricultural_Arid,450.0,2100,0,1.5,FALSE,96.5,FALSE,97.0,Stage_2_Final_Approved,120,TRUE,240,32,None,None,0,FALSE,1.05,Tier_1_National,5.5,1.16,4.6,Surplus,18,0.18,0.08,25.0,14,0.98,0
MOSPI/710106,Bina Panki Multi Product Pipeline BPCL 356 km,Energy,Central,Madhya Pradesh & Uttar Pradesh,Bina to Kanpur (Panki),Completed,Linear,PMP_Act_1962,Pipeline,RoU_Acquired,2450,Private_Agricultural_Bundelkhand,260.0,1850,0,1.2,FALSE,100.0,FALSE,98.5,Stage_2_Final_Approved,115,TRUE,190,28,None,None,0,FALSE,0.95,Tier_1_National,4.8,1.20,4.4,Surplus,16,0.30,0.10,12.5,12,0.99,0
MOSPI/710107,Mathura Tundla Multi Product Pipeline Replacement,Energy,Central,Uttar Pradesh,Mathura to Firozabad,Completed,Linear,PMP_Act_1962,Pipeline,RoU_Acquired,1980,Private_Agricultural,48.0,320,0,0.8,FALSE,100.0,FALSE,98.5,Not_Applicable,38,TRUE,45,8,None,None,0,FALSE,0.94,Tier_1_National,4.5,1.22,4.3,Surplus,15,0.25,0.08,15.0,12,0.99,0
MOSPI/710108,Amritsar Jamnagar Refined Fuels Pipeline HPCL,Energy,Central,Punjab Haryana Rajasthan Gujarat,Bathinda to Jamnagar,Ongoing,Linear,PMP_Act_1962,Pipeline,RoU_Acquired,1250,Private_Agricultural_Arid,850.0,4200,1,2.0,FALSE,94.0,FALSE,96.0,Stage_2_Final_Approved,240,TRUE,520,68,None,None,0,FALSE,1.08,Tier_1_National,6.2,1.12,4.9,Surplus,20,0.15,0.08,30.0,15,0.97,90
MOSPI/710109,Numaligarh Siliguri Product Pipeline Capacity Doubling,Energy,Central,Assam & West Bengal,Numaligarh to Siliguri,Completed,Linear,PMP_Act_1962,Pipeline,RoU_Acquired,2180,Private_Agricultural_and_Tea_Belt,310.0,1950,0,2.2,FALSE,99.2,FALSE,97.5,Stage_2_Final_Approved,160,TRUE,310,45,None,None,0,FALSE,1.02,Tier_1_National,5.5,1.16,4.6,Adequate,22,0.82,0.24,3.2,14,0.98,30
MOSPI/710110,Indo-Bangla Friendship Pipeline Siliguri to Parbatipur,Energy,Central,West Bengal,Siliguri to Indo-Bangladesh Border,Completed,Linear,PMP_Act_1962,Pipeline,RoU_Acquired,2450,Private_Agricultural,22.5,140,0,0.8,FALSE,100.0,FALSE,98.5,Not_Applicable,28,TRUE,15,4,None,None,0,FALSE,0.92,Tier_1_National,4.2,1.22,4.0,Adequate,16,0.75,0.20,3.0,12,0.99,0
MOSPI/710111,Barauni Refinery Capacity Expansion 6 to 9 MMTPA IOCL,Energy,Central,Bihar,Begusarai (Barauni),Ongoing,Polygon,LARR_Act_2013,Refinery,Physical_Possession_Taken,1450,Government_Industrial,180.0,110,0,1.2,FALSE,98.5,FALSE,97.5,Not_Applicable,45,TRUE,35,8,None,None,0,FALSE,1.08,Tier_1_National,6.0,1.14,4.8,Surplus,18,0.55,0.16,4.5,14,0.97,180
MOSPI/710112,Gujarat Refinery Capacity Expansion 13.7 to 18 MMTPA IOCL,Energy,Central,Gujarat,Vadodara (Koyali),Ongoing,Polygon,LARR_Act_2013,Refinery,Physical_Possession_Taken,1680,Government_Industrial,220.0,85,0,0.8,FALSE,99.0,FALSE,98.0,Not_Applicable,48,TRUE,28,6,None,None,0,FALSE,1.06,Tier_1_National,5.5,1.15,4.7,Surplus,18,0.28,0.10,12.0,14,0.98,90
MOSPI/710113,Mathura Refinery BS-VI Fuel Quality and Petrochemical Revamp,Energy,Central,Uttar Pradesh,Mathura,Completed,Polygon,LARR_Act_2013,Refinery,Physical_Possession_Taken,2450,Government_Industrial,85.0,0,0,0.0,FALSE,100.0,FALSE,98.5,Not_Applicable,32,TRUE,0,0,Taj_Trapezium_Zone_Regulations,None,0,FALSE,0.98,Tier_1_National,4.8,1.20,4.4,Surplus,15,0.25,0.08,14.0,12,0.99,0
MOSPI/710114,Haldia Refinery Catalytic Dewaxing Unit Expansion IOCL,Energy,Central,West Bengal,Purba Medinipur (Haldia),Completed,Polygon,LARR_Act_2013,Refinery,Physical_Possession_Taken,2180,Government_Industrial,64.0,0,0,0.0,FALSE,100.0,FALSE,98.0,Not_Applicable,28,TRUE,0,0,None,None,0,FALSE,1.02,Tier_1_National,5.0,1.18,4.5,Surplus,16,0.68,0.22,2.0,12,0.98,45
MOSPI/710115,Paradip Refinery Dual Feed Cracker Complex Petrochemical,Energy,Central,Odisha,Jagatsinghpur (Paradip),Ongoing,Polygon,LARR_Act_2013,Refinery,Physical_Possession_Taken,1250,Government_Industrial,340.0,0,0,0.0,FALSE,100.0,FALSE,97.5,Not_Applicable,52,TRUE,0,0,None,None,0,FALSE,1.10,Tier_1_National,6.5,1.12,5.0,Surplus,20,0.70,0.24,1.8,15,0.97,0
MOSPI/710116,Chennai Petroleum Manali Refinery Residue Upgradation,Energy,Central,Tamil Nadu,Chennai (Manali Industrial Area),Completed,Polygon,LARR_Act_2013,Refinery,Physical_Possession_Taken,2650,Government_Industrial,72.0,0,0,0.0,FALSE,100.0,FALSE,98.0,Not_Applicable,35,TRUE,0,0,None,None,0,FALSE,1.05,Tier_1_National,5.8,1.15,4.7,Surplus,18,0.48,0.16,3.0,14,0.98,120
MOSPI/710117,Nagapattinam Cauvery Basin Refinery Greenfield 9 MMTPA,Energy,Central,Tamil Nadu,Nagapattinam,Ongoing,Polygon,LARR_Act_2013,Refinery,Physical_Possession_Taken,850,Coastal_and_Private_Agricultural,520.0,420,1,2.5,FALSE,94.5,FALSE,96.0,Stage_2_Final_Approved,65,TRUE,140,28,None,None,0,FALSE,1.12,Tier_1_National,7.2,1.10,5.0,Surplus,22,0.55,0.18,2.8,16,0.96,0
MOSPI/710118,Kochi Refinery Propylene Derivative Petrochemical Project,Energy,Central,Kerala,Ernakulam (Ambalamugal),Completed,Polygon,LARR_Act_2013,Refinery,Physical_Possession_Taken,2450,Government_Industrial,95.0,0,0,0.0,FALSE,100.0,FALSE,98.5,Not_Applicable,38,TRUE,0,0,None,None,0,FALSE,0.96,Tier_1_National,4.6,1.22,4.2,Adequate,18,0.85,0.22,2.5,12,0.99,30
MOSPI/710119,Mumbai Refinery Clean Fuels Upgradation Mahul BPCL,Energy,Central,Maharashtra,Mumbai Suburban (Mahul),Completed,Polygon,LARR_Act_2013,Refinery,Physical_Possession_Taken,2750,Government_Industrial,28.0,0,0,0.0,FALSE,100.0,FALSE,98.0,Not_Applicable,24,TRUE,0,0,None,None,0,FALSE,1.04,Tier_1_National,5.2,1.16,4.5,Surplus,16,0.35,0.10,2.8,12,0.98,60
MOSPI/710120,Visakh Refinery Residue Upgradation & Modernisation VRMP,Energy,Central,Andhra Pradesh,Visakhapatnam,Completed,Polygon,LARR_Act_2013,Refinery,Physical_Possession_Taken,2180,Government_Industrial,110.0,0,0,0.0,FALSE,100.0,FALSE,98.0,Not_Applicable,48,TRUE,0,0,None,None,0,FALSE,1.08,Tier_1_National,6.4,1.14,4.8,Surplus,18,0.38,0.12,4.0,14,0.97,180
MOSPI/710121,Chhabra Super Thermal Power Plant Stage II 2x660 MW,Energy,State,Rajasthan,Baran (Chhabra),Completed,Polygon,LARR_Act_2013,Thermal_Power_Plant,Physical_Possession_Taken,2450,Private_Agricultural_and_Barren,620.0,950,0,1.2,FALSE,100.0,FALSE,98.0,Not_Applicable,52,TRUE,320,24,None,None,0,FALSE,1.05,Tier_1_National,6.0,1.15,4.8,Surplus,18,0.22,0.08,18.0,14,0.98,90
MOSPI/710122,Suratgarh Super Critical Thermal Power Station Stage V,Energy,State,Rajasthan,Sri Ganganagar (Suratgarh),Completed,Polygon,LARR_Act_2013,Thermal_Power_Plant,Physical_Possession_Taken,2650,Private_Agricultural_Arid,580.0,850,0,1.0,FALSE,100.0,FALSE,98.5,Not_Applicable,48,TRUE,280,18,None,None,0,FALSE,1.02,Tier_1_National,5.5,1.18,4.6,Surplus,16,0.10,0.05,45.0,12,0.99,45
MOSPI/710123,Kalisindh Super Thermal Power Station 2x600 MW,Energy,State,Rajasthan,Jhalawar (Kalisindh),Completed,Polygon,LARR_Act_2013,Thermal_Power_Plant,Physical_Possession_Taken,2850,Private_Agricultural_and_Riparian,540.0,880,0,1.4,FALSE,99.5,FALSE,97.5,Not_Applicable,45,TRUE,290,22,None,None,0,FALSE,1.10,Tier_1_National,6.5,1.12,4.8,Surplus,18,0.25,0.10,16.0,14,0.98,365
MOSPI/710124,Giral Lignite Power Plant Desulphurisation Flue Gas FGD,Energy,State,Rajasthan,Barmer (Giral),Completed,Point,LARR_Act_2013,Thermal_Power_Plant,Physical_Possession_Taken,2180,Government_Arid_Industrial,18.5,0,0,0.0,FALSE,100.0,FALSE,98.0,Not_Applicable,22,TRUE,0,0,None,None,0,FALSE,1.12,Tier_2_Regional,7.0,1.10,5.0,Surplus,18,0.05,0.05,52.0,14,0.97,120
MOSPI/710125,Bikaner Solar Park High Voltage Evacuation Substation 765kV,Energy,Central,Rajasthan,Bikaner,Completed,Point,Indian_Telegraph_Act_1885,Power_Transmission_Line,Section_164_Conferred,210,Government_Arid_Wasteland,45.0,0,0,0.0,FALSE,100.0,FALSE,99.0,Not_Applicable,14,TRUE,0,0,None,None,0,FALSE,0.92,Tier_1_National,4.0,1.22,4.0,Surplus,14,0.08,0.05,48.0,10,0.99,0
MOSPI/710126,Fatehgarh II to Bhadla II 765kV D/C Transmission Line,Energy,Central,Rajasthan,Jaisalmer to Jodhpur,Completed,Linear,Indian_Telegraph_Act_1885,Power_Transmission_Line,Section_164_Conferred,2450,Private_Agricultural_Arid,110.0,180,0,0.5,FALSE,99.5,FALSE,98.5,Not_Applicable,28,TRUE,0,0,None,Great_Indian_Bustard_PIL,15,FALSE,0.98,Tier_1_National,4.5,1.18,4.4,Adequate,18,0.08,0.05,50.0,12,0.98,60
MOSPI/710127,Bhadla II to Sikar II 765kV D/C Line ISTS Evacuation,Energy,Central,Rajasthan,Jodhpur Nagaur Sikar,Completed,Linear,Indian_Telegraph_Act_1885,Power_Transmission_Line,Section_164_Conferred,2250,Private_Agricultural_Arid,185.0,340,0,0.8,FALSE,99.0,FALSE,98.0,Not_Applicable,35,TRUE,0,0,None,None,0,FALSE,1.02,Tier_1_National,4.8,1.18,4.5,Surplus,18,0.12,0.06,38.0,12,0.98,30
MOSPI/710128,Sikar II to Neemrana 400kV D/C Line PGCIL Grid Tie,Energy,Central,Rajasthan,Sikar Jhunjhunu Alwar,Completed,Linear,Indian_Telegraph_Act_1885,Power_Transmission_Line,Section_164_Conferred,2180,Private_Agricultural,95.0,220,0,1.0,FALSE,99.5,FALSE,98.0,Not_Applicable,32,TRUE,0,0,None,None,0,FALSE,0.98,Tier_1_National,4.5,1.20,4.3,Surplus,16,0.18,0.08,25.0,12,0.99,0
MOSPI/710129,Fatehgarh II to Khetri 765kV D/C Inter State Line,Energy,Central,Rajasthan,Jaisalmer Bikaner Jhunjhunu,Completed,Linear,Indian_Telegraph_Act_1885,Power_Transmission_Line,Section_164_Conferred,2350,Private_Agricultural_Arid,240.0,420,0,0.8,FALSE,98.8,FALSE,98.0,Stage_2_Final_Approved,48,TRUE,0,0,None,Bird_Diverter_Compliance_Stay,20,FALSE,1.05,Tier_1_National,5.2,1.16,4.6,Adequate,20,0.10,0.05,42.0,14,0.98,90
MOSPI/710130,Khetri to Jhanjhar 765kV D/C Line Haryana NCR Interlink,Energy,Central,Rajasthan & Haryana,Jhunjhunu to Jhajjar,Completed,Linear,Indian_Telegraph_Act_1885,Power_Transmission_Line,Section_164_Conferred,2150,Private_Agricultural,85.0,260,0,1.0,FALSE,99.2,FALSE,98.5,Not_Applicable,30,TRUE,0,0,None,None,0,FALSE,0.98,Tier_1_National,4.8,1.18,4.4,Surplus,16,0.18,0.08,22.0,12,0.99,0
MOSPI/710131,Banaskantha to Chittorgarh 765kV D/C Green Energy Corridor,Energy,Central,Gujarat & Rajasthan,Banaskantha Udaipur Chittorgarh,Completed,Linear,Indian_Telegraph_Act_1885,Power_Transmission_Line,Section_164_Conferred,2450,Private_Agricultural_and_Aravalli,195.0,520,1,1.8,FALSE,98.5,FALSE,97.5,Stage_2_Final_Approved,65,TRUE,15,2,None,None,0,FALSE,1.05,Tier_1_National,5.5,1.15,4.8,Surplus,20,0.22,0.10,18.0,14,0.98,60
MOSPI/710132,Warora to Parli 765kV D/C Transmission System PGCIL,Energy,Central,Maharashtra,Chandrapur Yavatmal Beed,Completed,Linear,Indian_Telegraph_Act_1885,Power_Transmission_Line,Section_164_Conferred,2650,Private_Agricultural,165.0,480,0,1.2,FALSE,99.0,FALSE,98.0,Not_Applicable,48,TRUE,12,0,None,None,0,FALSE,1.02,Tier_1_National,5.0,1.18,4.5,Surplus,18,0.30,0.10,14.0,12,0.98,0
MOSPI/710133,Parli to Solapur 765kV D/C Line Southern Western Grid Tie,Energy,Central,Maharashtra,Beed Osmanabad Solapur,Completed,Linear,Indian_Telegraph_Act_1885,Power_Transmission_Line,Section_164_Conferred,2550,Private_Agricultural,145.0,410,0,1.0,FALSE,99.5,FALSE,98.5,Not_Applicable,42,TRUE,8,0,None,None,0,FALSE,0.98,Tier_1_National,4.8,1.20,4.4,Surplus,16,0.25,0.08,16.0,12,0.99,0
MOSPI/710134,Raichur to Sholapur 765kV Transmission Line National Grid,Energy,Central,Karnataka & Maharashtra,Raichur to Solapur,Completed,Linear,Indian_Telegraph_Act_1885,Power_Transmission_Line,Section_164_Conferred,2850,Private_Agricultural_Arid,135.0,380,0,1.2,FALSE,100.0,FALSE,98.5,Not_Applicable,38,TRUE,10,0,None,None,0,FALSE,1.00,Tier_1_National,5.0,1.18,4.5,Surplus,18,0.22,0.08,20.0,12,0.99,0
MOSPI/710135,Alipurduar to Siliguri 400kV D/C Line Hydro Evacuation,Energy,Central,West Bengal,Alipurduar Jalpaiguri Darjeeling,Completed,Linear,Indian_Telegraph_Act_1885,Power_Transmission_Line,Section_164_Conferred,2450,Tea_Garden_Forest_and_Terai,120.0,420,0,2.5,FALSE,98.0,FALSE,97.0,Stage_2_Final_Approved,55,TRUE,18,0,None,None,0,FALSE,1.08,Tier_1_National,6.0,1.14,4.8,Adequate,22,0.85,0.22,3.0,15,0.97,45
MOSPI/710136,Teesta V to Siliguri 400kV Power Evacuation Circuit,Energy,Central,Sikkim & West Bengal,East Sikkim to Darjeeling,Completed,Linear,Indian_Telegraph_Act_1885,Power_Transmission_Line,Section_164_Conferred,2950,Mountainous_Forest_Steep_Slopes,68.0,140,0,2.0,FALSE,99.0,FALSE,96.5,Stage_2_Final_Approved,32,TRUE,0,0,None,Landslide_Tower_Footing_Repair,15,TRUE,1.35,Tier_1_National,14.5,0.90,5.8,Scarce,38,0.95,0.40,25.0,20,0.94,620
MOSPI/710137,Koteshwar Hydroelectric Project Power Evacuation 400kV,Energy,Central,Uttarakhand,Tehri Garhwal to Rishikesh,Completed,Linear,Indian_Telegraph_Act_1885,Power_Transmission_Line,Section_164_Conferred,2850,Mountainous_Forest_Garhwal,54.0,110,0,1.5,FALSE,100.0,FALSE,97.5,Stage_2_Final_Approved,24,TRUE,0,0,None,None,0,FALSE,1.15,Tier_1_National,8.5,1.05,5.2,Scarce,32,0.90,0.35,32.0,18,0.96,180
MOSPI/710138,Tehri Pumped Storage Plant 1000 MW Evacuation Link,Energy,Central,Uttarakhand,Tehri Garhwal,Ongoing,Point,Indian_Telegraph_Act_1885,Power_Transmission_Line,Section_164_Conferred,1450,Mountainous_Forest,18.0,35,0,1.0,FALSE,96.0,FALSE,96.0,Stage_2_Final_Approved,15,TRUE,0,0,None,None,0,FALSE,1.18,Tier_1_National,9.5,1.02,5.4,Scarce,35,0.92,0.38,30.0,18,0.95,240
MOSPI/710139,Rampur Hydroelectric Station 412 MW SJVN Line,Energy,Central,Himachal Pradesh,Shimla & Kullu,Completed,Linear,Indian_Telegraph_Act_1885,Power_Transmission_Line,Section_164_Conferred,2650,Mountainous_Forest,42.0,85,0,1.2,FALSE,100.0,FALSE,98.0,Stage_2_Final_Approved,20,TRUE,0,0,None,None,0,FALSE,1.12,Tier_1_National,7.5,1.10,5.0,Scarce,30,0.90,0.35,35.0,16,0.97,90
MOSPI/710140,Parbati II Hydroelectric Project 800 MW NHPC,Energy,Central,Himachal Pradesh,Kullu,Ongoing,Polygon,LARR_Act_2013,Hydroelectric_Dam,Physical_Possession_Taken,3850,Mountainous_Forest_and_Riverbed,340.0,450,2,4.5,FALSE,92.0,FALSE,93.5,Stage_2_Final_Approved,28,TRUE,110,14,None,Tunnel_Boring_Machine_Muck_Dispute,60,TRUE,1.85,Tier_1_National,26.5,0.72,7.2,Scarce,55,0.95,0.45,40.0,28,0.89,3250
MOSPI/710141,Luhri Stage I Hydroelectric Project 210 MW SJVN Satluj,Energy,Central,Himachal Pradesh,Shimla & Kullu,Ongoing,Polygon,LARR_Act_2013,Hydroelectric_Dam,Physical_Possession_Taken,1250,Mountainous_Forest_and_Riverbed,125.0,310,0,2.2,FALSE,96.5,FALSE,96.0,Stage_2_Final_Approved,22,TRUE,65,10,None,None,0,FALSE,1.10,Tier_1_National,7.5,1.12,5.0,Scarce,35,0.88,0.35,28.0,16,0.96,120
MOSPI/710142,Dhaulasidh Hydroelectric Project 66 MW SJVN Beas River,Energy,Central,Himachal Pradesh,Hamirpur & Kangra,Ongoing,Polygon,LARR_Act_2013,Hydroelectric_Dam,Physical_Possession_Taken,1150,Forest_and_Riverbed,85.0,240,0,1.8,FALSE,97.0,FALSE,96.5,Stage_2_Final_Approved,18,TRUE,48,8,None,None,0,FALSE,1.08,Tier_1_National,6.8,1.14,4.9,Adequate,30,0.85,0.32,22.0,15,0.97,90
MOSPI/710143,Sunni Dam Hydroelectric Project 382 MW SJVN Satluj,Energy,Central,Himachal Pradesh,Shimla & Mandi,Ongoing,Polygon,LARR_Act_2013,Hydroelectric_Dam,Physical_Possession_Taken,850,Mountainous_Forest_and_Riverbed,185.0,420,1,2.8,FALSE,94.0,FALSE,95.5,Stage_2_Final_Approved,25,TRUE,85,14,None,None,0,FALSE,1.12,Tier_1_National,8.0,1.10,5.1,Scarce,36,0.88,0.34,25.0,18,0.95,0
MOSPI/710144,Kiru Hydroelectric Project 624 MW CVPP Chenab River,Energy,Central,Jammu & Kashmir,Kishtwar,Ongoing,Polygon,LARR_Act_2013,Hydroelectric_Dam,Physical_Possession_Taken,1680,Mountainous_Forest,245.0,620,0,2.5,FALSE,94.5,FALSE,95.0,Stage_2_Final_Approved,32,TRUE,120,18,None,None,15,FALSE,1.35,Tier_1_National,15.5,0.88,6.0,Scarce,48,0.90,0.40,8.5,22,0.93,420
MOSPI/710145,Kwar Hydroelectric Project 540 MW CVPP Chenab River,Energy,Central,Jammu & Kashmir,Kishtwar,Ongoing,Polygon,LARR_Act_2013,Hydroelectric_Dam,Physical_Possession_Taken,1320,Mountainous_Forest,195.0,510,0,2.8,FALSE,95.0,FALSE,95.5,Stage_2_Final_Approved,28,TRUE,95,14,None,None,10,FALSE,1.30,Tier_1_National,14.0,0.90,5.8,Scarce,45,0.90,0.40,9.0,20,0.94,240
MOSPI/710146,Uri II Hydroelectric Station 240 MW NHPC Jhelum,Energy,Central,Jammu & Kashmir,Baramulla (Uri),Completed,Polygon,LAA_1894,Hydroelectric_Dam,Physical_Possession_Taken,3450,Mountainous_Forest_Border_Belt,145.0,380,0,1.5,FALSE,100.0,FALSE,97.5,Stage_2_Final_Approved,24,TRUE,45,6,None,Cross_Border_Security_Halt,45,TRUE,1.45,Tier_1_National,16.5,0.85,6.2,Scarce,50,0.92,0.38,12.0,24,0.93,1250
MOSPI/710147,Kishanganga Hydroelectric Project 330 MW NHPC Bandipora,Energy,Central,Jammu & Kashmir,Bandipora & Gurez Valley,Completed,Polygon,LARR_Act_2013,Hydroelectric_Dam,Physical_Possession_Taken,2980,Mountainous_Forest_and_Gorge,210.0,680,1,3.2,FALSE,99.0,FALSE,96.0,Stage_2_Final_Approved,35,TRUE,85,15,None,Indus_Waters_Treaty_Litigation,30,TRUE,1.52,Tier_1_National,18.0,0.82,6.5,Scarce,55,0.94,0.42,15.0,26,0.92,1680
MOSPI/710148,Salal Hydroelectric Power Station Modernisation 690 MW,Energy,Central,Jammu & Kashmir,Reasi (Chenab River),Completed,Point,LARR_Act_2013,Hydroelectric_Dam,Physical_Possession_Taken,2650,Forest_and_Riverbed,48.0,0,0,0.0,FALSE,100.0,FALSE,98.5,Not_Applicable,18,TRUE,0,0,None,None,0,FALSE,0.98,Tier_1_National,5.2,1.18,4.5,Adequate,22,0.85,0.30,4.0,14,0.98,0
MOSPI/710149,Dulhasti Hydroelectric Power Station 390 MW NHPC,Energy,Central,Jammu & Kashmir,Kishtwar,Completed,Polygon,LAA_1894,Hydroelectric_Dam,Physical_Possession_Taken,4150,Mountainous_Forest,280.0,780,2,5.5,FALSE,100.0,FALSE,95.5,Stage_2_Final_Approved,42,TRUE,160,25,None,Law_and_Order_Security_Halt,180,TRUE,1.95,Tier_1_National,28.5,0.65,8.2,Scarce,60,0.92,0.42,8.0,30,0.88,4850
MOSPI/710150,Chamera III Hydroelectric Project 231 MW NHPC Ravi,Energy,Central,Himachal Pradesh,Chamba,Completed,Polygon,LARR_Act_2013,Hydroelectric_Dam,Physical_Possession_Taken,3100,Mountainous_Forest,165.0,420,0,2.0,FALSE,100.0,FALSE,97.5,Stage_2_Final_Approved,26,TRUE,75,10,None,None,10,FALSE,1.25,Tier_1_National,12.5,0.95,5.6,Scarce,42,0.90,0.36,18.0,20,0.95,730
MOSPI/710151,Teesta Low Dam Project Stage III 132 MW NHPC,Energy,Central,West Bengal,Darjeeling,Completed,Polygon,LARR_Act_2013,Hydroelectric_Dam,Physical_Possession_Taken,3200,Mountainous_Forest_and_Riverbed,145.0,520,1,3.5,FALSE,99.5,FALSE,96.0,Stage_2_Final_Approved,38,TRUE,110,18,None,Gorkhaland_Agitation_Bandh,120,TRUE,1.72,Tier_1_National,22.0,0.78,6.8,Scarce,50,0.96,0.40,2.5,28,0.90,2190
MOSPI/710152,Teesta Low Dam Project Stage IV 160 MW NHPC,Energy,Central,West Bengal,Kalimpong,Completed,Polygon,LARR_Act_2013,Hydroelectric_Dam,Physical_Possession_Taken,2980,Mountainous_Forest_and_Riverbed,168.0,580,1,3.8,FALSE,99.0,FALSE,96.5,Stage_2_Final_Approved,42,TRUE,125,22,None,Gorkhaland_Agitation_Bandh,110,TRUE,1.68,Tier_1_National,20.5,0.80,6.5,Scarce,48,0.95,0.38,2.0,26,0.91,1850
MOSPI/710153,Kameng Hydroelectric Project 600 MW NEEPCO West Kameng,Energy,Central,Arunachal Pradesh,West Kameng,Completed,Polygon,LARR_Act_2013,Hydroelectric_Dam,Physical_Possession_Taken,3100,Mountainous_Forest,380.0,850,2,6.5,FALSE,98.5,FALSE,94.0,Stage_2_Final_Approved,48,TRUE,240,32,None,Tribal_Student_Union_Agitation,65,TRUE,1.75,Tier_1_National,24.0,0.75,7.0,Scarce,55,0.95,0.42,8.5,28,0.89,2850
MOSPI/710154,Pare Hydroelectric Project 110 MW NEEPCO Papum Pare,Energy,Central,Arunachal Pradesh,Papum Pare,Completed,Polygon,LARR_Act_2013,Hydroelectric_Dam,Physical_Possession_Taken,2750,Mountainous_Forest_and_Riverbed,120.0,320,0,2.5,FALSE,100.0,FALSE,97.0,Stage_2_Final_Approved,24,TRUE,65,12,None,None,10,FALSE,1.25,Tier_1_National,11.5,0.95,5.5,Scarce,40,0.94,0.35,6.5,20,0.95,650
MOSPI/710155,Tuirial Hydroelectric Project 60 MW NEEPCO Kolasib,Energy,Central,Mizoram,Kolasib,Completed,Polygon,LARR_Act_2013,Hydroelectric_Dam,Physical_Possession_Taken,3450,Mountainous_Forest_and_Customary,210.0,620,1,14.5,FALSE,98.0,FALSE,93.5,Stage_2_Final_Approved,35,TRUE,140,24,None,Local_Contractor_Union_Strike,85,TRUE,1.65,Tier_2_Regional,22.0,0.78,6.5,Scarce,48,0.98,0.40,15.0,28,0.90,2450
MOSPI/710156,Kopili Hydroelectric Project Stage II 120 MW NEEPCO,Energy,Central,Assam,Dima Hasao (Umrangso),Completed,Polygon,LARR_Act_2013,Hydroelectric_Dam,Physical_Possession_Taken,2450,Forest_and_Reservoir_Acidic_Water,85.0,180,0,2.0,FALSE,99.5,FALSE,96.5,Stage_2_Final_Approved,28,TRUE,45,8,None,Coal_Mine_Acid_Water_Corrosion,15,FALSE,1.35,Tier_1_National,16.5,0.90,5.8,Scarce,42,0.88,0.32,4.5,22,0.93,820
MOSPI/710157,Loktak Downstream Hydroelectric Project 66 MW NHPC,Energy,Central,Manipur,Tamenglong & Noney,Ongoing,Polygon,LARR_Act_2013,Hydroelectric_Dam,Section_19_Award_Declared,850,Mountainous_Forest_and_Customary,145.0,420,1,16.8,FALSE,68.0,FALSE,90.0,Stage_1_Applied,22,TRUE,95,16,None,Local_Underground_Taxation_Stoppage,45,TRUE,1.65,Tier_2_Regional,24.0,0.75,7.0,Scarce,52,0.95,0.40,12.0,28,0.88,0
MOSPI/710158,Tipaimukh Hydroelectric Project 1500 MW Barak River,Energy,Central,Manipur,Churachandpur & Pherzawl,Ongoing,Polygon,LARR_Act_2013,Hydroelectric_Dam,Section_11_Preliminary_Notification,2450,Forest_Customary_and_Riverbed,1850.0,3800,4,22.5,TRUE,12.0,FALSE,84.0,Stage_1_Applied,18,TRUE,850,95,None,Anti_Dam_Movement_Bangladesh_Dispute,90,TRUE,2.15,Tier_1_National,30.0,0.60,8.5,Scarce,60,0.98,0.45,2.0,35,0.82,0
MOSPI/710159,Etalin Hydroelectric Project 3097 MW Dibang Valley,Energy,Central,Arunachal Pradesh,Dibang Valley,Ongoing,Polygon,LARR_Act_2013,Hydroelectric_Dam,Section_11_Preliminary_Notification,1650,Sub_Tropical_Dense_Forest,1150.0,920,2,14.8,TRUE,25.0,FALSE,88.0,Stage_1_Applied,14,TRUE,180,22,None,Forest_Advisory_Committee_Biodiversity_Stay,35,TRUE,1.55,Tier_1_National,22.5,0.78,6.8,Scarce,55,0.96,0.45,1.5,30,0.89,0
MOSPI/710160,Demwe Lower Hydroelectric Project 1750 MW Lohit River,Energy,Central,Arunachal Pradesh,Lohit,Ongoing,Polygon,LARR_Act_2013,Hydroelectric_Dam,Section_11_Preliminary_Notification,1850,Forest_and_Riverbed,890.0,780,1,11.5,FALSE,34.0,FALSE,89.0,Stage_1_Applied,16,TRUE,140,18,None,Parshuram_Kund_Pilgrimage_Protest,25,FALSE,1.48,Tier_1_National,20.0,0.82,6.5,Scarce,50,0.92,0.40,2.0,28,0.90,0
MOSPI/710161,Tawang I Hydroelectric Project 600 MW NHPC,Energy,Central,Arunachal Pradesh,Tawang,Ongoing,Polygon,LARR_Act_2013,Hydroelectric_Dam,Section_11_Preliminary_Notification,2100,High_Altitude_Alpine_Forest,420.0,350,2,15.2,TRUE,28.0,FALSE,88.0,Stage_1_Applied,12,TRUE,95,12,Religious_Shrine,Buddhist_Monks_Black_Necked_Crane_Protest,40,TRUE,1.62,Tier_1_National,24.0,0.75,7.0,Scarce,58,0.96,0.45,35.0,30,0.87,0
MOSPI/710162,Tawang II Hydroelectric Project 800 MW NHPC,Energy,Central,Arunachal Pradesh,Tawang,Ongoing,Polygon,LARR_Act_2013,Hydroelectric_Dam,Section_11_Preliminary_Notification,2080,High_Altitude_Alpine_Forest,480.0,390,2,16.0,TRUE,25.0,FALSE,87.5,Stage_1_Applied,12,TRUE,110,14,Religious_Shrine,Buddhist_Monks_Black_Necked_Crane_Protest,40,TRUE,1.65,Tier_1_National,24.5,0.74,7.0,Scarce,58,0.96,0.45,36.0,30,0.86,0
MOSPI/710163,Pakal Dul Hydroelectric Project Power Evacuation 400kV Line,Energy,Central,Jammu & Kashmir,Kishtwar to Udhampur,Ongoing,Linear,Indian_Telegraph_Act_1885,Power_Transmission_Line,Section_164_Conferred,1450,Mountainous_Forest_Chenab_Valley,95.0,220,0,1.5,FALSE,94.5,FALSE,96.0,Stage_2_Final_Approved,35,TRUE,0,0,None,None,10,FALSE,1.25,Tier_1_National,14.0,0.92,5.8,Scarce,45,0.90,0.38,35.0,22,0.94,240
MOSPI/710164,Ratle to Kishtwar 400kV D/C Transmission Line,Energy,Central,Jammu & Kashmir,Kishtwar,Ongoing,Linear,Indian_Telegraph_Act_1885,Power_Transmission_Line,Section_164_Conferred,850,Mountainous_Forest,45.0,110,0,1.2,FALSE,92.0,FALSE,96.0,Stage_2_Final_Approved,22,TRUE,0,0,None,None,0,FALSE,1.18,Tier_1_National,12.0,0.95,5.5,Scarce,42,0.88,0.36,32.0,20,0.95,90
MOSPI/710165,Kishanganga to Amargarh 400kV D/C Transmission Line,Energy,Central,Jammu & Kashmir,Bandipora to Baramulla,Completed,Linear,Indian_Telegraph_Act_1885,Power_Transmission_Line,Section_164_Conferred,2650,Mountainous_Forest_Snowbound,88.0,260,0,1.8,FALSE,99.0,FALSE,97.5,Stage_2_Final_Approved,28,TRUE,0,0,None,Avalanche_Damage_Tower_Reconstruction,20,TRUE,1.42,Tier_1_National,16.5,0.85,6.2,Scarce,50,0.94,0.40,42.0,24,0.93,365
MOSPI/710166,Srinagar to Leh 220kV Transmission Line Alusteng Drass Kargil,Energy,Central,Jammu & Kashmir & Ladakh,Ganderbal Kargil Leh,Completed,Linear,Indian_Telegraph_Act_1885,Power_Transmission_Line,Section_164_Conferred,2950,High_Altitude_Alpine_Snowbound,185.0,380,0,0.5,FALSE,100.0,FALSE,98.5,Stage_2_Final_Approved,48,TRUE,0,0,None,Extreme_Subzero_Winter_Halt,60,TRUE,1.65,Tier_1_National,22.0,0.78,6.8,Scarce,60,0.98,0.48,55.0,26,0.94,1095
MOSPI/710167,Nubra and Zanskar Valley 66kV Grid Connectivity PMDP,Energy,Central,Ladakh,Leh & Kargil (Nubra Zanskar),Ongoing,Linear,Indian_Telegraph_Act_1885,Power_Transmission_Line,Section_164_Conferred,1250,Cold_Desert_Mountainous,64.0,90,0,0.0,FALSE,96.0,FALSE,97.0,Stage_2_Final_Approved,18,TRUE,0,0,None,Extreme_Subzero_Winter_Halt,75,TRUE,1.48,Tier_1_National,18.5,0.82,6.5,Scarce,58,0.95,0.45,50.0,25,0.94,310
MOSPI/710168,Pang Ultra Mega Solar Park 10 GW with Battery Storage,Energy,Central,Ladakh,Leh (Pang Valley),Ongoing,Polygon,LARR_Act_2013,Solar_Power_Plant,Section_11_Preliminary_Notification,650,Cold_Desert_High_Altitude_Plain,20000.0,120,0,0.0,FALSE,85.0,FALSE,95.0,Not_Applicable,25,TRUE,0,0,None,Pastoral_Nomad_Grazing_Dispute,20,FALSE,1.25,Tier_1_National,15.5,0.90,6.0,Scarce,60,0.75,0.25,60.0,25,0.93,0
MOSPI/710169,Pang to Kaithal 765kV HVDC Interconnection 12 GW,Energy,Central,Ladakh HP Punjab Haryana,Pang to Kaithal,Ongoing,Linear,Indian_Telegraph_Act_1885,Power_Transmission_Line,Section_164_Conferred,580,Mountainous_Forest_and_High_Passes,850.0,1850,1,1.5,FALSE,78.5,FALSE,94.5,Stage_1_Applied,140,TRUE,0,0,None,Baralacha_Pass_Snow_Stoppage,45,TRUE,1.40,Tier_1_National,18.0,0.85,6.2,Scarce,55,0.95,0.42,48.0,24,0.93,0
MOSPI/710170,Barmer Solar Energy Zone 5000 MW Transmission Phase III,Energy,Central,Rajasthan,Barmer,Ongoing,Linear,Indian_Telegraph_Act_1885,Power_Transmission_Line,Section_164_Conferred,820,Private_Agricultural_Arid,145.0,380,0,0.8,FALSE,94.5,FALSE,97.5,Not_Applicable,35,TRUE,0,0,None,Great_Indian_Bustard_PIL,10,FALSE,1.02,Tier_1_National,5.2,1.16,4.6,Adequate,20,0.08,0.05,45.0,14,0.98,45
MOSPI/710171,Jaisalmer Solar Energy Zone Phase IV ISTS Substation 765kV,Energy,Central,Rajasthan,Jaisalmer (Fatehgarh),Ongoing,Point,Indian_Telegraph_Act_1885,Power_Transmission_Line,Section_164_Conferred,750,Government_Arid_Wasteland,55.0,0,0,0.0,FALSE,100.0,FALSE,98.5,Not_Applicable,18,TRUE,0,0,None,None,0,FALSE,0.95,Tier_1_National,4.5,1.20,4.2,Surplus,16,0.08,0.05,48.0,12,0.99,0
MOSPI/710172,Nokh Solar Park 925 MW RUMSL Jaisalmer,Energy,State,Rajasthan,Jaisalmer (Nokh Pokhran),Completed,Polygon,LARR_Act_2013,Solar_Power_Plant,Physical_Possession_Taken,1980,Government_Arid_Wasteland,1850.0,45,0,0.0,FALSE,100.0,FALSE,99.0,Not_Applicable,12,TRUE,0,0,None,None,0,FALSE,0.88,Tier_1_National,3.8,1.26,3.9,Surplus,15,0.08,0.05,48.0,10,0.99,0
MOSPI/710173,Pugal Solar Park 1450 MW RUMSL Bikaner,Energy,State,Rajasthan,Bikaner (Pugal),Ongoing,Polygon,LARR_Act_2013,Solar_Power_Plant,Physical_Possession_Taken,1120,Government_Arid_Wasteland,2950.0,85,0,0.0,FALSE,98.5,FALSE,98.5,Not_Applicable,15,TRUE,0,0,None,None,0,FALSE,0.92,Tier_1_National,4.2,1.22,4.2,Surplus,16,0.08,0.05,45.0,12,0.98,30
MOSPI/710174,Khavda Renewable Energy Park 30 GW Hybrid Wind-Solar Zone,Energy,Central,Gujarat,Kutch (India-Pakistan Border),Ongoing,Polygon,LARR_Act_2013,Solar_Power_Plant,Physical_Possession_Taken,1450,Salt_Desert_Wasteland_Pooled,72600.0,0,0,0.0,FALSE,100.0,FALSE,99.0,Not_Applicable,48,TRUE,0,0,None,None,0,FALSE,0.98,Tier_1_National,5.2,1.18,4.5,Surplus,22,0.25,0.22,1.5,12,0.98,60
MOSPI/710175,Khavda RE Park Phase 1 Evacuation 765kV Substation System,Energy,Central,Gujarat,Kutch (Khavda),Completed,Point,Indian_Telegraph_Act_1885,Power_Transmission_Line,Section_164_Conferred,210,Government_Arid_Wasteland,68.0,0,0,0.0,FALSE,100.0,FALSE,99.0,Not_Applicable,15,TRUE,0,0,None,None,0,FALSE,0.90,Tier_1_National,4.0,1.24,4.0,Surplus,16,0.20,0.18,1.8,10,0.99,0
MOSPI/710176,Khavda to Lakadia 765kV D/C Inter State Transmission Line,Energy,Central,Gujarat,Kutch (Khavda to Bhachau),Completed,Linear,Indian_Telegraph_Act_1885,Power_Transmission_Line,Section_164_Conferred,1980,Rann_Saline_Mudflat_and_Arid,145.0,85,0,0.0,FALSE,100.0,FALSE,98.5,Not_Applicable,35,TRUE,0,0,None,Flamingo_Sanctuary_Clearance_Compliance,15,FALSE,1.02,Tier_1_National,4.8,1.18,4.5,Adequate,20,0.25,0.20,1.2,12,0.98,30
MOSPI/710177,Lakadia to Vadodara 765kV D/C Line WR Grid Evacuation,Energy,Central,Gujarat,Kutch Surendranagar Anand Vadodara,Completed,Linear,Indian_Telegraph_Act_1885,Power_Transmission_Line,Section_164_Conferred,2150,Private_Agricultural,285.0,620,0,1.2,FALSE,99.0,FALSE,98.0,Not_Applicable,65,TRUE,18,2,None,None,0,FALSE,1.05,Tier_1_National,5.5,1.15,4.7,Surplus,18,0.30,0.10,14.0,14,0.98,45
MOSPI/710178,Lakadia to Ahmedabad 765kV D/C Transmission Line,Energy,Central,Gujarat,Kutch to Ahmedabad,Completed,Linear,Indian_Telegraph_Act_1885,Power_Transmission_Line,Section_164_Conferred,2180,Private_Agricultural,220.0,490,0,1.0,FALSE,99.5,FALSE,98.5,Not_Applicable,54,TRUE,12,0,None,None,0,FALSE,1.00,Tier_1_National,5.0,1.18,4.5,Surplus,18,0.28,0.10,15.0,12,0.99,0
MOSPI/710179,Dholera Solar Park Phase 2 1000 MW GIPCL Gujarat,Energy,State,Gujarat,Ahmedabad (Dholera SIR),Ongoing,Polygon,LARR_Act_2013,Solar_Power_Plant,Physical_Possession_Taken,850,Coastal_Saline_Industrial_Pooled,2250.0,110,0,0.8,FALSE,99.5,FALSE,98.5,Not_Applicable,28,TRUE,0,0,None,None,0,FALSE,1.02,Tier_1_National,5.5,1.15,4.8,Surplus,20,0.35,0.25,1.8,14,0.98,60
MOSPI/710180,Raghanesda Solar Park 700 MW GPCL Banaskantha,Energy,State,Gujarat,Banaskantha (Vav),Completed,Polygon,LARR_Act_2013,Solar_Power_Plant,Physical_Possession_Taken,2250,Saline_Wasteland_and_Private,1400.0,95,0,0.5,FALSE,100.0,FALSE,98.5,Not_Applicable,18,TRUE,0,0,None,None,0,FALSE,0.92,Tier_1_National,4.5,1.22,4.2,Surplus,16,0.15,0.08,22.0,12,0.99,0
MOSPI/710181,Charanka Solar Park Capacity Expansion 150 MW GPCL,Energy,State,Gujarat,Patan (Santalpur),Completed,Polygon,LARR_Act_2013,Solar_Power_Plant,Physical_Possession_Taken,2450,Government_Saline_Wasteland,380.0,24,0,0.0,FALSE,100.0,FALSE,99.0,Not_Applicable,10,TRUE,0,0,None,None,0,FALSE,0.88,Tier_1_National,3.8,1.25,4.0,Surplus,14,0.18,0.08,20.0,10,0.99,0
MOSPI/710182,Bhadla Solar Park Phase 1 & 2 Evacuation Lines 400kV,Energy,Central,Rajasthan,Jodhpur,Completed,Linear,Indian_Telegraph_Act_1885,Power_Transmission_Line,Section_164_Conferred,2750,Government_Arid_Wasteland,78.0,110,0,0.0,FALSE,100.0,FALSE,99.0,Not_Applicable,18,TRUE,0,0,None,None,0,FALSE,0.90,Tier_1_National,4.0,1.25,3.9,Surplus,15,0.05,0.05,52.0,10,0.99,0
MOSPI/710183,Ananthapuramu Ultra Mega Solar Park 1500 MW NP Kunta,Energy,Central,Andhra Pradesh,Sri Sathya Sai (NP Kunta),Completed,Polygon,LARR_Act_2013,Solar_Power_Plant,Physical_Possession_Taken,2850,Private_Agricultural_Arid,3200.0,1450,0,1.5,FALSE,99.5,FALSE,98.0,Not_Applicable,25,TRUE,15,2,None,None,0,FALSE,0.92,Tier_1_National,4.8,1.18,4.5,Surplus,18,0.22,0.10,28.0,12,0.98,45
MOSPI/710184,Galiveedu Solar Park 500 MW APSPCL YSR Kadapa,Energy,State,Andhra Pradesh,YSR Kadapa (Galiveedu),Completed,Polygon,LARR_Act_2013,Solar_Power_Plant,Physical_Possession_Taken,2650,Private_Agricultural_Arid,1100.0,520,0,1.2,FALSE,100.0,FALSE,98.5,Not_Applicable,18,TRUE,10,0,None,None,0,FALSE,0.90,Tier_1_National,4.5,1.20,4.3,Surplus,16,0.20,0.10,25.0,12,0.99,0
MOSPI/710185,Mylavaram Solar Park 500 MW APSPCL YSR Kadapa,Energy,State,Andhra Pradesh,YSR Kadapa (Mylavaram),Completed,Polygon,LARR_Act_2013,Solar_Power_Plant,Physical_Possession_Taken,2450,Private_Agricultural_Arid,1050.0,480,0,1.4,FALSE,99.8,FALSE,98.0,Not_Applicable,20,TRUE,8,0,None,None,0,FALSE,0.94,Tier_1_National,4.8,1.18,4.4,Surplus,18,0.24,0.10,22.0,12,0.98,0
MOSPI/710186,Kurnool Ultra Mega Solar Park Substation 400kV PGCIL,Energy,Central,Andhra Pradesh,Kurnool (Gani Sakunala),Completed,Point,Indian_Telegraph_Act_1885,Power_Transmission_Line,Section_164_Conferred,2650,Private_Agricultural_Arid,42.0,95,0,0.5,FALSE,100.0,FALSE,98.5,Not_Applicable,16,TRUE,0,0,None,None,0,FALSE,0.92,Tier_1_National,4.2,1.22,4.2,Surplus,15,0.20,0.10,25.0,10,0.99,0
MOSPI/710187,Rewa Ultra Mega Solar Park 220kV Pooling Substation System,Energy,State,Madhya Pradesh,Rewa (Gurh),Completed,Point,Indian_Telegraph_Act_1885,Power_Transmission_Line,Section_164_Conferred,2450,Private_Agricultural_Barren,34.0,85,0,0.8,FALSE,100.0,FALSE,99.0,Not_Applicable,12,TRUE,0,0,None,None,0,FALSE,0.90,Tier_1_National,4.0,1.24,4.0,Surplus,14,0.15,0.08,24.0,10,0.99,0
MOSPI/710188,Neemuch Solar Park 500 MW RUMSL Madhya Pradesh,Energy,State,Madhya Pradesh,Neemuch,Ongoing,Polygon,LARR_Act_2013,Solar_Power_Plant,Physical_Possession_Taken,1250,Government_and_Private_Barren,1100.0,420,0,1.5,FALSE,97.5,FALSE,97.0,Not_Applicable,24,TRUE,15,2,None,None,0,FALSE,1.02,Tier_1_National,5.2,1.16,4.6,Surplus,18,0.20,0.08,22.0,14,0.98,0
MOSPI/710189,Agar Solar Park 550 MW RUMSL Madhya Pradesh,Energy,State,Madhya Pradesh,Agar Malwa,Ongoing,Polygon,LARR_Act_2013,Solar_Power_Plant,Physical_Possession_Taken,1280,Government_and_Private_Barren,1180.0,460,0,1.4,FALSE,98.0,FALSE,97.5,Not_Applicable,22,TRUE,18,4,None,None,0,FALSE,1.00,Tier_1_National,5.0,1.18,4.5,Surplus,16,0.22,0.09,20.0,12,0.98,0
MOSPI/710190,Shajapur Solar Park 450 MW RUMSL Madhya Pradesh,Energy,State,Madhya Pradesh,Shajapur,Ongoing,Polygon,LARR_Act_2013,Solar_Power_Plant,Physical_Possession_Taken,1320,Government_and_Private_Barren,1020.0,390,0,1.2,FALSE,98.5,FALSE,97.5,Not_Applicable,20,TRUE,14,2,None,None,0,FALSE,0.98,Tier_1_National,4.8,1.20,4.4,Surplus,16,0.22,0.08,21.0,12,0.99,0
MOSPI/710191,Morena Ultra Mega Solar Park 1400 MW RUMSL,Energy,State,Madhya Pradesh,Morena (Chambal Ravines),Ongoing,Polygon,LARR_Act_2013,Solar_Power_Plant,Section_11_Preliminary_Notification,720,Government_Chambal_Ravines,2850.0,180,0,2.5,FALSE,78.5,FALSE,94.0,Not_Applicable,35,TRUE,38,6,None,None,0,FALSE,1.08,Tier_1_National,6.5,1.12,4.8,Surplus,20,0.25,0.10,18.0,16,0.96,0
MOSPI/710192,Chhatarpur Solar Park 950 MW RUMSL Bundelkhand,Energy,State,Madhya Pradesh,Chhatarpur,Ongoing,Polygon,LARR_Act_2013,Solar_Power_Plant,Section_11_Preliminary_Notification,680,Government_and_Private_Barren,1980.0,310,0,2.0,FALSE,82.0,FALSE,94.5,Not_Applicable,32,TRUE,28,4,None,None,0,FALSE,1.06,Tier_1_National,6.0,1.14,4.8,Surplus,18,0.28,0.10,16.0,15,0.97,0
MOSPI/710193,Omkareshwar Floating Solar Project 600 MW Phase 1,Energy,Central,Madhya Pradesh,Khandwa (Narmada River Reservoir),Completed,Polygon,LARR_Act_2013,Solar_Power_Plant,Physical_Possession_Taken,1450,Reservoir_Water_Surface,1200.0,0,0,0.0,FALSE,100.0,FALSE,98.5,Not_Applicable,14,TRUE,0,0,None,Water_Level_Fluctuation_Engineering,10,FALSE,1.02,Tier_1_National,5.2,1.16,4.6,Surplus,18,0.35,0.15,2.5,14,0.98,90
MOSPI/710194,Omkareshwar Floating Solar Project 600 MW Phase 2,Energy,Central,Madhya Pradesh,Khandwa (Omkareshwar Reservoir),Ongoing,Polygon,LARR_Act_2013,Solar_Power_Plant,Physical_Possession_Taken,920,Reservoir_Water_Surface,1150.0,0,0,0.0,FALSE,100.0,FALSE,98.0,Not_Applicable,16,TRUE,0,0,None,None,0,FALSE,1.05,Tier_1_National,5.5,1.15,4.7,Surplus,18,0.38,0.16,2.5,14,0.98,0
MOSPI/710195,Rammam Stage III Hydroelectric Project 120 MW NTPC,Energy,Central,West Bengal & Sikkim,Darjeeling & West Sikkim,Completed,Polygon,LARR_Act_2013,Hydroelectric_Dam,Physical_Possession_Taken,2450,Mountainous_Forest_and_Riverbed,95.0,280,0,1.8,FALSE,99.5,FALSE,97.0,Stage_2_Final_Approved,24,TRUE,65,8,None,None,10,FALSE,1.18,Tier_1_National,8.5,1.08,5.2,Scarce,35,0.92,0.36,18.0,18,0.96,365
MOSPI/710196,Tapovan Vishnugad Hydroelectric Project 520 MW Dhauliganga,Energy,Central,Uttarakhand,Chamoli (Joshimath),Ongoing,Polygon,LARR_Act_2013,Hydroelectric_Dam,Physical_Possession_Taken,4150,Glacial_Valley_and_Mountain_Gorge,165.0,410,2,3.8,FALSE,91.0,FALSE,92.5,Stage_2_Final_Approved,26,TRUE,120,18,None,Chamoli_Flash_Flood_Restoration,85,TRUE,2.15,Tier_1_National,28.5,0.65,7.8,Scarce,58,0.96,0.45,45.0,28,0.86,4015
MOSPI/710197,Vishnugad Pipalkoti Hydro Electric Project 444 MW THDC,Energy,Central,Uttarakhand,Chamoli (Alaknanda River),Ongoing,Polygon,LARR_Act_2013,Hydroelectric_Dam,Physical_Possession_Taken,2850,Mountainous_Forest_and_Gorge,142.0,380,1,2.8,FALSE,94.0,FALSE,94.5,Stage_2_Final_Approved,24,TRUE,95,14,None,Local_Habitation_Muck_Disposal_PIL,20,FALSE,1.38,Tier_1_National,16.0,0.88,6.0,Scarce,46,0.95,0.40,40.0,22,0.93,1095
MOSPI/710198,Tehri Hydro Power Complex Stage II Pumped Storage 1000 MW,Energy,Central,Uttarakhand,Tehri Garhwal,Ongoing,Polygon,LARR_Act_2013,Hydroelectric_Dam,Physical_Possession_Taken,3100,Reservoir_and_Underground_Cavern,85.0,0,0,0.0,FALSE,100.0,FALSE,96.5,Stage_2_Final_Approved,18,TRUE,0,0,None,None,0,FALSE,1.42,Tier_1_National,17.5,0.85,6.2,Scarce,42,0.92,0.38,25.0,22,0.93,1460
MOSPI/710199,Singoli Bhatwari Hydro Electric Project 99 MW L&T,Energy,Central,Uttarakhand,Rudraprayag (Mandakini River),Completed,Polygon,LARR_Act_2013,Hydroelectric_Dam,Physical_Possession_Taken,2650,Mountainous_Forest_and_Riverbed,78.0,210,0,1.2,FALSE,100.0,FALSE,97.5,Stage_2_Final_Approved,22,TRUE,48,6,None,None,0,FALSE,1.22,Tier_1_National,11.5,0.98,5.4,Scarce,38,0.94,0.36,28.0,18,0.95,730
MOSPI/710200,Vyasi Hydroelectric Project 120 MW UJVNL Yamuna River,Energy,State,Uttarakhand,Dehradun (Hathiyari),Completed,Polygon,LARR_Act_2013,Hydroelectric_Dam,Physical_Possession_Taken,2450,Mountainous_Forest_and_Riverbed,88.0,290,0,1.5,FALSE,100.0,FALSE,98.0,Stage_2_Final_Approved,25,TRUE,56,8,None,None,0,FALSE,1.15,Tier_1_National,8.5,1.05,5.2,Adequate,30,0.88,0.32,22.0,16,0.96,450
NHAI/VME-P6/2021,Vadodara Mumbai Expressway Pkg 6 Ena to Kim,Transport,Central,Gujarat,Surat (Ena to Kim),Ongoing,Linear,NH_Act_1956,Highway,Section_3G_Award,980,Private_Agricultural,315.0,1120,1,2.2,FALSE,92.5,TRUE,96.5,Stage_2_Final_Approved,110,TRUE,140,28,None,None,0,FALSE,1.06,Tier_1_National,5.8,1.15,4.8,Surplus,18,0.38,0.12,8.5,14,0.98,90
NHAI/VME-P11/2021,Vadodara Mumbai Expressway Pkg 11 Ganjad to Talsari,Transport,Central,Maharashtra,Palghar (Ganjad to Talsari),Ongoing,Linear,NH_Act_1956,Highway,Physical_Possession_Taken,1250,Private_Agricultural_and_Tribal,220.0,850,2,3.5,FALSE,91.0,TRUE,95.0,Stage_2_Final_Approved,140,TRUE,180,35,None,None,5,FALSE,1.18,Tier_1_National,8.5,1.05,5.2,Surplus,22,0.60,0.22,4.0,16,0.96,420
NHAI/VME-P12/2021,Vadodara Mumbai Expressway Pkg 12 Masvan to Ganjad,Transport,Central,Maharashtra,Palghar (Masvan to Ganjad),Ongoing,Linear,NH_Act_1956,Highway,Physical_Possession_Taken,1280,Private_Agricultural_and_Tribal,215.0,820,1,3.2,FALSE,92.5,TRUE,95.5,Stage_2_Final_Approved,135,TRUE,165,30,None,None,0,FALSE,1.15,Tier_1_National,8.0,1.08,5.1,Surplus,20,0.62,0.20,3.8,16,0.96,380
NHAI/VME-P13/2021,Vadodara Mumbai Expressway Pkg 13 Shirsad to Masvan,Transport,Central,Maharashtra,Palghar (Shirsad to Masvan),Ongoing,Linear,NH_Act_1956,Highway,Physical_Possession_Taken,1320,Private_Agricultural_and_Tribal,225.0,890,2,3.8,FALSE,89.5,TRUE,94.5,Stage_2_Final_Approved,145,TRUE,190,38,None,None,10,FALSE,1.20,Tier_1_National,8.8,1.04,5.3,Surplus,22,0.65,0.22,3.5,18,0.95,450
NHAI/VME-P14/2021,Vadodara Mumbai Expressway Pkg 14 Akloli to Amne Spur,Transport,Central,Maharashtra,Thane (Akloli to Amne),Ongoing,Linear,NH_Act_1956,Highway,Physical_Possession_Taken,1350,Private_Agricultural_and_Urban,195.0,920,2,4.0,FALSE,88.0,TRUE,94.0,Stage_2_Final_Approved,160,TRUE,210,45,None,None,12,FALSE,1.22,Tier_1_National,9.2,1.02,5.4,Surplus,22,0.65,0.24,3.0,18,0.95,510
NHAI/VME-P16/2021,Vadodara Mumbai Expressway Pkg 16 Amne to Bhoj JNPT Spur,Transport,Central,Maharashtra,Thane & Raigad (Amne to Bhoj),Ongoing,Linear,NH_Act_1956,Highway,Physical_Possession_Taken,1380,Private_Urban_Commercial_and_Marsh,240.0,1180,3,4.5,FALSE,86.5,TRUE,93.5,Stage_2_Final_Approved,185,TRUE,280,55,None,None,15,FALSE,1.25,Tier_1_National,10.5,0.98,5.5,Surplus,24,0.70,0.25,2.0,20,0.94,580
NHAI/BCE-P1/2021,Bengaluru Chennai Expressway Pkg 1 Bangalore to Malur,Transport,Central,Karnataka,Bengaluru Urban & Rural to Kolar,Ongoing,Linear,NH_Act_1956,Highway,Physical_Possession_Taken,1250,Private_Agricultural,245.0,780,0,1.5,FALSE,98.5,TRUE,98.0,Stage_2_Final_Approved,95,TRUE,110,24,None,None,0,FALSE,1.02,Tier_1_National,5.2,1.18,4.5,Surplus,16,0.30,0.10,14.0,12,0.98,60
NHAI/BCE-P2/2021,Bengaluru Chennai Expressway Pkg 2 Malur to Bangarpet,Transport,Central,Karnataka,Kolar (Malur to Bangarpet),Ongoing,Linear,NH_Act_1956,Highway,Physical_Possession_Taken,1220,Private_Agricultural,255.0,810,0,1.4,FALSE,99.0,TRUE,98.0,Stage_2_Final_Approved,88,TRUE,105,22,None,None,0,FALSE,1.04,Tier_1_National,5.0,1.18,4.6,Surplus,16,0.28,0.10,14.5,12,0.98,45
NHAI/BCE-P3/2021,Bengaluru Chennai Expressway Pkg 3 Bangarpet to Bethamangala,Transport,Central,Karnataka,Kolar (Bangarpet to Bethamangala),Ongoing,Linear,NH_Act_1956,Highway,Physical_Possession_Taken,1210,Private_Agricultural,165.0,520,0,1.2,FALSE,99.2,TRUE,98.5,Stage_2_Final_Approved,65,TRUE,75,18,None,None,0,FALSE,1.02,Tier_1_National,4.8,1.20,4.4,Surplus,15,0.26,0.08,15.0,12,0.99,30
NHAI/BCE-P4/2021,Bengaluru Chennai Expressway Pkg 4 Baireddypalle to Bangarupalem,Transport,Central,Andhra Pradesh,Chittoor (Baireddypalle to Bangarupalem),Ongoing,Linear,NH_Act_1956,Highway,Section_3G_Award,890,Private_Agricultural,285.0,890,1,2.0,FALSE,94.5,TRUE,96.5,Stage_2_Final_Approved,115,TRUE,140,28,None,None,0,FALSE,1.06,Tier_1_National,5.8,1.15,4.8,Surplus,18,0.35,0.12,12.0,14,0.97,90
NHAI/BCE-P5/2021,Bengaluru Chennai Expressway Pkg 5 Bangarupalem to Gudipala,Transport,Central,Andhra Pradesh,Chittoor (Bangarupalem to Gudipala),Ongoing,Linear,NH_Act_1956,Highway,Section_3G_Award,880,Private_Agricultural,265.0,840,1,1.8,FALSE,95.0,TRUE,97.0,Stage_2_Final_Approved,105,TRUE,130,25,None,None,0,FALSE,1.05,Tier_1_National,5.5,1.15,4.7,Surplus,18,0.32,0.12,12.5,14,0.98,75
NHAI/BCE-P6/2021,Bengaluru Chennai Expressway Pkg 6 Arakkonam to Kancheepuram,Transport,Central,Tamil Nadu,Ranipet & Kanchipuram,Ongoing,Linear,NH_Act_1956,Highway,Physical_Possession_Taken,1150,Private_Agricultural,240.0,910,0,1.6,FALSE,97.5,TRUE,97.5,Stage_2_Final_Approved,90,TRUE,120,26,None,None,0,FALSE,1.08,Tier_1_National,6.2,1.14,4.9,Surplus,18,0.40,0.14,9.0,14,0.97,120
NHAI/BCE-P7/2021,Bengaluru Chennai Expressway Pkg 7 Kancheepuram to Sriperumbudur,Transport,Central,Tamil Nadu,Kanchipuram & Sriperumbudur,Ongoing,Linear,NH_Act_1956,Highway,Physical_Possession_Taken,1180,Private_Agricultural_and_Industrial,295.0,1150,1,2.2,FALSE,96.5,TRUE,97.0,Stage_2_Final_Approved,140,TRUE,190,45,None,None,0,FALSE,1.10,Tier_1_National,6.5,1.12,5.0,Surplus,20,0.42,0.14,8.0,15,0.97,150
NHAI/BCE-ELV/2022,Chennai Port Maduravoyal Sriperumbudur Elevated Link,Transport,Central,Tamil Nadu,Chennai & Sriperumbudur,Ongoing,Linear,NH_Act_1956,Highway,Section_3G_Award,680,Private_Urban_Commercial,32.0,850,1,2.8,FALSE,92.0,TRUE,96.0,Not_Applicable,180,TRUE,240,110,None,None,0,FALSE,1.15,Tier_1_National,7.8,1.08,5.2,Surplus,20,0.50,0.18,3.5,16,0.96,180
NHAI/DAK-P7/2021,Delhi Amritsar Katra Pkg 7 Bhawanigarh to Bhogiwal,Transport,Central,Punjab,Sangrur & Malerkotla,Ongoing,Linear,NH_Act_1956,Highway,Physical_Possession_Taken,1450,Private_Agricultural,315.0,1020,1,2.0,FALSE,98.0,TRUE,97.5,Not_Applicable,110,TRUE,160,28,None,Farmer_Compensation_Protest,15,TRUE,1.10,Tier_1_National,6.8,1.12,4.9,Adequate,18,0.22,0.08,12.0,15,0.97,240
NHAI/DAK-P8/2021,Delhi Amritsar Katra Pkg 8 Bhogiwal to Mullanpur Dakha,Transport,Central,Punjab,Malerkotla & Ludhiana,Ongoing,Linear,NH_Act_1956,Highway,Physical_Possession_Taken,1420,Private_Agricultural,298.0,980,1,2.2,FALSE,97.5,TRUE,97.0,Not_Applicable,115,TRUE,155,26,None,Farmer_Compensation_Protest,20,TRUE,1.12,Tier_1_National,7.0,1.10,5.0,Adequate,20,0.24,0.09,11.5,15,0.96,270
NHAI/DAK-P9/2021,Delhi Amritsar Katra Pkg 9 Mullanpur Dakha to Kang Sahibu,Transport,Central,Punjab,Ludhiana & Jalandhar,Ongoing,Linear,NH_Act_1956,Highway,Physical_Possession_Taken,1390,Private_Agricultural,345.0,1140,2,2.8,FALSE,96.0,TRUE,96.5,Not_Applicable,125,TRUE,175,32,None,Farmer_Compensation_Protest,25,TRUE,1.15,Tier_1_National,7.5,1.08,5.1,Adequate,20,0.25,0.09,10.5,16,0.95,310
MORTH/TND-45/2023,Chengalpattu Tindivanam 8-Laning Blackspot Remediation,Transport,Central,Tamil Nadu,Chengalpattu to Tindivanam,Ongoing,Linear,NH_Act_1956,Highway,Physical_Possession_Taken,540,Private_Agricultural_and_Ribbon,42.0,180,0,1.2,FALSE,98.5,TRUE,98.0,Not_Applicable,45,TRUE,38,18,None,None,0,FALSE,1.02,Tier_1_National,5.0,1.18,4.5,Surplus,16,0.45,0.12,5.5,12,0.99,0
MORTH/TND-44/2023,Madurai Kanniyakumari NH-44 Grade Separator VUPs,Transport,Central,Tamil Nadu,Madurai Virudhunagar Kanniyakumari,Ongoing,Point,NH_Act_1956,Highway,Physical_Possession_Taken,480,Government_RoW_and_Urban,14.5,60,0,0.8,FALSE,100.0,TRUE,98.5,Not_Applicable,35,TRUE,12,8,None,None,0,FALSE,1.00,Tier_1_National,4.5,1.20,4.4,Surplus,15,0.38,0.10,7.0,12,0.99,0
MORTH/TND-208/2022,Thirumangalam to Rajapalayam 2-Laning Paved Shoulder,Transport,Central,Tamil Nadu,Madurai & Virudhunagar,Ongoing,Linear,NH_Act_1956,Highway,Physical_Possession_Taken,850,Private_Agricultural,95.0,380,0,1.5,FALSE,96.5,TRUE,97.0,Not_Applicable,65,TRUE,75,20,None,None,0,FALSE,1.06,Tier_2_Regional,6.2,1.14,4.8,Surplus,18,0.35,0.12,12.0,14,0.97,60
MORTH/MP-552/2022,Shyampur to Sabalgarh NH-552Ext Two Laning Paved Shoulder,Transport,Central,Madhya Pradesh,Sheopur & Morena,Ongoing,Linear,NH_Act_1956,Highway,Physical_Possession_Taken,920,Private_Agricultural_and_Chambal,145.0,490,0,1.8,FALSE,96.0,TRUE,96.5,Stage_1_In_Principle,52,TRUE,85,18,None,None,0,FALSE,1.08,Tier_2_Regional,6.8,1.12,4.9,Surplus,18,0.25,0.10,18.0,15,0.97,90
MPRDC/IND-UJJ/2023,Indore Ujjain Road SH-59 4 to 6 Laning HAM Mode,Transport,State,Madhya Pradesh,Indore to Ujjain,Ongoing,Linear,LARR_Act_2013,State_Highway,Physical_Possession_Taken,620,Private_Agricultural_and_Urban,120.0,580,0,1.4,FALSE,98.0,TRUE,97.5,Not_Applicable,85,TRUE,110,45,None,None,0,FALSE,1.05,Tier_1_National,5.5,1.16,4.7,Surplus,16,0.28,0.10,15.0,14,0.98,0
NHLML/RPW-KLU/2023,Bijli Mahadev Temple Ropeway Mohal to Temple,Transport,Central,Himachal Pradesh,Kullu,Ongoing,Point,LARR_Act_2013,Urban_Transport,Physical_Possession_Taken,480,Mountainous_Forest_and_Eco_Sensitive,12.4,18,0,0.0,FALSE,100.0,FALSE,96.0,Stage_2_Final_Approved,12,TRUE,0,0,Religious_Shrine,None,0,FALSE,1.18,Tier_1_National,9.5,1.05,5.2,Scarce,35,0.85,0.35,35.0,18,0.95,0
NWR/COR-UDR/2022,Chittaurgarh Udaipur Limited Height Subways LC Gates,Transport,Central,Rajasthan,Chittorgarh & Udaipur,Completed,Linear,Railways_Act_1989,Railway,Physical_Possession_Taken,780,Railway_RoW_and_Rural,16.5,45,0,0.5,FALSE,100.0,FALSE,99.0,Not_Applicable,24,TRUE,8,0,None,None,0,FALSE,0.95,Tier_2_Regional,4.2,1.22,4.2,Surplus,14,0.20,0.08,22.0,12,0.99,0
NWR/AJM-COR/2022,Ajmer Chittaurgarh Limited Height Subways LC Elimination,Transport,Central,Rajasthan,Ajmer & Bhilwara,Completed,Linear,Railways_Act_1989,Railway,Physical_Possession_Taken,740,Railway_RoW_and_Rural,14.0,38,0,0.5,FALSE,100.0,FALSE,99.0,Not_Applicable,20,TRUE,6,0,None,None,0,FALSE,0.94,Tier_2_Regional,4.0,1.24,4.1,Surplus,14,0.18,0.08,24.0,12,0.99,0
NWR/DGN-ROB/2021,Degana Station Yard 2-Lane ROB and Pedestrian RUB,Transport,Central,Rajasthan,Nagaur (Degana),Completed,Point,Railways_Act_1989,Bridge,Physical_Possession_Taken,890,Government_Rail_and_Urban,6.8,40,0,0.0,FALSE,100.0,FALSE,98.5,Not_Applicable,22,TRUE,10,6,None,None,0,FALSE,0.98,Tier_2_Regional,4.8,1.20,4.3,Surplus,15,0.12,0.06,32.0,12,0.99,0
MORTH/KTK-548B/2021,Murrum Maharashtra Border to Bijapur NH-548B 2LPS,Transport,Central,Karnataka,Vijayapura (Bijapur),Completed,Linear,NH_Act_1956,Highway,Physical_Possession_Taken,1250,Private_Agricultural_Arid,195.0,680,0,1.5,FALSE,99.2,TRUE,98.0,Not_Applicable,72,TRUE,110,22,None,None,0,FALSE,1.02,Tier_2_Regional,5.5,1.15,4.6,Surplus,18,0.22,0.10,20.0,14,0.98,45
MORTH/KTK-367/2021,Pattadakal to Shirur Cross NH-367 Two Laning Paved Shoulder,Transport,Central,Karnataka,Bagalkot,Completed,Linear,NH_Act_1956,Highway,Physical_Possession_Taken,980,Private_Agricultural,65.0,240,0,1.2,FALSE,99.5,TRUE,98.5,Not_Applicable,38,TRUE,45,10,None,None,0,FALSE,0.98,Tier_2_Regional,5.0,1.18,4.5,Surplus,16,0.24,0.10,18.0,12,0.99,0
NHAI/MH-166/2021,Ratnagiri Kolhapur Section NH-166 Pkg 1 HAM Mode,Transport,Central,Maharashtra,Ratnagiri to Kolhapur,Ongoing,Linear,NH_Act_1956,Highway,Physical_Possession_Taken,1180,Western_Ghats_Agricultural_and_Hilly,210.0,850,2,3.2,FALSE,94.5,TRUE,95.5,Stage_2_Final_Approved,115,TRUE,165,34,None,None,0,FALSE,1.14,Tier_1_National,7.5,1.08,5.1,Adequate,22,0.85,0.25,6.5,16,0.96,180
NHAI/GZP-BAL1/2022,Ghazipur Ballia Greenfield NH-31 Pkg 1 Hridaipur to Shahapur,Transport,Central,Uttar Pradesh,Ghazipur & Ballia,Ongoing,Linear,NH_Act_1956,Highway,Physical_Possession_Taken,920,Private_Agricultural,185.0,740,0,1.5,FALSE,97.5,TRUE,97.5,Stage_1_In_Principle,85,TRUE,110,24,None,None,0,FALSE,1.06,Tier_1_National,6.0,1.14,4.8,Surplus,18,0.45,0.14,6.8,14,0.97,90
NHAI/GZP-BAL2/2022,Ghazipur Ballia Greenfield NH-31 Pkg 2 Shahapur to Pindari,Transport,Central,Uttar Pradesh,Ballia,Ongoing,Linear,NH_Act_1956,Highway,Physical_Possession_Taken,890,Private_Agricultural,168.0,680,0,1.4,FALSE,98.0,TRUE,97.5,Stage_1_In_Principle,78,TRUE,95,20,None,None,0,FALSE,1.05,Tier_1_National,5.8,1.15,4.7,Surplus,18,0.48,0.15,6.5,14,0.98,60
NHAI/KNP-RR2/2023,Kanpur Ring Road Package 2 Badarka to Sachendi,Transport,Central,Uttar Pradesh,Unnao & Kanpur Nagar,Ongoing,Linear,NH_Act_1956,Highway,Section_3G_Award,580,Private_Agricultural_and_Alluvial,195.0,780,1,1.8,FALSE,91.0,TRUE,96.0,Not_Applicable,88,TRUE,135,26,None,None,0,FALSE,1.06,Tier_1_National,5.8,1.14,4.8,Surplus,18,0.32,0.10,12.5,15,0.97,0
RVNL/SKU-PAD/2020,Suku to Padua OHE Railway Doubling Works Koraput,Transport,Central,Odisha,Koraput,Completed,Linear,Railways_Act_1989,Railway,Physical_Possession_Taken,1450,Mountainous_Forest_and_Tribal,48.0,120,0,1.8,FALSE,100.0,FALSE,97.5,Stage_2_Final_Approved,35,TRUE,45,8,None,None,5,FALSE,1.15,Tier_2_Regional,8.2,1.05,5.2,Adequate,24,0.65,0.22,12.0,16,0.96,120
MORTH/KTK-CR/2021,Channarayapattana Town Bypass and Four Laning NH-75,Transport,Central,Karnataka,Hassan (Channarayapatna),Completed,Linear,NH_Act_1956,Highway,Physical_Possession_Taken,1650,Private_Agricultural,85.0,320,0,1.2,FALSE,99.5,TRUE,98.5,Not_Applicable,45,TRUE,65,18,None,None,0,FALSE,0.98,Tier_2_Regional,5.2,1.18,4.5,Surplus,16,0.30,0.10,16.0,12,0.99,0
NHAI/RJK-PR/2022,Rajkot International Airport Six Lane Highway Spur,Transport,Central,Gujarat,Rajkot (Hirasar Airport Link),Completed,Linear,NH_Act_1956,Highway,Physical_Possession_Taken,980,Government_Arid_Wasteland_and_Private,54.0,110,0,0.5,FALSE,100.0,TRUE,99.0,Not_Applicable,32,TRUE,28,6,None,None,0,FALSE,0.92,Tier_1_National,4.2,1.22,4.2,Surplus,14,0.15,0.06,32.0,10,0.99,0
NHAI/PAN-BMD/2021,Paniyala to Barodameo 6-Lane Access Controlled Highway,Transport,Central,Rajasthan & Haryana,Kotputli to Alwar,Ongoing,Linear,NH_Act_1956,Highway,Physical_Possession_Taken,1150,Private_Agricultural_and_Aravalli,480.0,1450,1,2.0,FALSE,96.5,TRUE,97.5,Stage_2_Final_Approved,110,TRUE,180,32,None,None,0,FALSE,1.06,Tier_1_National,6.0,1.15,4.8,Surplus,18,0.20,0.08,22.0,14,0.98,120
NHAI/MYS-KUSH/2022,Mysuru Madikeri Economic Corridor Kushalnagar Pkg 1,Transport,Central,Karnataka,Mysuru & Kodagu,Ongoing,Linear,NH_Act_1956,Highway,Section_3G_Award,750,Private_Agricultural_and_Plantation,220.0,680,1,2.5,FALSE,88.5,TRUE,96.0,Stage_1_In_Principle,85,TRUE,110,24,None,Tree_Felling_Protest,15,FALSE,1.10,Tier_1_National,6.5,1.12,5.0,Adequate,22,0.72,0.20,8.5,15,0.96,90
NHAI/HYD-BZA/2021,Hyderabad Vijayawada 6-Laning Expansion NH-65,Transport,Central,Telangana & Andhra Pradesh,Nalgonda Suryapet Krishna,Completed,Linear,NH_Act_1956,Highway,Physical_Possession_Taken,2450,Private_Agricultural,310.0,1280,0,1.4,FALSE,99.8,TRUE,98.5,Not_Applicable,140,TRUE,210,48,None,None,0,FALSE,0.98,Tier_1_National,5.2,1.18,4.6,Surplus,18,0.32,0.10,12.0,12,0.99,0
NHAI/VIZ-BHO/2022,Visakhapatnam Bhogapuram 6-Lane Beach Corridor Highway,Transport,Central,Andhra Pradesh,Visakhapatnam & Vizianagaram,Ongoing,Linear,NH_Act_1956,Highway,Section_3G_Award,680,Coastal_and_Private_Agricultural,165.0,780,1,2.8,FALSE,89.5,TRUE,96.0,Stage_2_Final_Approved,95,TRUE,140,35,None,CRZ_Coastal_Regulation_Clearance,10,FALSE,1.08,Tier_1_National,6.2,1.14,4.9,Surplus,18,0.48,0.15,4.5,14,0.97,45
NHAI/NGP-HYD/2020,Nagpur Hyderabad NH-44 Four to Six Laning Adilabad,Transport,Central,Maharashtra & Telangana,Yavatmal Adilabad Nizamabad,Completed,Linear,NH_Act_1956,Highway,Physical_Possession_Taken,2180,Forest_and_Agricultural,380.0,1150,0,1.8,FALSE,99.5,TRUE,98.0,Stage_2_Final_Approved,120,TRUE,190,32,None,Tiger_Corridor_Mitigation,12,FALSE,1.05,Tier_1_National,5.8,1.15,4.8,Surplus,18,0.35,0.12,14.0,14,0.98,60
NHAI/DEL-JAI/2020,Delhi Jaipur NH-48 Pavement Overlay Flyover Reconstruction,Transport,Central,Haryana & Rajasthan,Gurugram Rewari Kotputli,Completed,Linear,NH_Act_1956,Highway,Physical_Possession_Taken,1850,Private_Urban_Commercial,48.0,240,0,1.0,FALSE,100.0,TRUE,98.5,Not_Applicable,160,TRUE,65,110,None,None,0,FALSE,1.10,Tier_1_National,7.5,1.10,4.9,Surplus,16,0.18,0.08,22.0,12,0.97,180
NHAI/KNP-LKO/2021,Lucknow Kanpur 6-Lane Access Controlled Expressway Pkg 1,Transport,Central,Uttar Pradesh,Lucknow to Unnao,Ongoing,Linear,NH_Act_1956,Highway,Physical_Possession_Taken,1150,Private_Agricultural_and_Semi_Urban,240.0,920,0,1.5,FALSE,98.0,TRUE,98.0,Stage_1_In_Principle,115,TRUE,180,38,None,None,0,FALSE,1.04,Tier_1_National,5.2,1.16,4.6,Surplus,16,0.30,0.10,12.0,12,0.98,90
NHAI/KNP-LKO/2021,Lucknow Kanpur 6-Lane Access Controlled Expressway Pkg 2,Transport,Central,Uttar Pradesh,Unnao to Kanpur (Ganga Bridge),Ongoing,Linear,NH_Act_1956,Highway,Physical_Possession_Taken,1120,Private_Agricultural_and_Alluvial,265.0,980,0,1.6,FALSE,97.5,TRUE,97.5,Stage_1_In_Principle,120,TRUE,195,42,None,None,0,FALSE,1.06,Tier_1_National,5.5,1.15,4.8,Surplus,18,0.35,0.12,10.5,14,0.97,120
NHAI/GOR-VNS/2020,Gorakhpur Varanasi NH-29 Four Laning Mau Section,Transport,Central,Uttar Pradesh,Mau & Ghazipur,Completed,Linear,NH_Act_1956,Highway,Physical_Possession_Taken,2450,Private_Agricultural,280.0,1120,0,1.2,FALSE,100.0,TRUE,98.5,Not_Applicable,95,TRUE,160,30,None,None,0,FALSE,0.98,Tier_1_National,5.0,1.18,4.5,Surplus,16,0.40,0.12,8.0,12,0.99,30
NHAI/AGR-GWL/2022,Agra Gwalior 6-Lane Access Controlled Greenfield Highway,Transport,Central,Uttar Pradesh & Rajasthan & MP,Agra Dholpur Morena Gwalior,Ongoing,Linear,NH_Act_1956,Highway,Section_3G_Award,780,Private_Agricultural_and_Chambal_Ravines,440.0,1250,1,2.4,FALSE,89.5,TRUE,96.5,Stage_2_Final_Approved,110,TRUE,160,34,None,Chambal_Sanctuary_Eco_Clearance,15,FALSE,1.08,Tier_1_National,6.2,1.12,4.9,Surplus,18,0.28,0.10,16.5,14,0.97,90
NHAI/JAL-MOG/2021,Jalandhar Moga NH-703 Four Laning Shahkot Section,Transport,Central,Punjab,Jalandhar & Moga,Completed,Linear,NH_Act_1956,Highway,Physical_Possession_Taken,1650,Private_Agricultural,180.0,620,0,1.5,FALSE,99.5,TRUE,98.0,Not_Applicable,72,TRUE,110,20,None,None,0,FALSE,1.02,Tier_1_National,5.5,1.15,4.7,Surplus,16,0.22,0.08,12.0,12,0.98,0
NHAI/AMR-BAT/2021,Amritsar Bathinda NH-54 6-Lane Greenfield Pkg 1,Transport,Central,Punjab,Amritsar & Tarn Taran,Ongoing,Linear,NH_Act_1956,Highway,Section_3G_Award,850,Private_Agricultural,260.0,890,1,2.2,FALSE,88.5,TRUE,95.5,Not_Applicable,95,TRUE,150,25,None,Farmer_Compensation_Protest,15,TRUE,1.10,Tier_1_National,6.5,1.10,4.9,Adequate,18,0.20,0.08,12.5,15,0.96,120
NHAI/LKO-AYD/2020,Lucknow Ayodhya NH-27 Six Laning Capacity Augmentation,Transport,Central,Uttar Pradesh,Barabanki & Ayodhya,Completed,Linear,NH_Act_1956,Highway,Physical_Possession_Taken,1980,Private_Agricultural_and_Urban,145.0,780,0,1.0,FALSE,100.0,TRUE,98.5,Not_Applicable,115,TRUE,140,38,None,None,0,FALSE,0.94,Tier_1_National,4.8,1.20,4.4,Surplus,15,0.30,0.08,10.0,12,0.99,0
NHAI/RBL-PRY/2021,Rae Bareli Prayagraj NH-30 Four Laning Jagatpur Section,Transport,Central,Uttar Pradesh,Rae Bareli & Prayagraj,Completed,Linear,NH_Act_1956,Highway,Physical_Possession_Taken,2180,Private_Agricultural,220.0,850,0,1.4,FALSE,99.2,TRUE,98.0,Not_Applicable,90,TRUE,130,24,None,None,0,FALSE,0.98,Tier_1_National,5.2,1.18,4.5,Surplus,16,0.34,0.09,8.5,12,0.98,30
NHAI/JHS-KNP/2019,Jhansi Kanpur NH-27 Pavement Reconstruction Orai Bypass,Transport,Central,Uttar Pradesh,Jalaun (Orai),Completed,Linear,NH_Act_1956,Highway,Physical_Possession_Taken,2250,Private_Agricultural_Bundelkhand,85.0,380,0,1.0,FALSE,100.0,TRUE,98.5,Not_Applicable,52,TRUE,75,16,None,None,0,FALSE,0.95,Tier_1_National,4.8,1.20,4.3,Surplus,14,0.28,0.09,12.0,12,0.99,0
NHAI/BPL-JBL/2020,Bhopal Jabalpur NH-45 Four Laning Hoshangabad Section,Transport,Central,Madhya Pradesh,Raisen & Narsinghpur,Completed,Linear,NH_Act_1956,Highway,Physical_Possession_Taken,2450,Private_Agricultural_and_Forest,295.0,980,1,1.8,FALSE,99.0,TRUE,97.5,Stage_2_Final_Approved,110,TRUE,180,32,None,None,0,FALSE,1.04,Tier_1_National,5.8,1.15,4.7,Surplus,18,0.32,0.12,13.0,14,0.98,60
NHAI/RPR-BIL/2019,Raipur Bilaspur NH-130 Six Laning Simga Section,Transport,Central,Chhattisgarh,Baloda Bazar & Bilaspur,Completed,Linear,NH_Act_1956,Highway,Physical_Possession_Taken,2650,Private_Agricultural,240.0,850,0,1.2,FALSE,100.0,TRUE,98.5,Not_Applicable,95,TRUE,140,28,None,None,0,FALSE,0.96,Tier_1_National,5.0,1.18,4.5,Surplus,16,0.38,0.12,11.0,12,0.99,0
NHAI/BIL-URG/2021,Bilaspur Urga Greenfield 4-Lane Highway Bharat Mala,Transport,Central,Chhattisgarh,Bilaspur & Korba,Ongoing,Linear,NH_Act_1956,Highway,Section_3G_Award,820,Private_Agricultural_and_Coal_RoW,260.0,780,1,2.2,FALSE,91.0,TRUE,96.0,Stage_1_In_Principle,85,TRUE,120,24,None,None,0,FALSE,1.08,Tier_1_National,6.2,1.14,4.9,Surplus,18,0.40,0.14,10.0,15,0.97,45
NHAI/URG-PAT/2022,Urga Pathalgaon 4-Lane Greenfield Highway Bharat Mala,Transport,Central,Chhattisgarh,Korba & Jashpur,Ongoing,Linear,NH_Act_1956,Highway,Section_3G_Award,750,Forest_and_Tribal_Agricultural,310.0,920,1,3.5,FALSE,85.5,TRUE,94.5,Stage_2_Final_Approved,110,TRUE,165,30,None,None,10,FALSE,1.12,Tier_1_National,7.5,1.08,5.1,Adequate,22,0.48,0.18,9.0,16,0.95,90
NHAI/PAT-RCH/2022,Pathalgaon Kunkuri Gumla Ranchi Corridor Pkg 1,Transport,Central,Chhattisgarh & Jharkhand,Jashpur to Gumla,Ongoing,Linear,NH_Act_1956,Highway,Section_3G_Award,720,Forest_and_Tribal_Agricultural,280.0,850,1,3.8,FALSE,84.0,TRUE,94.0,Stage_2_Final_Approved,95,TRUE,145,26,None,None,10,FALSE,1.15,Tier_1_National,8.0,1.06,5.2,Adequate,22,0.50,0.18,9.5,16,0.95,90
NHAI/RNC-JMS/2020,Ranchi Jamshedpur NH-33 Four Laning Rampur to Vikas,Transport,Central,Jharkhand,Ranchi & Khunti,Completed,Linear,NH_Act_1956,Highway,Physical_Possession_Taken,2980,Forest_Tribal_and_Private,210.0,850,2,3.5,FALSE,98.5,TRUE,96.0,Stage_2_Final_Approved,115,TRUE,180,38,None,None,15,FALSE,1.22,Tier_1_National,10.5,0.98,5.5,Adequate,25,0.50,0.18,10.0,18,0.95,730
NHAI/PAT-GYA/2020,Patna Gaya Dobhi NH-83 Four Laning Jehanabad Section,Transport,Central,Bihar,Patna Jehanabad Gaya,Ongoing,Linear,NH_Act_1956,Highway,Physical_Possession_Taken,2650,Private_Agricultural,340.0,1450,2,3.8,FALSE,95.0,TRUE,95.5,Not_Applicable,140,TRUE,280,55,None,Citizen_Activist_Protest,20,TRUE,1.25,Tier_1_National,11.5,0.98,5.4,Surplus,22,0.52,0.16,6.5,18,0.94,850
NHAI/RXL-PAT/2022,Raxaul Patna Greenfield 4-Lane Access Controlled Expressway,Transport,Central,Bihar,East Champaran to Patna (Ganga Bridge),Ongoing,Linear,NH_Act_1956,Highway,Section_3D/19_Declaration,580,Private_Agricultural_and_Riparian,520.0,2100,2,3.5,TRUE,38.0,TRUE,93.0,Stage_1_Applied,165,TRUE,310,65,None,None,0,FALSE,1.08,Tier_1_National,5.8,1.14,5.0,Surplus,20,0.65,0.20,3.5,18,0.96,0
NHAI/PAT-PUR/2022,Patna Purnea Greenfield 4-Lane Highway Samastipur Section,Transport,Central,Bihar,Vaishali Samastipur Saharsa Purnea,Ongoing,Linear,NH_Act_1956,Highway,Section_3A_Notification,480,Private_Agricultural_and_Floodplain,480.0,1850,1,3.2,TRUE,22.0,TRUE,93.5,Stage_1_Applied,140,TRUE,260,54,None,None,0,FALSE,1.05,Tier_1_National,5.2,1.16,4.8,Surplus,18,0.70,0.22,3.0,16,0.96,0
NHAI/DBH-JYN/2021,Darbhanga Jaynagar NH-527B Two Laning Paved Shoulder,Transport,Central,Bihar,Darbhanga & Madhubani,Completed,Linear,NH_Act_1956,Highway,Physical_Possession_Taken,1850,Private_Agricultural,110.0,420,0,1.8,FALSE,99.2,TRUE,97.5,Not_Applicable,52,TRUE,85,18,None,None,0,FALSE,1.02,Tier_2_Regional,5.8,1.15,4.7,Surplus,18,0.68,0.20,3.2,14,0.98,45
NHAI/MGR-PUR/2021,Munger Purnea NH-333B Ganga Bridge Approach Road,Transport,Central,Bihar,Munger & Khagaria,Completed,Point,NH_Act_1956,Bridge,Physical_Possession_Taken,2450,Riverbed_and_Riparian_Alluvial,45.0,180,0,1.2,FALSE,100.0,TRUE,98.5,Stage_2_Final_Approved,42,TRUE,35,8,None,None,0,FALSE,0.98,Tier_1_National,5.0,1.18,4.5,Surplus,16,0.78,0.25,2.0,12,0.99,0
NHAI/BGP-BRR/2022,Bhagalpur Barari Vikramshila Setu Parallel Bridge over Ganga,Transport,Central,Bihar,Bhagalpur & Naugachia,Ongoing,Point,NH_Act_1956,Bridge,Physical_Possession_Taken,1250,Riverbed_and_Alluvial_Diara,38.0,140,0,1.5,FALSE,98.0,TRUE,97.5,Stage_2_Final_Approved,35,TRUE,24,6,None,None,0,FALSE,1.04,Tier_1_National,5.2,1.16,4.6,Surplus,18,0.80,0.25,1.8,14,0.98,60
NHAI/KCH-BAL/2021,Katihar Balrampur NH-81 Two Laning Paved Shoulder,Transport,Central,Bihar,Katihar,Completed,Linear,NH_Act_1956,Highway,Physical_Possession_Taken,1720,Private_Agricultural,95.0,380,0,1.6,FALSE,99.0,TRUE,98.0,Not_Applicable,48,TRUE,65,15,None,None,0,FALSE,1.00,Tier_2_Regional,5.5,1.16,4.6,Surplus,18,0.72,0.20,3.0,14,0.98,30
NHAI/SLG-SLP/2021,Siliguri Jalpaiguri NH-27 Elevated Flyover at Dhupguri,Transport,Central,West Bengal,Jalpaiguri (Dhupguri),Completed,Point,NH_Act_1956,Highway,Physical_Possession_Taken,1850,Private_Urban_Commercial,18.5,120,0,1.0,FALSE,100.0,TRUE,98.5,Not_Applicable,65,TRUE,45,35,None,None,0,FALSE,0.96,Tier_1_National,5.0,1.18,4.5,Surplus,16,0.75,0.22,2.8,12,0.99,0
NHAI/BAR-DHB/2021,Barobisha to Assam Border NH-31C Four Laning Coochbehar,Transport,Central,West Bengal & Assam,Alipurduar to Dhubri Border,Completed,Linear,NH_Act_1956,Highway,Physical_Possession_Taken,2180,Tea_Garden_and_Agricultural,120.0,450,0,1.5,FALSE,100.0,TRUE,98.0,Stage_2_Final_Approved,55,TRUE,75,18,None,None,0,FALSE,1.02,Tier_1_National,5.5,1.15,4.7,Surplus,18,0.85,0.24,3.0,14,0.98,0
NHAI/JLP-MLD/2020,Farakka Raiganj NH-34 Four Laning Malda Bypass Section,Transport,Central,West Bengal,Malda,Completed,Linear,NH_Act_1956,Highway,Physical_Possession_Taken,2450,Private_Agricultural_and_Orchards,195.0,850,0,1.8,FALSE,99.5,TRUE,98.0,Not_Applicable,85,TRUE,140,32,None,None,0,FALSE,1.08,Tier_1_National,6.5,1.12,4.8,Surplus,20,0.68,0.18,4.0,14,0.98,180
NHAI/FRK-BRH/2020,Farakka Berhampore NH-34 Four Laning Murshidabad,Transport,Central,West Bengal,Murshidabad (Jangipur to Berhampore),Completed,Linear,NH_Act_1956,Highway,Physical_Possession_Taken,2550,Private_Agricultural,220.0,920,0,2.0,FALSE,99.0,TRUE,97.5,Not_Applicable,95,TRUE,165,38,None,None,0,FALSE,1.10,Tier_1_National,6.8,1.10,4.9,Surplus,20,0.65,0.18,4.2,14,0.97,240
NHAI/BRH-KRS/2020,Berhampore Krishnanagar NH-34 Four Laning Bethuadahari,Transport,Central,West Bengal,Nadia (Plassey to Krishnanagar),Ongoing,Linear,NH_Act_1956,Highway,Physical_Possession_Taken,2650,Private_Agricultural_and_Dense_Rural,240.0,1180,1,2.5,FALSE,96.5,TRUE,96.5,Not_Applicable,110,TRUE,210,48,None,None,0,FALSE,1.15,Tier_1_National,7.5,1.08,5.1,Surplus,22,0.65,0.18,4.5,15,0.96,480
NHAI/KRS-BRS/2021,Krishnanagar Barasat NH-34 Four Laning Ranaghat Bypass,Transport,Central,West Bengal,Nadia & North 24 Parganas,Ongoing,Linear,NH_Act_1956,Highway,Physical_Possession_Taken,2750,Private_Agricultural_and_Urban_Ribbon,285.0,1450,2,3.2,FALSE,94.0,TRUE,95.5,Not_Applicable,140,TRUE,320,68,None,None,10,FALSE,1.22,Tier_1_National,8.5,1.05,5.2,Surplus,22,0.68,0.20,3.8,16,0.95,730
NHAI/KOA-DGH/2021,Kolkata Digha NH-116B Four Laning Nandakumar to Contai,Transport,Central,West Bengal,Purba Medinipur,Ongoing,Linear,NH_Act_1956,Highway,Physical_Possession_Taken,1650,Coastal_and_Private_Agricultural,180.0,890,1,2.8,FALSE,95.5,TRUE,96.5,Stage_1_In_Principle,85,TRUE,190,42,None,None,0,FALSE,1.10,Tier_1_National,6.5,1.12,4.9,Surplus,20,0.72,0.22,2.5,15,0.97,180
NHAI/HLD-NDK/2020,Haldia Mecheda NH-41 Four Laning Port Connectivity,Transport,Central,West Bengal,Purba Medinipur (Tamluk to Haldia),Completed,Linear,NH_Act_1956,Highway,Physical_Possession_Taken,2450,Private_Agricultural_and_Industrial,165.0,780,0,1.5,FALSE,100.0,TRUE,98.5,Not_Applicable,90,TRUE,140,32,None,None,0,FALSE,0.98,Tier_1_National,5.2,1.18,4.5,Surplus,18,0.70,0.20,2.2,12,0.99,0
NHAI/KGP-BLS/2019,Kharagpur Baleshwar NH-60 Six Laning Dantan Section,Transport,Central,West Bengal & Odisha,Paschim Medinipur to Balasore,Completed,Linear,NH_Act_1956,Highway,Physical_Possession_Taken,2650,Private_Agricultural,295.0,1100,0,1.2,FALSE,100.0,TRUE,98.5,Stage_2_Final_Approved,115,TRUE,180,35,None,None,0,FALSE,0.95,Tier_1_National,5.0,1.20,4.4,Surplus,18,0.60,0.16,5.5,12,0.99,0
NHAI/BLS-CTC/2019,Balasore Cuttack NH-16 Six Laning Bhadrak Panikoili,Transport,Central,Odisha,Balasore Bhadrak Jajpur Cuttack,Completed,Linear,NH_Act_1956,Highway,Physical_Possession_Taken,2750,Private_Agricultural_and_River_Crossings,340.0,1420,0,1.5,FALSE,99.8,TRUE,98.0,Stage_2_Final_Approved,140,TRUE,240,48,None,None,0,FALSE,1.02,Tier_1_National,5.5,1.16,4.6,Surplus,20,0.65,0.18,4.0,14,0.98,60
NHAI/BBS-PURI/2018,Bhubaneswar Puri NH-316 Four Laning Pipili Bypass,Transport,Central,Odisha,Khurda & Puri,Completed,Linear,NH_Act_1956,Highway,Physical_Possession_Taken,2950,Private_Agricultural_and_Pilgrimage_RoW,185.0,850,0,1.0,FALSE,100.0,TRUE,99.0,Not_Applicable,85,TRUE,140,38,Religious_Shrine,None,0,FALSE,0.92,Tier_1_National,4.5,1.22,4.2,Surplus,16,0.65,0.18,3.5,12,0.99,0
NHAI/CTC-BBS/2018,Cuttack Bhubaneswar NH-16 Eight Laning Barabati Link,Transport,Central,Odisha,Cuttack & Khurda,Completed,Linear,NH_Act_1956,Highway,Physical_Possession_Taken,2850,Private_Urban_Commercial,95.0,620,0,1.2,FALSE,100.0,TRUE,98.5,Not_Applicable,110,TRUE,120,65,None,None,0,FALSE,0.96,Tier_1_National,5.0,1.20,4.4,Surplus,18,0.60,0.16,4.5,12,0.99,0
NHAI/BBS-BAM/2020,Bhubaneswar Brahmapur NH-16 Six Laning Chilika Section,Transport,Central,Odisha,Khurda & Ganjam (Chilika Lake Rim),Ongoing,Linear,NH_Act_1956,Highway,Physical_Possession_Taken,2150,Coastal_and_Private_Agricultural,280.0,980,1,2.0,FALSE,97.5,TRUE,97.0,Stage_2_Final_Approved,95,TRUE,165,30,None,Chilika_Eco_Sensitive_Zone_Compliance,10,FALSE,1.08,Tier_1_National,6.2,1.14,4.8,Surplus,20,0.68,0.20,2.5,14,0.97,90
NHAI/BAM-ICL/2020,Brahmapur Ichchapuram NH-16 Six Laning AP Border,Transport,Central,Odisha & Andhra Pradesh,Ganjam to Srikakulam,Completed,Linear,NH_Act_1956,Highway,Physical_Possession_Taken,2250,Private_Agricultural,165.0,620,0,1.4,FALSE,99.5,TRUE,98.0,Not_Applicable,72,TRUE,95,20,None,None,0,FALSE,1.00,Tier_1_National,5.2,1.18,4.5,Surplus,18,0.55,0.16,4.8,12,0.99,0
NHAI/SKL-VZM/2020,Srikakulam Vizianagaram NH-16 Six Laning Ranasthalam,Transport,Central,Andhra Pradesh,Srikakulam & Vizianagaram,Completed,Linear,NH_Act_1956,Highway,Physical_Possession_Taken,2380,Private_Agricultural,210.0,780,0,1.2,FALSE,100.0,TRUE,98.5,Not_Applicable,85,TRUE,130,24,None,None,0,FALSE,0.98,Tier_1_National,5.0,1.20,4.4,Surplus,16,0.52,0.15,5.5,12,0.99,0
NHAI/VZM-VSP/2020,Vizianagaram Visakhapatnam NH-16 Six Laning Anandapuram,Transport,Central,Andhra Pradesh,Vizianagaram & Visakhapatnam,Completed,Linear,NH_Act_1956,Highway,Physical_Possession_Taken,2450,Private_Urban_and_Agricultural,185.0,820,0,1.5,FALSE,99.8,TRUE,98.0,Not_Applicable,95,TRUE,150,38,None,None,0,FALSE,1.02,Tier_1_National,5.5,1.16,4.6,Surplus,18,0.48,0.14,6.0,12,0.98,30
NHAI/VSP-AKP/2020,Visakhapatnam Anakapalle NH-16 Six Laning Steel Plant,Transport,Central,Andhra Pradesh,Visakhapatnam (Anakapalli Bypass),Completed,Linear,NH_Act_1956,Highway,Physical_Possession_Taken,2650,Industrial_and_Private_Urban,145.0,720,0,1.2,FALSE,100.0,TRUE,98.5,Not_Applicable,110,TRUE,140,45,None,None,0,FALSE,0.96,Tier_1_National,5.0,1.20,4.3,Surplus,16,0.45,0.14,5.0,12,0.99,0
NHAI/AKP-TNP/2020,Anakapalle Tuni NH-16 Six Laning Payakaraopeta,Transport,Central,Andhra Pradesh,Anakapalli & Kakinada,Completed,Linear,NH_Act_1956,Highway,Physical_Possession_Taken,2450,Private_Agricultural,240.0,850,0,1.4,FALSE,99.5,TRUE,98.0,Not_Applicable,85,TRUE,125,24,None,None,0,FALSE,1.00,Tier_1_National,5.2,1.18,4.5,Surplus,18,0.45,0.14,6.5,12,0.99,0
NHAI/TNP-RJY/2020,Tuni Rajahmundry NH-16 Six Laning Samalkot Bypass,Transport,Central,Andhra Pradesh,Kakinada & East Godavari,Completed,Linear,NH_Act_1956,Highway,Physical_Possession_Taken,2550,Private_Agricultural_and_Canals,265.0,920,0,1.5,FALSE,99.8,TRUE,98.0,Not_Applicable,95,TRUE,145,28,None,None,0,FALSE,1.02,Tier_1_National,5.5,1.16,4.6,Surplus,18,0.50,0.15,5.5,12,0.98,0
NHAI/RJY-GND/2020,Rajahmundry Gundugolanu NH-16 Six Laning Godavari Bridge,Transport,Central,Andhra Pradesh,East & West Godavari,Completed,Linear,NH_Act_1956,Highway,Physical_Possession_Taken,2750,Private_Agricultural_and_Godavari_Riverbed,295.0,1050,0,1.6,FALSE,99.2,TRUE,98.0,Stage_2_Final_Approved,125,TRUE,180,35,None,None,0,FALSE,1.04,Tier_1_National,5.8,1.15,4.7,Surplus,18,0.55,0.16,4.5,14,0.98,45
NHAI/GND-VJY/2020,Gundugolanu Vijayawada NH-16 Six Laning Eluru Bypass,Transport,Central,Andhra Pradesh,Eluru & Krishna,Completed,Linear,NH_Act_1956,Highway,Physical_Possession_Taken,2650,Private_Agricultural,240.0,890,0,1.2,FALSE,100.0,TRUE,98.5,Not_Applicable,95,TRUE,140,28,None,None,0,FALSE,0.98,Tier_1_National,5.0,1.20,4.4,Surplus,16,0.45,0.14,6.0,12,0.99,0
NHAI/VJY-GNT/2019,Vijayawada Guntur NH-16 Eight Laning Kanaka Durga Link,Transport,Central,Andhra Pradesh,Krishna & Guntur,Completed,Linear,NH_Act_1956,Highway,Physical_Possession_Taken,2850,Private_Urban_Commercial_and_Krishna_RoW,95.0,680,0,1.0,FALSE,100.0,TRUE,99.0,Not_Applicable,140,TRUE,165,58,None,None,0,FALSE,0.94,Tier_1_National,4.5,1.22,4.2,Surplus,15,0.42,0.12,6.5,10,0.99,0
NHAI/GNT-OGL/2020,Guntur Ongole NH-16 Six Laning Chilakaluripet Bypass,Transport,Central,Andhra Pradesh,Guntur Palnadu Bapatla Prakasam,Completed,Linear,NH_Act_1956,Highway,Physical_Possession_Taken,2550,Private_Agricultural,295.0,1120,0,1.4,FALSE,99.5,TRUE,98.0,Not_Applicable,110,TRUE,175,32,None,None,0,FALSE,1.00,Tier_1_National,5.2,1.18,4.5,Surplus,18,0.38,0.12,9.0,12,0.98,0
NHAI/OGL-NLR/2020,Ongole Nellore NH-16 Six Laning Kavali Bypass Section,Transport,Central,Andhra Pradesh,Prakasam & Nellore,Completed,Linear,NH_Act_1956,Highway,Physical_Possession_Taken,2450,Private_Agricultural,310.0,1180,0,1.2,FALSE,100.0,TRUE,98.5,Not_Applicable,115,TRUE,180,35,None,None,0,FALSE,0.98,Tier_1_National,5.0,1.20,4.4,Surplus,16,0.35,0.12,10.0,12,0.99,0
NHAI/NLR-TDP/2020,Nellore Tada NH-16 Six Laning Gudur Naidupeta Section,Transport,Central,Andhra Pradesh,Nellore & Tirupati,Completed,Linear,NH_Act_1956,Highway,Physical_Possession_Taken,2650,Private_Agricultural,280.0,1050,0,1.4,FALSE,99.8,TRUE,98.0,Not_Applicable,120,TRUE,190,38,None,None,0,FALSE,1.02,Tier_1_National,5.5,1.16,4.6,Surplus,18,0.40,0.14,8.5,12,0.98,30
NHAI/TDP-CHN/2020,Tada Chennai NH-16 Six Laning Gummidipoondi Karanodai,Transport,Central,Tamil Nadu,Tiruvallur,Completed,Linear,NH_Act_1956,Highway,Physical_Possession_Taken,2850,Private_Industrial_and_Urban,145.0,850,0,1.2,FALSE,100.0,TRUE,98.5,Not_Applicable,160,TRUE,185,65,None,None,0,FALSE,0.98,Tier_1_National,5.0,1.20,4.4,Surplus,16,0.45,0.15,6.0,12,0.99,0
NHAI/CHN-TPR/2021,Chennai Bypass Elevated Corridor Irumbuliyur to Maduravoyal,Transport,Central,Tamil Nadu,Chennai & Chengalpattu,Ongoing,Linear,NH_Act_1956,Highway,Physical_Possession_Taken,1450,Private_Urban_Commercial,28.0,450,1,2.0,FALSE,97.0,TRUE,97.5,Not_Applicable,140,TRUE,95,140,None,None,0,FALSE,1.06,Tier_1_National,5.8,1.15,4.7,Surplus,18,0.42,0.14,5.0,14,0.98,60
NHAI/TPR-KNC/2021,Tambaram Kanchipuram NH-48 Six Laning Walajabad Link,Transport,Central,Tamil Nadu,Chengalpattu & Kanchipuram,Completed,Linear,NH_Act_1956,Highway,Physical_Possession_Taken,2180,Private_Agricultural_and_Industrial,185.0,820,0,1.2,FALSE,99.5,TRUE,98.0,Not_Applicable,95,TRUE,140,32,None,None,0,FALSE,1.00,Tier_1_National,5.2,1.18,4.5,Surplus,16,0.38,0.12,8.5,12,0.99,0
NHAI/KNC-WJP/2021,Kanchipuram Walajahpet NH-48 Six Laning Ranipet Section,Transport,Central,Tamil Nadu,Kanchipuram & Ranipet,Completed,Linear,NH_Act_1956,Highway,Physical_Possession_Taken,2250,Private_Agricultural,210.0,890,0,1.0,FALSE,100.0,TRUE,98.5,Not_Applicable,110,TRUE,155,28,None,None,0,FALSE,0.98,Tier_1_National,5.0,1.20,4.4,Surplus,16,0.35,0.12,9.0,12,0.99,0
NHAI/WJP-VLR/2020,Walajahpet Vellore NH-48 Six Laning Palar River Bridge,Transport,Central,Tamil Nadu,Ranipet & Vellore,Completed,Linear,NH_Act_1956,Highway,Physical_Possession_Taken,2450,Private_Agricultural_and_Palar_Riverbed,165.0,740,0,1.2,FALSE,100.0,TRUE,98.5,Stage_2_Final_Approved,85,TRUE,120,24,None,None,0,FALSE,0.96,Tier_1_National,4.8,1.20,4.3,Surplus,15,0.32,0.10,10.0,12,0.99,0
NHAI/VLR-VNB/2020,Vellore Vaniyambadi NH-48 Six Laning Ambur Bypass,Transport,Central,Tamil Nadu,Vellore & Tirupathur,Completed,Linear,NH_Act_1956,Highway,Physical_Possession_Taken,2380,Private_Agricultural_and_Leather_Cluster,195.0,810,0,1.4,FALSE,99.8,TRUE,98.0,Not_Applicable,95,TRUE,135,26,None,None,0,FALSE,1.00,Tier_1_National,5.0,1.18,4.5,Surplus,16,0.30,0.10,11.0,12,0.98,0
NHAI/VNB-HSR/2020,Vaniyambadi Hosur NH-48 Six Laning Krishnagiri Section,Transport,Central,Tamil Nadu,Tirupathur & Krishnagiri,Completed,Linear,NH_Act_1956,Highway,Physical_Possession_Taken,2550,Private_Agricultural_and_Hilly_Ghat,240.0,950,0,1.5,FALSE,99.5,TRUE,98.0,Stage_2_Final_Approved,115,TRUE,165,30,None,None,0,FALSE,1.02,Tier_1_National,5.5,1.16,4.6,Surplus,18,0.28,0.10,14.0,14,0.98,30
NHAI/HSR-BNG/2020,Hosur Bengaluru NH-48 Eight Laning Electronic City Tollway,Transport,Central,Tamil Nadu & Karnataka,Krishnagiri to Bengaluru Urban,Completed,Linear,NH_Act_1956,Highway,Physical_Possession_Taken,2850,Private_Urban_Commercial,110.0,920,0,1.0,FALSE,100.0,TRUE,99.0,Not_Applicable,180,TRUE,140,85,None,None,0,FALSE,0.94,Tier_1_National,4.5,1.22,4.2,Surplus,15,0.25,0.08,16.0,10,0.99,0
NHAI/BNG-TUM/2020,Bengaluru Tumakuru NH-48 Six Laning Nelamangala Expressway,Transport,Central,Karnataka,Bengaluru Rural & Tumakuru,Completed,Linear,NH_Act_1956,Highway,Physical_Possession_Taken,2980,Private_Urban_and_Agricultural,165.0,1120,0,1.2,FALSE,100.0,TRUE,98.5,Not_Applicable,140,TRUE,180,48,None,None,0,FALSE,0.96,Tier_1_National,4.8,1.20,4.4,Surplus,16,0.25,0.08,18.0,12,0.99,0
NHAI/TUM-SRA/2021,Tumakuru Sira NH-48 Six Laning Capacity Augmentation,Transport,Central,Karnataka,Tumakuru,Completed,Linear,NH_Act_1956,Highway,Physical_Possession_Taken,2180,Private_Agricultural_Arid,210.0,780,0,1.0,FALSE,100.0,TRUE,98.5,Not_Applicable,85,TRUE,120,20,None,None,0,FALSE,0.98,Tier_1_National,5.0,1.18,4.5,Surplus,16,0.22,0.08,22.0,12,0.99,0
NHAI/SRA-CTA/2021,Sira Chitradurga NH-48 Six Laning Hiriyur Section,Transport,Central,Karnataka,Tumakuru & Chitradurga,Completed,Linear,NH_Act_1956,Highway,Physical_Possession_Taken,2250,Private_Agricultural_Arid,240.0,850,0,1.2,FALSE,99.8,TRUE,98.0,Not_Applicable,95,TRUE,135,22,None,None,0,FALSE,1.00,Tier_1_National,5.2,1.18,4.5,Surplus,18,0.20,0.08,24.0,12,0.98,0
NHAI/CTA-DVG/2021,Chitradurga Davangere NH-48 Six Laning bypass Section,Transport,Central,Karnataka,Chitradurga & Davangere,Completed,Linear,NH_Act_1956,Highway,Physical_Possession_Taken,2380,Private_Agricultural,220.0,820,0,1.2,FALSE,100.0,TRUE,98.5,Not_Applicable,88,TRUE,125,24,None,None,0,FALSE,0.98,Tier_1_National,5.0,1.20,4.4,Surplus,16,0.24,0.09,20.0,12,0.99,0
NHAI/DVG-HVR/2021,Davangere Haveri NH-48 Six Laning Ranibennur Bypass,Transport,Central,Karnataka,Davangere & Haveri,Completed,Linear,NH_Act_1956,Highway,Physical_Possession_Taken,2450,Private_Agricultural,210.0,790,0,1.0,FALSE,100.0,TRUE,98.5,Not_Applicable,82,TRUE,115,22,None,None,0,FALSE,0.96,Tier_1_National,4.8,1.20,4.4,Surplus,16,0.25,0.09,19.0,12,0.99,0
NHAI/HVR-HBL/2021,Haveri Hubballi NH-48 Six Laning Shiggaon Section,Transport,Central,Karnataka,Haveri & Dharwad,Completed,Linear,NH_Act_1956,Highway,Physical_Possession_Taken,2480,Private_Agricultural,230.0,840,0,1.2,FALSE,99.8,TRUE,98.0,Not_Applicable,90,TRUE,130,26,None,None,0,FALSE,1.00,Tier_1_National,5.0,1.18,4.5,Surplus,18,0.26,0.10,18.0,12,0.98,0
NHAI/HBL-DHR/2020,Hubballi Dharwad Bypass NH-48 Six Laning Expressway,Transport,Central,Karnataka,Dharwad (Hubballi to Dharwad),Ongoing,Linear,NH_Act_1956,Highway,Physical_Possession_Taken,1250,Private_Urban_and_Agricultural,145.0,780,0,1.5,FALSE,98.5,TRUE,98.0,Not_Applicable,110,TRUE,140,35,None,None,0,FALSE,1.04,Tier_1_National,5.5,1.16,4.6,Surplus,18,0.28,0.10,16.0,12,0.98,60
NHAI/DHR-BLG/2021,Dharwad Belagavi NH-48 Six Laning Kittur Section,Transport,Central,Karnataka,Dharwad & Belagavi,Completed,Linear,NH_Act_1956,Highway,Physical_Possession_Taken,2250,Private_Agricultural_and_Hilly,260.0,890,0,1.4,FALSE,99.5,TRUE,98.0,Stage_2_Final_Approved,95,TRUE,145,28,None,None,0,FALSE,1.02,Tier_1_National,5.2,1.18,4.5,Surplus,18,0.30,0.10,15.0,14,0.98,0
NHAI/BLG-MH/2021,Belagavi Maharashtra Border NH-48 Six Laning Nipani,Transport,Central,Karnataka & Maharashtra,Belagavi to Kolhapur,Completed,Linear,NH_Act_1956,Highway,Physical_Possession_Taken,2380,Private_Agricultural,245.0,880,0,1.2,FALSE,100.0,TRUE,98.5,Not_Applicable,90,TRUE,135,25,None,None,0,FALSE,0.98,Tier_1_National,5.0,1.20,4.4,Surplus,16,0.32,0.10,14.0,12,0.99,0
NHAI/KLP-ST/2020,Kolhapur Satara NH-48 Six Laning Karad Bypass Section,Transport,Central,Maharashtra,Kolhapur & Satara,Completed,Linear,NH_Act_1956,Highway,Physical_Possession_Taken,2650,Private_Agricultural_and_Krishna_Basin,320.0,1250,0,1.5,FALSE,99.5,TRUE,98.0,Not_Applicable,115,TRUE,180,38,None,None,0,FALSE,1.04,Tier_1_National,5.5,1.16,4.6,Surplus,18,0.35,0.12,12.0,14,0.98,45
NHAI/ST-PUN/2020,Satara Pune NH-48 Six Laning Shirwal Khambatki Ghat Tunnel,Transport,Central,Maharashtra,Satara & Pune,Completed,Linear,NH_Act_1956,Highway,Physical_Possession_Taken,2850,Mountainous_Forest_and_Agricultural,295.0,1180,1,2.0,FALSE,99.0,TRUE,97.5,Stage_2_Final_Approved,140,TRUE,210,45,None,Khambatki_Ghat_Safety_Revamp,10,FALSE,1.10,Tier_1_National,6.5,1.14,4.8,Surplus,20,0.35,0.12,14.0,15,0.97,180
MSRDC/PUN-MUM/2020,Mumbai Pune Expressway Missing Link Tunnel & Viaduct,Transport,State,Maharashtra,Raigad & Pune (Khopoli to Kusgaon),Ongoing,Linear,LARR_Act_2013,Expressway,Physical_Possession_Taken,1980,Mountainous_Forest_Western_Ghats,165.0,140,1,1.8,FALSE,98.0,FALSE,97.0,Stage_2_Final_Approved,65,TRUE,25,4,None,Cable_Stayed_Viaduct_Wind_Safety,15,FALSE,1.22,Tier_1_National,11.5,0.98,5.4,Adequate,26,0.70,0.22,35.0,18,0.96,480
MMRDA/SCLR-EXT/2018,Santa Cruz Chembur Link Road Elevated Extension Vakola,Transport,State,Maharashtra,Mumbai Suburban (Kurla to Vakola),Completed,Point,LARR_Act_2013,Elevated_Road,Physical_Possession_Taken,2450,Government_and_Private_Urban,14.5,420,1,2.0,FALSE,100.0,FALSE,98.0,Not_Applicable,85,TRUE,120,95,None,None,0,FALSE,1.08,Tier_1_National,6.2,1.14,4.8,Surplus,16,0.55,0.18,2.8,12,0.98,90
MMRDA/BKC-EEH/2018,BKC Chunabhatti Elevated Flyover over Mithi River,Transport,State,Maharashtra,Mumbai Suburban (BKC to EEH),Completed,Point,LARR_Act_2013,Elevated_Road,Physical_Possession_Taken,2650,Coastal_Mangrove_and_Urban,18.0,180,0,0.5,FALSE,100.0,FALSE,98.5,Stage_2_Final_Approved,65,TRUE,45,22,None,Mangrove_Clearance_Litigation,0,FALSE,1.05,Tier_1_National,5.8,1.16,4.6,Surplus,16,0.65,0.20,1.2,12,0.99,60
MMRDA/COAST-S/2018,Mumbai Coastal Road Project South Princess Street to Worli,Transport,State,Maharashtra,Mumbai City (Marine Drive to Worli),Completed,Linear,LARR_Act_2013,Reclaimed_Coastal_Road,Physical_Possession_Taken,2180,Reclaimed_Sea_and_Marine,111.0,120,2,0.0,FALSE,100.0,FALSE,98.0,Stage_2_Final_Approved,110,TRUE,0,0,None,Fisherman_Navigation_Span_Litigation,25,TRUE,1.28,Tier_1_National,12.5,0.95,5.5,Adequate,28,0.72,0.28,0.5,18,0.96,620
MMRDA/COAST-N/2022,Mumbai Coastal Road North Extension Versova to Dahisar,Transport,State,Maharashtra,Mumbai Suburban (Versova to Dahisar),Ongoing,Linear,LARR_Act_2013,Reclaimed_Coastal_Road,Section_11_Preliminary_Notification,620,Coastal_Mangrove_Creek_and_Private,210.0,850,2,3.2,TRUE,28.0,FALSE,93.0,Stage_1_Applied,140,TRUE,310,120,None,Mangrove_Clearance_PIL,20,FALSE,1.15,Tier_1_National,8.5,1.05,5.2,Surplus,22,0.70,0.25,1.0,16,0.96,0
MMRDA/BWSL-VER/2019,Bandra Versova Sea Link 17.17 km Offshore Viaduct,Transport,State,Maharashtra,Mumbai Suburban (Bandra to Versova),Ongoing,Linear,LARR_Act_2013,Bridge,Physical_Possession_Taken,1850,Offshore_Marine_and_Casting_Yard,45.0,60,1,0.0,FALSE,94.5,FALSE,95.5,Stage_2_Final_Approved,45,TRUE,0,0,None,Fisherman_Casting_Yard_Litigation,30,TRUE,1.38,Tier_1_National,15.5,0.90,5.8,Adequate,35,0.75,0.30,0.5,20,0.94,820
MMRDA/TNC-ROB/2021,Thane Creek Bridge 3 Vashi Six Lane Expansion Bridge,Transport,State,Maharashtra,Mumbai & Thane (Sion Panvel Tollway),Ongoing,Point,LARR_Act_2013,Bridge,Physical_Possession_Taken,1250,Creek_Marine_and_Mangrove,16.5,0,0,0.0,FALSE,100.0,FALSE,98.0,Stage_2_Final_Approved,28,TRUE,0,0,None,None,0,FALSE,1.08,Tier_1_National,6.5,1.14,4.8,Surplus,18,0.65,0.22,0.5,14,0.98,90
MSRDC/VME-JNPT/2021,JNPT Port Connectivity Highway Expansion NH-4B,Transport,State,Maharashtra,Raigad (Uran to Kalamboli),Completed,Linear,NH_Act_1956,Highway,Physical_Possession_Taken,2450,Private_Industrial_and_Coastal,140.0,420,0,1.2,FALSE,100.0,TRUE,98.5,Stage_2_Final_Approved,85,TRUE,95,24,None,None,0,FALSE,0.98,Tier_1_National,5.2,1.18,4.5,Surplus,16,0.58,0.20,1.5,12,0.99,0
MSRDC/SME-P11/2018,Samruddhi Mahamarg Package 11 Nashik Igatpuri Tunnel,Transport,State,Maharashtra,Nashik (Igatpuri Ghat Section),Completed,Linear,LARR_Act_2013,Highway,Physical_Possession_Taken,1850,Mountainous_Forest_and_Western_Ghats,185.0,240,0,1.0,FALSE,100.0,FALSE,98.5,Stage_2_Final_Approved,45,TRUE,65,10,None,None,0,FALSE,1.02,Tier_1_National,5.5,1.16,4.6,Surplus,18,0.72,0.24,15.0,14,0.98,60
MSRDC/SME-P15/2018,Samruddhi Mahamarg Package 15 Kalyan Thane Approach,Transport,State,Maharashtra,Thane (Bhiwandi to Amane),Completed,Linear,LARR_Act_2013,Highway,Physical_Possession_Taken,1720,Private_Agricultural_and_Semi_Urban,145.0,620,0,1.5,FALSE,99.5,FALSE,98.0,Stage_2_Final_Approved,85,TRUE,140,32,None,None,0,FALSE,1.05,Tier_1_National,6.0,1.15,4.8,Surplus,18,0.55,0.18,8.5,14,0.98,90
CIDCO/PAL-TWN/2021,Palghar New District Headquarters Administrative Hub,Urban_Infrastructure,State,Maharashtra,Palghar (Kolegaon),Completed,Polygon,MRTP_Act_1966,Town_Planning,Physical_Possession_Taken,1980,Government_Agricultural,103.0,0,0,0.0,FALSE,100.0,FALSE,98.5,Not_Applicable,35,TRUE,0,0,None,None,0,FALSE,0.96,Tier_1_National,4.8,1.20,4.4,Surplus,15,0.42,0.14,10.0,12,0.99,0
MIDC/TAL-IT/2019,Talegaon Industrial Area Phase IV IT Engineering Hub,Industrial_Infrastructure,State,Maharashtra,Pune (Talegaon Dabhade),Completed,Polygon,MIDC_Act_1961,Industrial_Corridor,Physical_Possession_Taken,2450,Private_Agricultural,450.0,380,0,1.2,FALSE,100.0,FALSE,98.0,Not_Applicable,48,TRUE,45,8,None,None,0,FALSE,0.95,Tier_1_National,4.5,1.20,4.3,Surplus,15,0.30,0.10,14.0,12,0.99,0
MIDC/CHAK-V/2020,Chakan Industrial Area Phase V Automobile Expansion,Industrial_Infrastructure,State,Maharashtra,Pune (Chakan Khed),Ongoing,Polygon,MIDC_Act_1961,Industrial_Corridor,Physical_Possession_Taken,1450,Private_Agricultural,650.0,620,1,1.8,FALSE,97.5,FALSE,96.5,Not_Applicable,65,TRUE,85,15,None,None,0,FALSE,1.04,Tier_1_National,5.2,1.16,4.6,Surplus,16,0.32,0.10,15.5,14,0.98,45
MIDC/RAN-ELEC/2020,Ranjangaon Electronic Manufacturing Cluster EMC 2.0,Industrial_Infrastructure,State,Maharashtra,Pune (Shirur Ranjangaon),Completed,Polygon,MIDC_Act_1961,Industrial_Corridor,Physical_Possession_Taken,1650,Private_Agricultural,297.0,180,0,0.8,FALSE,100.0,FALSE,98.5,Not_Applicable,32,TRUE,35,4,None,None,0,FALSE,0.92,Tier_1_National,4.2,1.22,4.1,Surplus,14,0.28,0.08,16.0,12,0.99,0
MIDC/SUPA-JPN/2019,Supa Japanese Industrial Township Industrial Park,Industrial_Infrastructure,State,Maharashtra,Ahmednagar (Parner Supa),Completed,Polygon,MIDC_Act_1961,Industrial_Corridor,Physical_Possession_Taken,2180,Private_Agricultural_Arid,480.0,210,0,1.0,FALSE,100.0,FALSE,98.5,Not_Applicable,28,TRUE,24,2,None,None,0,FALSE,0.94,Tier_1_National,4.5,1.20,4.2,Surplus,15,0.18,0.08,22.0,12,0.99,0
MIDC/BUT-TX/2019,Butibori Textile Park Infrastructure Modernisation,Industrial_Infrastructure,State,Maharashtra,Nagpur (Butibori),Completed,Polygon,MIDC_Act_1961,Industrial_Corridor,Physical_Possession_Taken,2450,Government_Industrial,185.0,0,0,0.0,FALSE,100.0,FALSE,98.5,Not_Applicable,22,TRUE,0,0,None,None,0,FALSE,0.95,Tier_1_National,4.8,1.18,4.4,Surplus,15,0.25,0.10,14.0,12,0.99,0
MIDC/KAD-IND/2020,Kagal Hatkanangale Industrial Area 5-Star Zone,Industrial_Infrastructure,State,Maharashtra,Kolhapur (Kagal),Completed,Polygon,MIDC_Act_1961,Industrial_Corridor,Physical_Possession_Taken,2150,Private_Agricultural,310.0,180,0,1.0,FALSE,100.0,FALSE,98.0,Not_Applicable,35,TRUE,28,6,None,None,0,FALSE,0.98,Tier_1_National,5.0,1.18,4.5,Surplus,16,0.35,0.12,12.0,12,0.99,0
MIDC/AUR-PH2/2020,Waluj Industrial Area Automobile Ancillary Expansion,Industrial_Infrastructure,State,Maharashtra,Chhatrapati Sambhajinagar,Completed,Polygon,MIDC_Act_1961,Industrial_Corridor,Physical_Possession_Taken,1980,Government_and_Private_Urban,240.0,95,0,0.8,FALSE,100.0,FALSE,98.5,Not_Applicable,30,TRUE,18,4,None,None,0,FALSE,0.96,Tier_1_National,4.8,1.20,4.3,Surplus,15,0.22,0.08,18.0,12,0.99,0
GIDC/SAN-AUTO/2019,Sanand GIDC Phase II Global Auto Hub Extension,Industrial_Infrastructure,State,Gujarat,Ahmedabad (Sanand),Completed,Polygon,Gujarat_Industrial_Dev_Act_1962,Industrial_Corridor,Physical_Possession_Taken,2450,Private_Agricultural,520.0,280,0,1.0,FALSE,100.0,FALSE,98.5,Not_Applicable,38,TRUE,32,6,None,None,0,FALSE,0.95,Tier_1_National,4.6,1.20,4.2,Surplus,15,0.20,0.08,15.0,12,0.99,0
GIDC/MAN-JPN/2019,Mandal Becharaji Special Investment Region Japanese Hub,Industrial_Infrastructure,State,Gujarat,Ahmedabad & Mehsana,Completed,Polygon,Gujarat_SIR_Act_2009,Industrial_Corridor,Physical_Possession_Taken,2650,Private_Agricultural_and_Pooled,1250.0,850,0,1.4,FALSE,99.5,FALSE,98.0,Stage_2_Final_Approved,65,TRUE,110,18,None,None,0,FALSE,1.02,Tier_1_National,5.2,1.16,4.6,Surplus,18,0.18,0.08,16.5,12,0.98,30
GIDC/DAH-PCP/2019,Dahej Petroleum Chemicals Petrochemical PCPIR Estate,Industrial_Infrastructure,State,Gujarat,Bharuch (Dahej),Completed,Polygon,Gujarat_Industrial_Dev_Act_1962,Industrial_Corridor,Physical_Possession_Taken,2850,Coastal_Saline_Industrial_Pooled,4500.0,420,0,1.2,FALSE,99.8,FALSE,98.5,Stage_2_Final_Approved,110,TRUE,85,15,None,None,0,FALSE,0.98,Tier_1_National,5.0,1.18,4.5,Surplus,20,0.30,0.15,2.0,14,0.98,0
GIDC/ANK-CHM/2019,Ankleshwar Chemical Industrial Estate Common Effluent,Water_and_Sanitation,State,Gujarat,Bharuch (Ankleshwar),Completed,Polygon,LARR_Act_2013,Effluent_Treatment_Plant,Physical_Possession_Taken,2180,Government_Industrial,28.0,0,0,0.0,FALSE,100.0,FALSE,98.0,Not_Applicable,22,TRUE,0,0,None,None,0,FALSE,1.02,Tier_1_National,5.2,1.16,4.6,Surplus,16,0.32,0.12,6.0,12,0.99,0
GIDC/VAP-CET/2019,Vapi Industrial Estate Deep Sea Effluent Pipeline 45 km,Water_and_Sanitation,State,Gujarat,Valsad (Vapi to Arabian Sea),Completed,Linear,LARR_Act_2013,Effluent_Treatment_Plant,Physical_Possession_Taken,2380,Industrial_and_Coastal_RoW,42.0,85,0,0.8,FALSE,100.0,FALSE,98.0,Stage_2_Final_Approved,35,TRUE,18,4,None,None,0,FALSE,1.05,Tier_1_National,5.5,1.15,4.7,Surplus,18,0.50,0.18,1.8,14,0.98,45
GIDC/HAL-ENG/2020,Halol Industrial Area Engineering Automobile Cluster,Industrial_Infrastructure,State,Gujarat,Panchmahal (Halol),Completed,Polygon,Gujarat_Industrial_Dev_Act_1962,Industrial_Corridor,Physical_Possession_Taken,2150,Private_Agricultural,295.0,140,0,0.8,FALSE,100.0,FALSE,98.5,Not_Applicable,28,TRUE,24,4,None,None,0,FALSE,0.96,Tier_1_National,4.8,1.20,4.3,Surplus,15,0.22,0.08,18.0,12,0.99,0
GIDC/JHG-CHM/2020,Jhagadia Industrial Estate Speciality Chemicals Hub,Industrial_Infrastructure,State,Gujarat,Bharuch (Jhagadia),Completed,Polygon,Gujarat_Industrial_Dev_Act_1962,Industrial_Corridor,Physical_Possession_Taken,2450,Private_Agricultural,850.0,380,0,1.2,FALSE,99.5,FALSE,98.0,Stage_2_Final_Approved,52,TRUE,48,8,None,None,0,FALSE,0.98,Tier_1_National,5.0,1.18,4.5,Surplus,16,0.30,0.10,8.5,12,0.98,0
GIDC/LOD-ENG/2020,Lodhika Industrial Estate Rajkot Engineering Park,Industrial_Infrastructure,State,Gujarat,Rajkot (Metoda Lodhika),Completed,Polygon,Gujarat_Industrial_Dev_Act_1962,Industrial_Corridor,Physical_Possession_Taken,2180,Government_and_Private_Arid,320.0,95,0,0.5,FALSE,100.0,FALSE,99.0,Not_Applicable,25,TRUE,15,2,None,None,0,FALSE,0.92,Tier_1_National,4.5,1.22,4.2,Surplus,14,0.18,0.08,28.0,10,0.99,0
GIDC/MOR-CER/2020,Morbi Ceramic Industrial Zone Infrastructure Upgrade,Industrial_Infrastructure,State,Gujarat,Morbi,Completed,Polygon,Gujarat_Industrial_Dev_Act_1962,Industrial_Corridor,Physical_Possession_Taken,2250,Private_Industrial_and_Agricultural,480.0,180,0,1.0,FALSE,100.0,FALSE,98.5,Not_Applicable,42,TRUE,38,10,None,None,0,FALSE,0.95,Tier_1_National,4.8,1.20,4.4,Surplus,16,0.20,0.10,22.0,12,0.99,0
GIDC/SVI-BIOT/2021,Savli Industrial Area Biotechnology Medical Devices Park,Industrial_Infrastructure,State,Gujarat,Vadodara (Savli Manjusar),Completed,Polygon,Gujarat_Industrial_Dev_Act_1962,Industrial_Corridor,Physical_Possession_Taken,1980,Government_Agricultural,210.0,65,0,0.5,FALSE,100.0,FALSE,98.5,Not_Applicable,24,TRUE,12,2,None,None,0,FALSE,0.94,Tier_1_National,4.6,1.22,4.3,Surplus,15,0.25,0.08,16.0,12,0.99,0
RIICO/NEEM-JPN/2018,Neemrana Japanese Industrial Zone Automobile Cluster,Industrial_Infrastructure,State,Rajasthan,Kotputli-Behror (Neemrana),Completed,Polygon,RIICO_Disposal_Land_Rules_1979,Industrial_Corridor,Physical_Possession_Taken,2850,Private_Agricultural_and_Barren,485.0,240,0,1.2,FALSE,100.0,FALSE,98.0,Not_Applicable,45,TRUE,35,8,None,None,0,FALSE,0.96,Tier_1_National,4.8,1.20,4.4,Surplus,16,0.15,0.08,25.0,12,0.99,0
RIICO/GHIL-KOR/2019,Ghiloth Korean Industrial Zone Electronics Ceramic Park,Industrial_Infrastructure,State,Rajasthan,Kotputli-Behror (Ghiloth),Completed,Polygon,RIICO_Disposal_Land_Rules_1979,Industrial_Corridor,Physical_Possession_Taken,2450,Private_Agricultural_and_Barren,520.0,280,0,1.0,FALSE,100.0,FALSE,98.5,Not_Applicable,42,TRUE,30,6,None,None,0,FALSE,0.95,Tier_1_National,4.6,1.20,4.3,Surplus,16,0.18,0.08,24.0,12,0.99,0
RIICO/BOR-MED/2021,Boronada Medical Devices Industrial Park Jodhpur,Industrial_Infrastructure,State,Rajasthan,Jodhpur (Boronada),Completed,Polygon,RIICO_Disposal_Land_Rules_1979,Industrial_Corridor,Physical_Possession_Taken,1850,Government_Arid_Wasteland,165.0,40,0,0.0,FALSE,100.0,FALSE,99.0,Not_Applicable,18,TRUE,10,0,None,None,0,FALSE,0.92,Tier_1_National,4.2,1.24,4.1,Surplus,14,0.08,0.05,42.0,10,0.99,0
RIICO/SAL-PET/2021,Pachpadra Petroleum Chemicals Petrochemical PCPIR Zone,Industrial_Infrastructure,State,Rajasthan,Barmer (Pachpadra Refinery Zone),Ongoing,Polygon,RIICO_Disposal_Land_Rules_1979,Industrial_Corridor,Physical_Possession_Taken,1450,Government_Arid_and_Revenue,1450.0,110,0,0.5,FALSE,98.5,FALSE,98.0,Not_Applicable,35,TRUE,24,4,None,None,0,FALSE,1.02,Tier_1_National,5.2,1.18,4.5,Surplus,18,0.08,0.05,48.0,14,0.98,60
RIICO/BHI-AUTO/2019,Bhiwadi Integrated Industrial Township Khushkhera Chopanki,Industrial_Infrastructure,State,Rajasthan,Khairthal-Tijara (Bhiwadi),Completed,Polygon,RIICO_Disposal_Land_Rules_1979,Industrial_Corridor,Physical_Possession_Taken,2650,Private_Agricultural_and_Urban,680.0,450,0,1.2,FALSE,99.8,FALSE,98.0,Not_Applicable,65,TRUE,75,18,None,None,0,FALSE,0.98,Tier_1_National,5.0,1.18,4.5,Surplus,16,0.18,0.08,22.0,12,0.99,0
RIICO/PRA-EV/2021,Karoli Electric Vehicle Zone Industrial Park Bhiwadi,Industrial_Infrastructure,State,Rajasthan,Khairthal-Tijara (Karoli Tapukara),Completed,Polygon,RIICO_Disposal_Land_Rules_1979,Industrial_Corridor,Physical_Possession_Taken,1980,Private_Agricultural,240.0,110,0,0.8,FALSE,100.0,FALSE,98.5,Not_Applicable,28,TRUE,22,4,None,None,0,FALSE,0.94,Tier_1_National,4.5,1.22,4.2,Surplus,15,0.18,0.08,21.0,12,0.99,0
RIICO/KOT-FER/2020,Kota Ranpur Industrial Area Fertilizer Engineering Hub,Industrial_Infrastructure,State,Rajasthan,Kota (Ranpur),Completed,Polygon,RIICO_Disposal_Land_Rules_1979,Industrial_Corridor,Physical_Possession_Taken,2180,Private_Agricultural_and_Chambal,310.0,160,0,1.0,FALSE,100.0,FALSE,98.5,Not_Applicable,38,TRUE,32,6,None,None,0,FALSE,0.96,Tier_1_National,4.8,1.20,4.4,Surplus,16,0.22,0.09,18.0,12,0.99,0
RIICO/PAL-TX/2020,Pali Punayata Industrial Area Textile CETP Zero Discharge,Water_and_Sanitation,State,Rajasthan,Pali (Punayata),Completed,Polygon,LARR_Act_2013,Effluent_Treatment_Plant,Physical_Possession_Taken,2380,Government_and_Private_Arid,48.0,65,0,0.5,FALSE,100.0,FALSE,98.0,Not_Applicable,24,TRUE,15,2,None,Bandi_River_Pollution_NGT_Compliance,15,FALSE,1.08,Tier_1_National,6.2,1.12,4.8,Surplus,18,0.10,0.05,35.0,14,0.98,90
RIICO/BLW-TX/2020,Bhilwara Textile Growth Centre Infrastructure Modernisation,Industrial_Infrastructure,State,Rajasthan,Bhilwara (Hamirgarh),Completed,Polygon,RIICO_Disposal_Land_Rules_1979,Industrial_Corridor,Physical_Possession_Taken,2250,Private_Agricultural,380.0,140,0,0.8,FALSE,100.0,FALSE,98.5,Not_Applicable,32,TRUE,28,4,None,None,0,FALSE,0.95,Tier_1_National,4.8,1.20,4.3,Surplus,15,0.15,0.08,24.0,12,0.99,0
RIICO/KAL-STON/2021,Kalandri Sirohi Marble Granite Industrial Cluster,Industrial_Infrastructure,State,Rajasthan,Sirohi (Kalandri),Completed,Polygon,RIICO_Disposal_Land_Rules_1979,Industrial_Corridor,Physical_Possession_Taken,1980,Government_Barren_and_Hilly,145.0,45,0,0.0,FALSE,100.0,FALSE,99.0,Not_Applicable,18,TRUE,10,0,None,None,0,FALSE,0.92,Tier_2_Regional,4.2,1.22,4.2,Surplus,14,0.12,0.06,28.0,10,0.99,0
HSIDC/MAN-IMT/2018,Manesar Industrial Model Township IMT Phase 4 Auto Hub,Industrial_Infrastructure,State,Haryana,Gurugram (Manesar),Completed,Polygon,Haryana_LARR_Rules_2014,Industrial_Corridor,Physical_Possession_Taken,2650,Private_Agricultural_and_Urban,650.0,420,0,1.0,FALSE,100.0,FALSE,98.5,Not_Applicable,85,TRUE,95,35,None,None,0,FALSE,0.98,Tier_1_National,5.2,1.18,4.5,Surplus,16,0.18,0.08,22.0,12,0.99,0
HSIDC/SOH-ELEC/2020,Sohna Industrial Model Township IMT Electronics City,Industrial_Infrastructure,State,Haryana,Gurugram (Sohna Roz-ka-Meo),Completed,Polygon,Haryana_LARR_Rules_2014,Industrial_Corridor,Physical_Possession_Taken,2180,Private_Agricultural_and_Aravalli,580.0,340,0,1.2,FALSE,99.8,FALSE,98.0,Stage_2_Final_Approved,65,TRUE,75,18,None,None,0,FALSE,1.02,Tier_1_National,5.5,1.16,4.6,Surplus,18,0.20,0.08,20.0,12,0.98,30
HSIDC/FRB-IMT/2019,Faridabad Industrial Model Township IMT Sector 68 to 74,Industrial_Infrastructure,State,Haryana,Faridabad,Completed,Polygon,Haryana_LARR_Rules_2014,Industrial_Corridor,Physical_Possession_Taken,2450,Private_Agricultural_and_Urban,720.0,510,0,1.4,FALSE,100.0,FALSE,98.0,Not_Applicable,95,TRUE,110,42,None,None,0,FALSE,0.96,Tier_1_National,5.0,1.20,4.4,Surplus,16,0.22,0.08,18.0,12,0.99,0
HSIDC/ROH-IMT/2019,Rohtak Industrial Model Township IMT Footwear Leather Park,Industrial_Infrastructure,State,Haryana,Rohtak,Completed,Polygon,Haryana_LARR_Rules_2014,Industrial_Corridor,Physical_Possession_Taken,2380,Private_Agricultural,850.0,480,0,1.0,FALSE,100.0,FALSE,98.5,Not_Applicable,72,TRUE,85,22,None,None,0,FALSE,0.95,Tier_1_National,4.8,1.20,4.3,Surplus,15,0.18,0.08,18.0,12,0.99,0
HSIDC/KHA-FOOD/2020,Kharkhoda Industrial Model Township IMT Mega Auto Hub,Industrial_Infrastructure,State,Haryana,Sonipat (Kharkhoda Maruti Plant Zone),Ongoing,Polygon,Haryana_LARR_Rules_2014,Industrial_Corridor,Physical_Possession_Taken,1450,Private_Agricultural,1250.0,850,0,1.2,FALSE,98.5,FALSE,98.0,Not_Applicable,95,TRUE,140,28,None,None,0,FALSE,1.02,Tier_1_National,5.2,1.18,4.5,Surplus,18,0.20,0.08,16.5,12,0.98,30
HSIDC/PAN-CETP/2021,Panipat Textile Park Common Effluent Treatment Plant 2.0,Water_and_Sanitation,State,Haryana,Panipat,Completed,Polygon,LARR_Act_2013,Effluent_Treatment_Plant,Physical_Possession_Taken,1980,Government_Industrial,32.0,0,0,0.0,FALSE,100.0,FALSE,98.0,Not_Applicable,25,TRUE,0,0,None,Yamuna_Action_Plan_Discharge_Compliance,10,FALSE,1.04,Tier_1_National,5.5,1.15,4.7,Surplus,16,0.25,0.10,14.0,12,0.99,45
HSIDC/YAM-MET/2020,Yamunanagar Metal and Engineering Industrial Estate,Industrial_Infrastructure,State,Haryana,Yamunanagar,Completed,Polygon,Haryana_LARR_Rules_2014,Industrial_Corridor,Physical_Possession_Taken,2150,Private_Agricultural,280.0,140,0,0.8,FALSE,100.0,FALSE,98.5,Not_Applicable,35,TRUE,38,8,None,None,0,FALSE,0.95,Tier_2_Regional,4.8,1.20,4.4,Surplus,15,0.25,0.08,12.0,12,0.99,0
HSIDC/AMB-SC/2021,Ambala Scientific Instruments Industrial Growth Centre,Industrial_Infrastructure,State,Haryana,Ambala (Saha),Completed,Polygon,Haryana_LARR_Rules_2014,Industrial_Corridor,Physical_Possession_Taken,1950,Private_Agricultural,195.0,95,0,0.5,FALSE,100.0,FALSE,99.0,Not_Applicable,28,TRUE,24,4,None,None,0,FALSE,0.92,Tier_2_Regional,4.5,1.22,4.2,Surplus,14,0.22,0.08,14.0,10,0.99,0
HSIDC/HIS-AVI/2021,Hisar Maharaja Agrasen Integrated Aviation Hub Airport,Transport,State,Haryana,Hisar,Ongoing,Polygon,LARR_Act_2013,Airport,Physical_Possession_Taken,1650,Government_and_Private_Agricultural,1720.0,450,1,1.5,FALSE,96.5,FALSE,97.5,Not_Applicable,65,TRUE,85,15,None,None,0,FALSE,1.05,Tier_1_National,5.8,1.15,4.8,Surplus,18,0.18,0.08,24.0,14,0.98,90
HSIDC/BHI-TEXT/2020,Bhiwani Textile and Open End Yarn Industrial Park,Industrial_Infrastructure,State,Haryana,Bhiwani,Completed,Polygon,Haryana_LARR_Rules_2014,Industrial_Corridor,Physical_Possession_Taken,2180,Private_Agricultural_Arid,240.0,110,0,0.6,FALSE,100.0,FALSE,98.5,Not_Applicable,32,TRUE,25,2,None,None,0,FALSE,0.94,Tier_2_Regional,4.6,1.20,4.2,Surplus,15,0.15,0.08,22.0,12,0.99,0
PSIIDC/LUD-CYC/2019,Ludhiana Dhanansu High Tech Cycle Valley Industrial Park,Industrial_Infrastructure,State,Punjab,Ludhiana (Dhanansu),Completed,Polygon,LARR_Act_2013,Industrial_Corridor,Physical_Possession_Taken,2450,Government_Panchayat_and_Private,155.0,85,0,0.5,FALSE,100.0,FALSE,98.5,Not_Applicable,38,TRUE,28,6,None,None,0,FALSE,0.95,Tier_1_National,4.8,1.20,4.3,Surplus,16,0.22,0.08,12.0,12,0.99,0
PSIIDC/MOH-IT/2018,Mohali IT City and Knowledge Park Sector 82 to 101,Industrial_Infrastructure,State,Punjab,SAS Nagar Mohali,Completed,Polygon,LARR_Act_2013,Industrial_Corridor,Physical_Possession_Taken,2850,Private_Agricultural_and_Urban,680.0,580,0,1.2,FALSE,100.0,FALSE,98.0,Not_Applicable,95,TRUE,110,35,None,None,0,FALSE,0.96,Tier_1_National,5.0,1.18,4.5,Surplus,16,0.24,0.08,16.0,12,0.99,0
PSIIDC/BAT-REF/2019,Bathinda Refinery Petrochemical Ancillary Industrial Estate,Industrial_Infrastructure,State,Punjab,Bathinda (Phulokhari),Completed,Polygon,LARR_Act_2013,Industrial_Corridor,Physical_Possession_Taken,2380,Private_Agricultural_Arid,320.0,140,0,0.8,FALSE,100.0,FALSE,98.5,Not_Applicable,42,TRUE,35,4,None,None,0,FALSE,0.95,Tier_1_National,4.8,1.20,4.4,Surplus,15,0.18,0.08,18.0,12,0.99,0
PSIIDC/JAL-SPT/2020,Jalandhar Leather and Sports Goods Industrial Complex,Industrial_Infrastructure,State,Punjab,Jalandhar,Completed,Polygon,LARR_Act_2013,Industrial_Corridor,Physical_Possession_Taken,2150,Government_and_Private_Urban,185.0,95,0,1.0,FALSE,100.0,FALSE,98.0,Not_Applicable,45,TRUE,42,12,None,None,0,FALSE,0.98,Tier_2_Regional,5.2,1.16,4.6,Surplus,16,0.24,0.09,11.0,12,0.99,0
PSIIDC/ASR-TRD/2021,Amritsar Integrated Trade Logistics Park Indo-Pak Attari,Industrial_Infrastructure,Central,Punjab,Amritsar (Attari ICP Hub),Completed,Point,LARR_Act_2013,Logistics_Park,Physical_Possession_Taken,2250,Government_Border_Agricultural,52.0,45,0,0.0,FALSE,100.0,FALSE,98.5,Not_Applicable,28,TRUE,10,0,None,Border_Security_Customs_Clearance,15,FALSE,1.02,Tier_1_National,5.5,1.15,4.7,Adequate,18,0.20,0.08,12.0,14,0.98,45
UPSIDC/NOI-ELEC/2019,Greater Noida EcoTech Electronics Manufacturing Cluster,Industrial_Infrastructure,State,Uttar Pradesh,Gautam Buddha Nagar,Completed,Polygon,LARR_Act_2013,Industrial_Corridor,Physical_Possession_Taken,2650,Private_Agricultural_and_Pooled,480.0,380,0,1.0,FALSE,100.0,FALSE,98.5,Not_Applicable,65,TRUE,75,18,None,None,0,FALSE,0.95,Tier_1_National,4.8,1.20,4.4,Surplus,15,0.22,0.08,12.0,12,0.99,0
UPSIDC/YEI-MED/2021,YEIDA Medical Devices Park Sector 28 Jewar Airport Hub,Industrial_Infrastructure,State,Uttar Pradesh,Gautam Buddha Nagar,Ongoing,Polygon,LARR_Act_2013,Industrial_Corridor,Physical_Possession_Taken,1250,Private_Agricultural,145.0,180,0,0.8,FALSE,98.5,FALSE,98.0,Not_Applicable,38,TRUE,28,4,None,None,0,FALSE,1.00,Tier_1_National,5.0,1.18,4.5,Surplus,16,0.25,0.08,13.0,12,0.98,0
UPSIDC/YEI-APP/2021,YEIDA Apparel Park Sector 29 Textile Garment City,Industrial_Infrastructure,State,Uttar Pradesh,Gautam Buddha Nagar,Ongoing,Polygon,LARR_Act_2013,Industrial_Corridor,Physical_Possession_Taken,1180,Private_Agricultural,112.0,140,0,0.6,FALSE,99.0,FALSE,98.5,Not_Applicable,32,TRUE,22,2,None,None,0,FALSE,0.98,Tier_1_National,4.8,1.20,4.4,Surplus,15,0.24,0.08,13.5,12,0.99,0
UPSIDC/YEI-TOY/2021,YEIDA Toy Park Sector 33 Indigenous Manufacturing,Industrial_Infrastructure,State,Uttar Pradesh,Gautam Buddha Nagar,Completed,Polygon,LARR_Act_2013,Industrial_Corridor,Physical_Possession_Taken,1450,Private_Agricultural,58.0,85,0,0.5,FALSE,100.0,FALSE,99.0,Not_Applicable,22,TRUE,15,0,None,None,0,FALSE,0.95,Tier_1_National,4.5,1.22,4.2,Surplus,14,0.25,0.08,13.0,10,0.99,0
UPSIDC/LKO-DEF/2021,Lucknow Node UP Defence Industrial Corridor Bhatgaon,Industrial_Infrastructure,State,Uttar Pradesh,Lucknow (Sarojini Nagar),Ongoing,Polygon,LARR_Act_2013,Industrial_Corridor,Physical_Possession_Taken,1120,Government_Agricultural_and_Barren,82.0,0,0,0.0,FALSE,100.0,FALSE,98.5,Not_Applicable,28,TRUE,0,0,None,None,0,FALSE,0.98,Tier_1_National,4.8,1.20,4.4,Surplus,15,0.28,0.08,10.0,12,0.99,0
UPSIDC/KNP-DEF/2021,Kanpur Node UP Defence Industrial Corridor Chakeri,Industrial_Infrastructure,State,Uttar Pradesh,Kanpur Nagar,Ongoing,Polygon,LARR_Act_2013,Industrial_Corridor,Physical_Possession_Taken,1150,Government_and_Private_Industrial,145.0,65,0,0.5,FALSE,100.0,FALSE,98.0,Not_Applicable,35,TRUE,12,0,None,None,0,FALSE,1.02,Tier_1_National,5.2,1.16,4.6,Surplus,16,0.30,0.10,11.5,14,0.98,0
UPSIDC/JHS-DEF/2021,Jhansi Node UP Defence Industrial Corridor Garhmau,Industrial_Infrastructure,State,Uttar Pradesh,Jhansi,Ongoing,Polygon,LARR_Act_2013,Industrial_Corridor,Physical_Possession_Taken,1250,Government_Barren_and_Revenue,420.0,85,0,0.0,FALSE,100.0,FALSE,98.5,Not_Applicable,42,TRUE,10,0,None,None,0,FALSE,0.96,Tier_1_National,4.8,1.20,4.3,Surplus,15,0.26,0.08,14.0,12,0.99,0
UPSIDC/ALW-DEF/2021,Aligarh Node UP Defence Industrial Corridor Andla,Industrial_Infrastructure,State,Uttar Pradesh,Aligarh (Khair Andla),Completed,Polygon,LARR_Act_2013,Industrial_Corridor,Physical_Possession_Taken,1450,Private_Agricultural,48.0,60,0,0.5,FALSE,100.0,FALSE,99.0,Not_Applicable,20,TRUE,12,0,None,None,0,FALSE,0.94,Tier_1_National,4.5,1.22,4.2,Surplus,14,0.22,0.08,15.0,10,0.99,0
UPSIDC/CIT-DEF/2021,Chitrakoot Node UP Defence Industrial Corridor,Industrial_Infrastructure,State,Uttar Pradesh,Chitrakoot (Bargadh),Ongoing,Polygon,LARR_Act_2013,Industrial_Corridor,Physical_Possession_Taken,1080,Government_Barren_and_Forest_Buffer,110.0,40,0,0.0,FALSE,100.0,FALSE,98.0,Stage_1_In_Principle,24,TRUE,8,0,None,None,0,FALSE,1.05,Tier_2_Regional,5.5,1.15,4.7,Surplus,16,0.28,0.10,13.0,14,0.98,0
UPSIDC/AGR-DEF/2022,Agra Node UP Defence Industrial Corridor Kuberpur,Industrial_Infrastructure,State,Uttar Pradesh,Agra,Ongoing,Polygon,LARR_Act_2013,Industrial_Corridor,Physical_Possession_Taken,850,Private_Agricultural,95.0,110,0,0.8,FALSE,98.5,FALSE,98.0,Not_Applicable,30,TRUE,18,2,None,None,0,FALSE,1.02,Tier_1_National,5.0,1.18,4.5,Surplus,15,0.25,0.08,16.0,12,0.98,0
UPSIDC/VNS-CARP/2020,Bhadohi Carpet Mega Cluster Common Facility Center,Industrial_Infrastructure,State,Uttar Pradesh,Bhadohi (Sant Ravidas Nagar),Completed,Point,LARR_Act_2013,Industrial_Corridor,Physical_Possession_Taken,2150,Government_Urban,14.0,0,0,0.0,FALSE,100.0,FALSE,98.5,Not_Applicable,18,TRUE,0,0,None,None,0,FALSE,0.98,Tier_2_Regional,5.2,1.16,4.6,Surplus,16,0.38,0.12,9.0,12,0.99,0
UPSIDC/AUR-PLAS/2019,Auraiya Plastic City Industrial Park Dibiyapur,Industrial_Infrastructure,State,Uttar Pradesh,Auraiya (Dibiyapur),Completed,Polygon,LARR_Act_2013,Industrial_Corridor,Physical_Possession_Taken,2450,Private_Agricultural_and_Government,142.0,180,0,1.0,FALSE,100.0,FALSE,98.0,Not_Applicable,35,TRUE,28,4,None,None,0,FALSE,1.02,Tier_1_National,5.5,1.15,4.7,Surplus,18,0.28,0.10,12.0,14,0.98,0
UPSIDC/SAN-PLAS/2020,Sandila Industrial Area Hardoi Phase II Expansion,Industrial_Infrastructure,State,Uttar Pradesh,Hardoi (Sandila),Completed,Polygon,LARR_Act_2013,Industrial_Corridor,Physical_Possession_Taken,2180,Private_Agricultural,220.0,140,0,0.8,FALSE,100.0,FALSE,98.5,Not_Applicable,28,TRUE,22,2,None,None,0,FALSE,0.95,Tier_1_National,4.8,1.20,4.4,Surplus,15,0.30,0.10,10.0,12,0.99,0
UPSIDC/RBL-AUTO/2019,Raebareli Modern Coach Factory Ancillary Industrial Zone,Industrial_Infrastructure,Central,Uttar Pradesh,Rae Bareli (Lalganj),Completed,Polygon,LARR_Act_2013,Industrial_Corridor,Physical_Possession_Taken,2650,Government_Agricultural,180.0,65,0,0.5,FALSE,100.0,FALSE,98.5,Not_Applicable,32,TRUE,15,0,None,None,0,FALSE,0.94,Tier_1_National,4.6,1.22,4.3,Surplus,15,0.32,0.09,8.5,12,0.99,0
UPSIDC/JAG-ENG/2019,Jagdishpur Industrial Area BHEL Ancillary Complex,Industrial_Infrastructure,State,Uttar Pradesh,Amethi (Jagdishpur),Completed,Polygon,LARR_Act_2013,Industrial_Corridor,Physical_Possession_Taken,2450,Government_Industrial,165.0,45,0,0.0,FALSE,100.0,FALSE,98.5,Not_Applicable,25,TRUE,0,0,None,None,0,FALSE,0.95,Tier_1_National,4.8,1.20,4.4,Surplus,15,0.32,0.08,9.0,12,0.99,0
UPSIDC/BRK-FOOD/2020,Kursi Road Agro Mega Food Park Barabanki,Industrial_Infrastructure,State,Uttar Pradesh,Barabanki (Kursi Road),Completed,Polygon,LARR_Act_2013,Industrial_Corridor,Physical_Possession_Taken,2150,Private_Agricultural,125.0,85,0,0.8,FALSE,100.0,FALSE,98.5,Not_Applicable,24,TRUE,18,2,None,None,0,FALSE,0.96,Tier_2_Regional,5.0,1.18,4.5,Surplus,15,0.30,0.08,9.5,12,0.99,0
UPSIDC/GKP-PLAS/2021,GIDA Gorakhpur Plastic Park and Textile Cluster,Industrial_Infrastructure,State,Uttar Pradesh,Gorakhpur (GIDA Bhiti Rawat),Ongoing,Polygon,LARR_Act_2013,Industrial_Corridor,Physical_Possession_Taken,1250,Private_Agricultural,145.0,180,0,1.2,FALSE,98.5,FALSE,98.0,Not_Applicable,35,TRUE,28,6,None,None,0,FALSE,1.02,Tier_1_National,5.2,1.16,4.7,Surplus,16,0.38,0.10,6.5,14,0.98,0
UPSIDC/VNS-CARK/2021,Karkhiyaon Agro Park Infrastructure Upgrade Varanasi,Industrial_Infrastructure,State,Uttar Pradesh,Varanasi (Karkhiyaon),Completed,Polygon,LARR_Act_2013,Industrial_Corridor,Physical_Possession_Taken,1980,Government_Agricultural,88.0,40,0,0.5,FALSE,100.0,FALSE,98.5,Not_Applicable,22,TRUE,10,0,None,None,0,FALSE,0.94,Tier_2_Regional,4.8,1.20,4.4,Surplus,15,0.32,0.10,11.0,12,0.99,0
UPSIDC/PRY-ENG/2020,Naini Industrial Area Infrastructure Redevelopment,Industrial_Infrastructure,State,Uttar Pradesh,Prayagraj (Naini),Completed,Polygon,LARR_Act_2013,Industrial_Corridor,Physical_Possession_Taken,2250,Government_Industrial,110.0,0,0,0.0,FALSE,100.0,FALSE,98.0,Not_Applicable,28,TRUE,0,0,None,None,0,FALSE,0.98,Tier_1_National,5.0,1.18,4.5,Surplus,16,0.35,0.10,7.5,12,0.99,0
KIADB/HAR-IT/2019,Haralur IT Park Devanahalli Airport Corridor,Industrial_Infrastructure,State,Karnataka,Bengaluru Rural (Devanahalli),Completed,Polygon,KIADB_Act_1966,Industrial_Corridor,Physical_Possession_Taken,2450,Private_Agricultural,180.0,140,0,0.8,FALSE,100.0,FALSE,98.5,Not_Applicable,42,TRUE,25,4,None,None,0,FALSE,0.95,Tier_1_National,4.6,1.20,4.2,Surplus,15,0.25,0.08,18.0,12,0.99,0
KIADB/NAR-AUTO/2019,Narsapura Industrial Area Phase III Auto Ancillary,Industrial_Infrastructure,State,Karnataka,Kolar (Narsapura),Completed,Polygon,KIADB_Act_1966,Industrial_Corridor,Physical_Possession_Taken,2650,Private_Agricultural_Arid,420.0,310,0,1.2,FALSE,99.8,FALSE,98.0,Not_Applicable,58,TRUE,48,8,None,None,0,FALSE,0.98,Tier_1_National,5.0,1.18,4.4,Surplus,16,0.22,0.08,22.0,12,0.99,0
KIADB/VEM-MED/2020,Vemagal Industrial Area Japanese Precision Engineering,Industrial_Infrastructure,State,Karnataka,Kolar (Vemagal),Completed,Polygon,KIADB_Act_1966,Industrial_Corridor,Physical_Possession_Taken,2380,Private_Agricultural_Arid,380.0,280,0,1.0,FALSE,100.0,FALSE,98.5,Not_Applicable,48,TRUE,38,6,None,None,0,FALSE,0.95,Tier_1_National,4.8,1.20,4.3,Surplus,15,0.20,0.08,24.0,12,0.99,0
KIADB/BID-EV/2021,Bidadi Industrial Area Phase II Electric Vehicle Hub,Industrial_Infrastructure,State,Karnataka,Ramanagara (Bidadi),Completed,Polygon,KIADB_Act_1966,Industrial_Corridor,Physical_Possession_Taken,1980,Private_Agricultural,260.0,210,0,1.2,FALSE,100.0,FALSE,98.0,Not_Applicable,52,TRUE,42,8,None,None,0,FALSE,0.98,Tier_1_National,5.2,1.18,4.5,Surplus,16,0.26,0.09,16.0,12,0.99,0
KIADB/HAR-AERO/2020,Devanahalli Aerospace SEZ Special Economic Zone,Industrial_Infrastructure,State,Karnataka,Bengaluru Rural (Aerospace Park),Completed,Polygon,KIADB_Act_1966,Industrial_Corridor,Physical_Possession_Taken,2450,Private_Agricultural,395.0,180,0,0.8,FALSE,100.0,FALSE,99.0,Not_Applicable,38,TRUE,28,2,None,None,0,FALSE,0.92,Tier_1_National,4.5,1.22,4.1,Surplus,14,0.24,0.08,19.0,10,0.99,0
KIADB/DHA-FMCG/2021,FMCG Cluster Industrial Area Dharwad Mummigatti,Industrial_Infrastructure,State,Karnataka,Dharwad (Mummigatti),Completed,Polygon,KIADB_Act_1966,Industrial_Corridor,Physical_Possession_Taken,1850,Private_Agricultural,220.0,140,0,1.0,FALSE,100.0,FALSE,98.5,Not_Applicable,32,TRUE,24,4,None,None,0,FALSE,0.96,Tier_1_National,4.8,1.20,4.4,Surplus,16,0.28,0.10,15.0,12,0.99,0
KIADB/BEL-AERO/2020,Belagavi Aerospace Precision Engineering Cluster,Industrial_Infrastructure,State,Karnataka,Belagavi (Hattaragi),Completed,Polygon,KIADB_Act_1966,Industrial_Corridor,Physical_Possession_Taken,2180,Private_Agricultural,185.0,110,0,0.8,FALSE,100.0,FALSE,98.5,Not_Applicable,28,TRUE,20,2,None,None,0,FALSE,0.95,Tier_1_National,4.8,1.20,4.3,Surplus,15,0.32,0.10,14.0,12,0.99,0
KIADB/MYS-IT/2020,Hebbal Electronics City Phase II Mysuru,Industrial_Infrastructure,State,Karnataka,Mysuru (Hebbal),Completed,Polygon,KIADB_Act_1966,Industrial_Corridor,Physical_Possession_Taken,2250,Private_Agricultural,165.0,85,0,0.5,FALSE,100.0,FALSE,99.0,Not_Applicable,25,TRUE,15,0,None,None,0,FALSE,0.94,Tier_1_National,4.5,1.22,4.2,Surplus,15,0.30,0.08,12.0,10,0.99,0
KIADB/KAP-ENG/2021,Kallambella Industrial Area Sira Engineering Park,Industrial_Infrastructure,State,Karnataka,Tumakuru (Sira Kallambella),Completed,Polygon,KIADB_Act_1966,Industrial_Corridor,Physical_Possession_Taken,1750,Private_Agricultural_Arid,320.0,160,0,1.0,FALSE,100.0,FALSE,98.5,Not_Applicable,35,TRUE,28,4,None,None,0,FALSE,0.95,Tier_1_National,4.8,1.20,4.3,Surplus,15,0.20,0.08,24.0,12,0.99,0
KIADB/VAS-TEXT/2021,Vasanthanarasapura Industrial Area Phase 3 Tumakuru,Industrial_Infrastructure,State,Karnataka,Tumakuru (Vasanthanarasapura),Completed,Polygon,KIADB_Act_1966,Industrial_Corridor,Physical_Possession_Taken,2180,Private_Agricultural_Arid,580.0,320,0,1.2,FALSE,99.5,FALSE,98.0,Not_Applicable,52,TRUE,48,8,None,None,0,FALSE,0.98,Tier_1_National,5.2,1.18,4.5,Surplus,18,0.22,0.08,20.0,12,0.98,0
SIPCOT/CHE-EV/2020,Vallam Vadagal Industrial Park Phase II EV Hub,Industrial_Infrastructure,State,Tamil Nadu,Kanchipuram (Sriperumbudur),Completed,Polygon,TNALIPA_1997,Industrial_Corridor,Physical_Possession_Taken,2450,Private_Agricultural_and_Industrial,480.0,310,0,1.0,FALSE,100.0,FALSE,98.5,Not_Applicable,65,TRUE,55,12,None,None,0,FALSE,0.96,Tier_1_National,4.8,1.20,4.3,Surplus,15,0.40,0.12,8.0,12,0.99,0
SIPCOT/CHE-AERO/2020,Sriperumbudur Aerospace Park Advanced Manufacturing,Industrial_Infrastructure,State,Tamil Nadu,Kanchipuram (Sriperumbudur),Completed,Polygon,TNALIPA_1997,Industrial_Corridor,Physical_Possession_Taken,2380,Private_Agricultural,245.0,140,0,0.8,FALSE,100.0,FALSE,99.0,Not_Applicable,38,TRUE,24,2,None,None,0,FALSE,0.94,Tier_1_National,4.5,1.22,4.2,Surplus,15,0.42,0.14,7.5,10,0.99,0
SIPCOT/PIR-ENG/2021,Pillaipakkam Industrial Park Automobile Engineering,Industrial_Infrastructure,State,Tamil Nadu,Kanchipuram,Completed,Polygon,TNALIPA_1997,Industrial_Corridor,Physical_Possession_Taken,2150,Private_Agricultural,340.0,180,0,1.2,FALSE,100.0,FALSE,98.5,Not_Applicable,45,TRUE,38,6,None,None,0,FALSE,0.98,Tier_1_National,5.0,1.18,4.4,Surplus,16,0.45,0.14,6.5,12,0.98,0
SIPCOT/CHE-PHA/2021,Cheyyar Industrial Park Phase II Pharma & Footwear,Industrial_Infrastructure,State,Tamil Nadu,Tiruvannamalai (Cheyyar),Completed,Polygon,TNALIPA_1997,Industrial_Corridor,Physical_Possession_Taken,2250,Private_Agricultural,650.0,380,0,1.4,FALSE,99.8,FALSE,98.0,Not_Applicable,58,TRUE,48,10,None,None,0,FALSE,1.00,Tier_1_National,5.2,1.18,4.5,Surplus,18,0.35,0.12,12.0,12,0.98,0
SIPCOT/TND-MED/2021,Tindivanam Industrial Park Medical Oxygen & Pharma,Industrial_Infrastructure,State,Tamil Nadu,Villupuram (Tindivanam),Completed,Polygon,TNALIPA_1997,Industrial_Corridor,Physical_Possession_Taken,1980,Private_Agricultural,280.0,140,0,0.8,FALSE,100.0,FALSE,98.5,Not_Applicable,32,TRUE,25,4,None,None,0,FALSE,0.95,Tier_2_Regional,4.8,1.20,4.3,Surplus,15,0.38,0.12,10.0,12,0.99,0
SIPCOT/BAR-AUTO/2020,Bargur Industrial Park Automobile Components Hub,Industrial_Infrastructure,State,Tamil Nadu,Krishnagiri (Bargur),Completed,Polygon,TNALIPA_1997,Industrial_Corridor,Physical_Possession_Taken,2180,Private_Agricultural_and_Hilly,310.0,160,0,1.0,FALSE,100.0,FALSE,98.5,Not_Applicable,35,TRUE,28,4,None,None,0,FALSE,0.96,Tier_2_Regional,4.8,1.20,4.4,Surplus,16,0.28,0.10,14.0,12,0.99,0
SIPCOT/HOS-EV/2021,Hosur Industrial Park Phase II Electric Two-Wheeler Hub,Industrial_Infrastructure,State,Tamil Nadu,Krishnagiri (Hosur),Completed,Polygon,TNALIPA_1997,Industrial_Corridor,Physical_Possession_Taken,2450,Private_Agricultural_and_Industrial,540.0,380,0,1.0,FALSE,100.0,FALSE,98.5,Not_Applicable,68,TRUE,65,15,None,None,0,FALSE,0.95,Tier_1_National,4.6,1.22,4.3,Surplus,15,0.25,0.08,16.0,12,0.99,0
SIPCOT/MAN-DEF/2021,Manapparai Industrial Park Defence Corridor Node,Industrial_Infrastructure,State,Tamil Nadu,Tiruchirappalli (Manapparai),Completed,Polygon,TNALIPA_1997,Industrial_Corridor,Physical_Possession_Taken,1850,Private_Agricultural_Arid,390.0,180,0,1.2,FALSE,100.0,FALSE,98.0,Not_Applicable,38,TRUE,32,6,None,None,0,FALSE,0.98,Tier_2_Regional,5.0,1.18,4.5,Surplus,16,0.30,0.10,15.0,14,0.98,0
SIPCOT/SLM-DEF/2021,Salem Defence Corridor Industrial Park Jagirammapalayam,Industrial_Infrastructure,State,Tamil Nadu,Salem,Completed,Polygon,TNALIPA_1997,Industrial_Corridor,Physical_Possession_Taken,1920,Government_and_Private_Industrial,210.0,85,0,0.8,FALSE,100.0,FALSE,98.5,Not_Applicable,28,TRUE,22,4,None,None,0,FALSE,0.95,Tier_2_Regional,4.8,1.20,4.4,Surplus,15,0.28,0.09,14.0,12,0.99,0
SIPCOT/TUT-ENG/2021,Thoothukudi Industrial Park Phase II Port Connectivity,Industrial_Infrastructure,State,Tamil Nadu,Thoothukudi,Completed,Polygon,TNALIPA_1997,Industrial_Corridor,Physical_Possession_Taken,2150,Coastal_and_Private_Agricultural,420.0,190,0,1.0,FALSE,100.0,FALSE,98.5,Stage_2_Final_Approved,45,TRUE,35,6,None,None,0,FALSE,0.96,Tier_1_National,5.0,1.18,4.5,Surplus,18,0.48,0.16,3.5,12,0.99,0
APIIC/VSP-ELEC/2019,Visakhapatnam Electronic Manufacturing Cluster EMC Gurrampalem,Industrial_Infrastructure,State,Andhra Pradesh,Visakhapatnam (Anakapalli),Completed,Polygon,LARR_Act_2013,Industrial_Corridor,Physical_Possession_Taken,2450,Government_Forest_and_Industrial,210.0,60,0,0.5,FALSE,100.0,FALSE,98.5,Not_Applicable,28,TRUE,15,0,None,None,0,FALSE,0.95,Tier_1_National,4.6,1.20,4.3,Surplus,15,0.50,0.15,6.0,12,0.99,0
APIIC/NLR-AUTO/2019,Menakur Industrial Park Phase II Heavy Engineering,Industrial_Infrastructure,State,Andhra Pradesh,Tirupati (Naidupeta),Completed,Polygon,LARR_Act_2013,Industrial_Corridor,Physical_Possession_Taken,2650,Private_Agricultural_and_Industrial,450.0,240,0,1.0,FALSE,100.0,FALSE,98.0,Not_Applicable,48,TRUE,38,8,None,None,0,FALSE,0.98,Tier_1_National,5.0,1.18,4.5,Surplus,16,0.42,0.14,7.5,12,0.99,0
APIIC/CTR-ELEC/2020,Tirupati Electronic Manufacturing Cluster EMC 2 Vikruthamala,Industrial_Infrastructure,State,Andhra Pradesh,Tirupati (Renigunta),Completed,Polygon,LARR_Act_2013,Industrial_Corridor,Physical_Possession_Taken,2180,Government_Agricultural,220.0,85,0,0.5,FALSE,100.0,FALSE,98.5,Not_Applicable,25,TRUE,14,2,None,None,0,FALSE,0.92,Tier_1_National,4.5,1.22,4.2,Surplus,14,0.35,0.12,12.0,10,0.99,0
APIIC/KRN-SOL/2021,Orvakal Mega Industrial Hub Drone and EV Park,Industrial_Infrastructure,State,Andhra Pradesh,Kurnool (Orvakal),Completed,Polygon,LARR_Act_2013,Industrial_Corridor,Physical_Possession_Taken,1980,Government_Arid_Wasteland,1850.0,110,0,0.0,FALSE,100.0,FALSE,99.0,Not_Applicable,35,TRUE,15,0,None,None,0,FALSE,0.94,Tier_1_National,4.5,1.22,4.2,Surplus,15,0.18,0.08,28.0,12,0.99,0
APIIC/BZA-MED/2021,Mallavalli Industrial Model Park Mega Food & Pharma,Industrial_Infrastructure,State,Andhra Pradesh,Krishna (Bapulapadu),Completed,Polygon,LARR_Act_2013,Industrial_Corridor,Physical_Possession_Taken,2250,Private_Agricultural,580.0,320,0,1.2,FALSE,99.8,FALSE,98.0,Not_Applicable,52,TRUE,48,8,None,None,0,FALSE,0.98,Tier_1_National,5.0,1.18,4.5,Surplus,18,0.45,0.15,5.5,12,0.98,0
TGIIC/HYD-PHAR/2019,Hyderabad Pharma City Mega Cluster Phase 1 Mucherla,Industrial_Infrastructure,State,Telangana,Ranga Reddy (Mucherla Kandukur),Ongoing,Polygon,LARR_Act_2013,Industrial_Corridor,Physical_Possession_Taken,2450,Private_Agricultural_and_Barren,3850.0,2400,8,4.8,TRUE,88.5,FALSE,94.0,Stage_2_Final_Approved,180,TRUE,850,140,None,Pollution_Risk_Land_Litigation,45,TRUE,1.38,Tier_1_National,14.5,0.92,5.8,Surplus,25,0.32,0.12,16.0,22,0.94,730
TGIIC/ZAH-NIMZ/2020,Zaheerabad National Investment and Manufacturing Zone NIMZ,Industrial_Infrastructure,Central,Telangana,Sangareddy (Zaheerabad),Ongoing,Polygon,LARR_Act_2013,Industrial_Corridor,Section_11_Preliminary_Notification,850,Private_Agricultural,2450.0,1850,2,3.5,FALSE,82.0,FALSE,94.5,Stage_1_In_Principle,110,TRUE,420,55,None,None,0,FALSE,1.12,Tier_1_National,7.5,1.10,5.0,Surplus,20,0.28,0.10,18.0,16,0.96,0
TGIIC/WAR-TX/2020,Kakatiya Mega Textile Park KMTP Warangal Shayampet,Industrial_Infrastructure,State,Telangana,Warangal,Completed,Polygon,LARR_Act_2013,Industrial_Corridor,Physical_Possession_Taken,2180,Private_Agricultural,480.0,310,0,1.0,FALSE,100.0,FALSE,98.0,Not_Applicable,48,TRUE,38,6,None,None,0,FALSE,0.96,Tier_1_National,4.8,1.20,4.4,Surplus,16,0.35,0.12,11.0,12,0.99,0
TGIIC/CHA-ELEC/2021,Chandanvelly Industrial Park Electric Mobility Cluster,Industrial_Infrastructure,State,Telangana,Ranga Reddy (Shabad Chandanvelly),Completed,Polygon,LARR_Act_2013,Industrial_Corridor,Physical_Possession_Taken,1850,Private_Agricultural,620.0,280,0,0.8,FALSE,100.0,FALSE,98.5,Not_Applicable,55,TRUE,42,4,None,None,0,FALSE,0.94,Tier_1_National,4.6,1.22,4.3,Surplus,15,0.26,0.08,17.0,12,0.99,0
TGIIC/SIT-IT/2021,Sitarampur Industrial Park Data Center & Fab City,Industrial_Infrastructure,State,Telangana,Ranga Reddy (Sitarampur),Completed,Polygon,LARR_Act_2013,Industrial_Corridor,Physical_Possession_Taken,1720,Private_Agricultural,410.0,190,0,0.6,FALSE,100.0,FALSE,98.5,Not_Applicable,42,TRUE,28,2,None,None,0,FALSE,0.92,Tier_1_National,4.5,1.22,4.2,Surplus,15,0.25,0.08,18.0,10,0.99,0
DPIIT/707414,Multi Modal Transport Hub Boraki Greater Noida Phase 1,Industrial_Infrastructure,Central,Uttar Pradesh,Gautam Buddha Nagar (Boraki),Ongoing,Polygon,LARR_Act_2013,Logistics_Park,Section_11_Preliminary_Notification,420,Private_Agricultural_and_Urban,148.0,420,1,1.8,FALSE,68.5,FALSE,96.0,Not_Applicable,35,TRUE,48,12,None,None,0,FALSE,1.05,Tier_1_National,5.2,1.16,4.8,Surplus,18,0.22,0.08,14.0,14,0.98,0
DPIIT/601812,Development of Zaheerabad Node Hyderabad Nagpur Corridor,Industrial_Infrastructure,Central,Telangana,Sangareddy (Zaheerabad),Ongoing,Polygon,LARR_Act_2013,Industrial_Corridor,Section_11_Preliminary_Notification,520,Private_Agricultural_Arid,1240.0,980,1,2.5,FALSE,72.0,FALSE,95.5,Stage_1_In_Principle,65,TRUE,110,22,None,None,0,FALSE,1.08,Tier_1_National,5.8,1.14,4.9,Surplus,20,0.25,0.10,16.5,15,0.97,0
DPIIT/603210,Development of Jodhpur Pali Marwar Industrial Area JPMIA,Industrial_Infrastructure,Central,Rajasthan,Pali (Rohat),Ongoing,Polygon,LARR_Act_2013,Industrial_Corridor,Section_11_Preliminary_Notification,480,Government_Arid_Wasteland_and_Private,922.0,310,0,1.0,FALSE,78.5,FALSE,97.0,Not_Applicable,28,TRUE,35,6,None,None,0,FALSE,1.02,Tier_1_National,4.5,1.20,4.4,Surplus,15,0.10,0.05,42.0,12,0.99,0
DPIIT/701658,Krishnapatnam Node Phase 1 Roads & Services Development,Industrial_Infrastructure,Central,Andhra Pradesh,Nellore (Krishnapatnam),Ongoing,Polygon,LARR_Act_2013,Industrial_Corridor,Physical_Possession_Taken,820,Coastal_and_Private_Agricultural,857.0,620,1,2.0,FALSE,92.5,FALSE,96.5,Stage_2_Final_Approved,48,TRUE,95,18,None,None,0,FALSE,1.05,Tier_1_National,5.5,1.15,4.7,Surplus,18,0.50,0.16,3.8,14,0.98,0
DPIIT/701668,Development of Palakkad Node CBIC Extension to Kochi,Industrial_Infrastructure,Central,Kerala,Palakkad (Kannambra & Pudussery),Ongoing,Polygon,LARR_Act_2013,Industrial_Corridor,Section_11_Preliminary_Notification,610,Private_Agricultural_and_Plantation,745.0,650,2,4.0,FALSE,68.0,FALSE,94.5,Stage_1_Applied,85,TRUE,110,38,None,Citizen_Activist_Protest,15,FALSE,1.16,Tier_1_National,8.2,1.04,5.2,Adequate,22,0.65,0.20,5.0,18,0.95,0
DPIIT/707419,Integrated Manufacturing Cluster IMC at Prayagraj,Industrial_Infrastructure,Central,Uttar Pradesh,Prayagraj (Saraswati Hi-Tech City),Ongoing,Polygon,LARR_Act_2013,Industrial_Corridor,Section_11_Preliminary_Notification,380,Private_Agricultural_and_Barren,658.0,850,1,2.2,FALSE,62.0,FALSE,95.0,Not_Applicable,52,TRUE,120,24,None,None,0,FALSE,1.06,Tier_1_National,5.5,1.15,4.8,Surplus,18,0.32,0.10,12.0,14,0.97,0
DHE/602098,Permanent Campus for IIM Jammu Phase 1 Jagti Nagrota,Social_Infrastructure,Central,Jammu & Kashmir,Jammu (Jagti Nagrota),Ongoing,Polygon,LARR_Act_2013,Educational_Campus,Physical_Possession_Taken,1180,Government_SubHimalayan_Barren,80.9,0,0,0.0,FALSE,100.0,FALSE,98.0,Not_Applicable,18,TRUE,0,0,None,None,0,FALSE,1.12,Tier_1_National,6.5,1.12,5.0,Adequate,22,0.38,0.12,18.0,15,0.97,153
DHE/602099,Establishment of Permanent Campus Phase 1 IIM Sirmaur,Social_Infrastructure,Central,Himachal Pradesh,Sirmaur (Dhaula Kuan),Ongoing,Polygon,LARR_Act_2013,Educational_Campus,Physical_Possession_Taken,980,Government_SubHimalayan,85.0,0,0,0.0,FALSE,100.0,FALSE,97.5,Not_Applicable,16,TRUE,0,0,None,None,0,FALSE,1.15,Tier_1_National,7.2,1.08,5.1,Adequate,24,0.45,0.15,20.0,16,0.96,242
DHE/605292,Permanent Campus Indian Institute of Management Amritsar Phase 1,Social_Infrastructure,Central,Punjab,Amritsar (Manawala),Ongoing,Polygon,LARR_Act_2013,Educational_Campus,Physical_Possession_Taken,1150,Government_Agricultural,24.5,0,0,0.0,FALSE,100.0,FALSE,98.5,Not_Applicable,14,TRUE,0,0,None,None,0,FALSE,1.18,Tier_1_National,7.8,1.06,5.2,Surplus,18,0.22,0.08,14.0,15,0.97,365
DHE/606013,Additional Campus of National Institute of Technology Patna,Social_Infrastructure,Central,Bihar,Patna (Bihta),Ongoing,Polygon,LARR_Act_2013,Educational_Campus,Physical_Possession_Taken,1250,Government_Agricultural,50.0,0,0,0.0,FALSE,100.0,FALSE,98.0,Not_Applicable,22,TRUE,0,0,None,None,0,FALSE,1.10,Tier_1_National,6.0,1.14,4.9,Surplus,18,0.55,0.16,6.0,14,0.97,184
DHE/606112,Tezpur University Academic Pods & Infrastructure Expansion,Social_Infrastructure,Central,Assam,Sonitpur (Napaam),Ongoing,Point,LARR_Act_2013,Educational_Campus,Physical_Possession_Taken,1320,Government_Educational_Estate,18.0,0,0,0.0,FALSE,100.0,FALSE,98.5,Not_Applicable,10,TRUE,0,0,None,None,0,FALSE,1.08,Tier_2_Regional,6.2,1.12,4.8,Adequate,20,0.82,0.22,3.5,14,0.97,180
DHE/606431,Permanent Campus for IIT Palakkad under Phase 1A Pudussery,Social_Infrastructure,Central,Kerala,Palakkad (Pudussery West),Ongoing,Polygon,LARR_Act_2013,Educational_Campus,Physical_Possession_Taken,1450,Government_Barren_and_Dry,202.0,0,0,0.0,FALSE,100.0,FALSE,98.5,Not_Applicable,20,TRUE,0,0,None,None,0,FALSE,1.06,Tier_1_National,5.5,1.16,4.7,Adequate,20,0.62,0.15,8.0,14,0.98,240
DHE/609736,Sikkim University Campus Phase 1 Pkg 2 Yangang,Social_Infrastructure,Central,Sikkim,South Sikkim (Yangang),Ongoing,Polygon,LARR_Act_2013,Educational_Campus,Physical_Possession_Taken,1280,Mountainous_Forest_and_Terraced,121.0,45,0,0.0,FALSE,100.0,FALSE,97.0,Stage_2_Final_Approved,15,TRUE,12,0,None,Active_Landslide_Disruption,15,TRUE,1.38,Tier_2_Regional,15.5,0.88,6.2,Scarce,45,0.95,0.38,35.0,22,0.93,120
DHE/609996,Precast Housing and Hostels Construction at IIT Hyderabad,Social_Infrastructure,Central,Telangana,Sangareddy (Kandi),Completed,Point,LARR_Act_2013,Educational_Campus,Physical_Possession_Taken,1120,Government_Educational_Estate,28.5,0,0,0.0,FALSE,100.0,FALSE,99.0,Not_Applicable,12,TRUE,0,0,None,None,0,FALSE,0.98,Tier_1_National,4.5,1.20,4.4,Surplus,15,0.25,0.08,16.0,12,0.99,0
DHE/611961,Construction of IIT Bhubaneswar Phase 3 Academic Infrastructure,Social_Infrastructure,Central,Odisha,Khurda (Argul),Ongoing,Polygon,LARR_Act_2013,Educational_Campus,Physical_Possession_Taken,850,Government_Educational_Estate,42.0,0,0,0.0,FALSE,100.0,FALSE,98.5,Not_Applicable,16,TRUE,0,0,None,None,0,FALSE,1.02,Tier_1_National,4.8,1.18,4.5,Surplus,16,0.58,0.16,7.5,12,0.98,0
DHE/612876,Permanent Campus for NIT Mizoram at Lengpui Aizawl,Social_Infrastructure,Central,Mizoram,Aizawl (Lengpui),Ongoing,Polygon,LARR_Act_2013,Educational_Campus,Physical_Possession_Taken,1850,Mountainous_Forest_and_Customary,190.0,24,0,0.0,FALSE,100.0,FALSE,96.5,Stage_2_Final_Approved,14,TRUE,8,0,None,None,12,FALSE,1.42,Tier_2_Regional,18.0,0.85,6.5,Scarce,48,0.98,0.40,40.0,24,0.92,730
DHE/612877,Establishment of NIT Puducherry Permanent Campus Phase 1 & 2,Social_Infrastructure,Central,Puducherry,Karaikal (Thiruvettakudy),Ongoing,Polygon,LARR_Act_2013,Educational_Campus,Physical_Possession_Taken,1450,Coastal_Saline_and_Government,104.0,0,0,0.0,FALSE,100.0,FALSE,98.0,Not_Applicable,18,TRUE,0,0,None,None,0,FALSE,1.08,Tier_1_National,6.0,1.14,4.8,Surplus,18,0.55,0.16,2.0,14,0.98,150
DHE/612898,Permanent Campus National Institute of Technology Arunachal Pradesh,Social_Infrastructure,Central,Arunachal Pradesh,Papum Pare (Jote),Ongoing,Polygon,LARR_Act_2013,Educational_Campus,Physical_Possession_Taken,1980,Mountainous_Forest,125.0,0,0,0.0,FALSE,100.0,FALSE,96.0,Stage_2_Final_Approved,15,TRUE,0,0,None,None,10,FALSE,1.35,Tier_2_Regional,16.5,0.90,6.0,Scarce,45,0.95,0.36,30.0,22,0.93,540
DHE/612916,Permanent Campus Central University of Gujarat Kundhela Vadodara,Social_Infrastructure,Central,Gujarat,Vadodara (Kundhela),Ongoing,Polygon,LARR_Act_2013,Educational_Campus,Physical_Possession_Taken,890,Government_Agricultural,40.5,0,0,0.0,FALSE,100.0,FALSE,98.5,Not_Applicable,14,TRUE,0,0,None,None,0,FALSE,1.02,Tier_1_National,4.8,1.18,4.5,Surplus,16,0.28,0.10,14.0,12,0.99,0
DHE/613008,Permanent Campus Central Tribal University of Andhra Pradesh Phase 1,Social_Infrastructure,Central,Andhra Pradesh,Vizianagaram (Salur),Ongoing,Polygon,LARR_Act_2013,Educational_Campus,Physical_Possession_Taken,520,Government_Forest_Buffer_and_Tribal,226.0,0,0,0.0,FALSE,100.0,FALSE,98.0,Stage_1_In_Principle,18,TRUE,0,0,None,None,0,FALSE,1.05,Tier_1_National,5.2,1.16,4.6,Adequate,20,0.48,0.16,10.0,14,0.98,0
DHE/613013,Establishment of Permanent Campus of NIT Nagaland Chumukedima,Social_Infrastructure,Central,Nagaland,Chumukedima,Ongoing,Polygon,LARR_Act_2013,Educational_Campus,Physical_Possession_Taken,1720,SubHimalayan_Customary,118.0,0,0,0.0,FALSE,100.0,FALSE,97.0,Stage_2_Final_Approved,12,TRUE,0,0,None,None,15,FALSE,1.32,Tier_2_Regional,15.0,0.92,6.0,Scarce,42,0.92,0.34,25.0,20,0.94,240
NCL/701290,Jayant Opencast Expansion 20 to 38 MTPA Heavy Earthmoving Project,Mining,Central,Madhya Pradesh,Singrauli (Jayant),Ongoing,Polygon,Coal_Bearing_Areas_Act_1957,Coal_Mine,Physical_Possession_Taken,1650,Colliery_Forest_and_Agricultural,1820.0,3100,2,5.5,FALSE,82.5,FALSE,94.0,Stage_2_Final_Approved,65,TRUE,1250,95,None,None,10,FALSE,1.18,Tier_1_National,11.5,0.98,5.4,Adequate,26,0.35,0.16,14.0,18,0.95,0
NCL/701291,Dudhichua Opencast Expansion 15 to 25 MTPA Coal Handling Plant,Mining,Central,Madhya Pradesh & Uttar Pradesh,Singrauli & Sonbhadra,Ongoing,Polygon,Coal_Bearing_Areas_Act_1957,Coal_Mine,Physical_Possession_Taken,1450,Colliery_and_Forest,1450.0,2200,1,4.2,FALSE,88.0,FALSE,95.0,Stage_2_Final_Approved,52,TRUE,850,68,None,None,5,FALSE,1.12,Tier_1_National,9.5,1.05,5.1,Adequate,24,0.32,0.15,15.0,16,0.96,0
NCL/701292,Nigahi Opencast Coal Mine Expansion 15 to 25 MTPA NCL,Mining,Central,Madhya Pradesh,Singrauli (Nigahi),Ongoing,Polygon,Coal_Bearing_Areas_Act_1957,Coal_Mine,Physical_Possession_Taken,1380,Forest_and_Colliery_Land,1650.0,2450,1,3.8,FALSE,89.5,FALSE,95.5,Stage_2_Final_Approved,58,TRUE,920,74,None,None,0,FALSE,1.10,Tier_1_National,8.8,1.08,5.0,Adequate,22,0.34,0.15,14.5,16,0.97,0
NCL/701293,Bina Opencast Coal Mine Infrastructure and Silo Rail Rapid Loading,Mining,Central,Uttar Pradesh,Sonbhadra (Bina),Completed,Point,Coal_Bearing_Areas_Act_1957,Coal_Mine,Physical_Possession_Taken,1980,Government_Colliery_Industrial,45.0,0,0,0.0,FALSE,100.0,FALSE,98.5,Not_Applicable,18,TRUE,0,0,None,None,0,FALSE,0.98,Tier_1_National,5.0,1.18,4.5,Surplus,16,0.30,0.12,12.0,12,0.99,0
NCL/701294,Amlohri Opencast Mine Rapid Loading System Railway Dispatch Siding,Mining,Central,Madhya Pradesh,Singrauli (Amlohri),Completed,Point,Coal_Bearing_Areas_Act_1957,Coal_Mine,Physical_Possession_Taken,2150,Government_Colliery_Industrial,38.0,0,0,0.0,FALSE,100.0,FALSE,98.0,Not_Applicable,15,TRUE,0,0,None,None,0,FALSE,1.02,Tier_1_National,5.2,1.16,4.6,Adequate,18,0.32,0.14,13.0,12,0.99,0
NCL/701295,Block B Opencast Coal Mine FMC First Mile Connectivity Conveyor,Mining,Central,Madhya Pradesh,Singrauli (Gorbi),Completed,Linear,Coal_Bearing_Areas_Act_1957,Coal_Mine,Physical_Possession_Taken,1820,Colliery_and_Industrial,22.0,0,0,0.0,FALSE,100.0,FALSE,98.5,Not_Applicable,12,TRUE,0,0,None,None,0,FALSE,0.96,Tier_1_National,4.8,1.20,4.4,Surplus,15,0.30,0.12,14.0,12,0.99,0
NCL/701296,Khadiya Opencast Mine Capacity Expansion Shovel Dumper Fleet,Mining,Central,Uttar Pradesh & MP,Sonbhadra & Singrauli,Ongoing,Polygon,Coal_Bearing_Areas_Act_1957,Coal_Mine,Physical_Possession_Taken,1250,Colliery_and_Forest,1120.0,1650,1,3.2,FALSE,92.0,FALSE,96.0,Stage_2_Final_Approved,42,TRUE,580,45,None,None,0,FALSE,1.08,Tier_1_National,7.5,1.10,5.0,Adequate,20,0.32,0.14,15.0,15,0.97,0
CCL/701297,North Urimari Opencast Coal Mine Project Barka Sayal,Mining,Central,Jharkhand,Ramgarh (Sayal),Ongoing,Polygon,Coal_Bearing_Areas_Act_1957,Coal_Mine,Physical_Possession_Taken,1650,Forest_and_Agricultural,850.0,1850,2,5.2,FALSE,84.0,FALSE,93.5,Stage_2_Final_Approved,48,TRUE,720,54,None,Farmer_Land_Protest,20,TRUE,1.28,Tier_1_National,12.5,0.95,5.6,Adequate,26,0.45,0.18,10.0,20,0.94,420
CCL/701298,Amrapali Opencast Coal Mine FMC Railway Siding Shivpur,Mining,Central,Jharkhand,Chatra (Tandwa),Completed,Linear,Railways_Act_1989,Coal_Mine,Physical_Possession_Taken,2450,Private_Agricultural_and_Coal,95.0,420,1,2.5,FALSE,99.0,FALSE,96.5,Stage_2_Final_Approved,38,TRUE,140,24,None,None,10,FALSE,1.14,Tier_1_National,7.8,1.08,5.1,Surplus,22,0.48,0.18,9.0,15,0.97,180
CCL/701299,Magadh Opencast Coal Mine Expansion 20 to 51 MTPA Tandwa,Mining,Central,Jharkhand,Chatra (Tandwa),Ongoing,Polygon,Coal_Bearing_Areas_Act_1957,Coal_Mine,Physical_Possession_Taken,1850,Forest_and_Agricultural,2450.0,4500,3,6.8,FALSE,86.5,FALSE,93.0,Stage_2_Final_Approved,85,TRUE,2100,160,None,Tribal_Displacement_Protest,35,TRUE,1.38,Tier_1_National,16.0,0.90,5.8,Scarce,32,0.50,0.20,8.5,22,0.93,730
CCL/701300,Chandragupta Opencast Project North Karanpura Coalfield,Mining,Central,Jharkhand,Chatra,Ongoing,Polygon,Coal_Bearing_Areas_Act_1957,Coal_Mine,Section_9_1_Declaration,920,Forest_and_Agricultural,1450.0,2800,2,7.5,TRUE,65.0,FALSE,91.5,Stage_1_In_Principle,62,TRUE,1150,88,None,None,15,FALSE,1.25,Tier_1_National,14.0,0.92,5.6,Adequate,30,0.48,0.20,9.0,20,0.94,0
CCL/701301,Sanghamitra Opencast Mine North Karanpura Coalfield,Mining,Central,Jharkhand,Chatra,Ongoing,Polygon,Coal_Bearing_Areas_Act_1957,Coal_Mine,Section_9_1_Declaration,880,Forest_and_Agricultural,1280.0,2400,2,8.0,TRUE,58.0,FALSE,91.0,Stage_1_Applied,55,TRUE,980,75,None,None,12,FALSE,1.28,Tier_1_National,14.5,0.90,5.8,Adequate,30,0.50,0.20,9.5,20,0.93,0
CCL/701302,Piparwar Washery Reorganisation and Slurry Circuit Modernisation,Mining,Central,Jharkhand,Chatra (Piparwar),Completed,Point,Coal_Bearing_Areas_Act_1957,Coal_Mine,Physical_Possession_Taken,2180,Government_Colliery_Industrial,28.0,0,0,0.0,FALSE,100.0,FALSE,98.5,Not_Applicable,14,TRUE,0,0,None,None,0,FALSE,0.95,Tier_1_National,4.8,1.20,4.4,Surplus,16,0.45,0.16,11.0,12,0.99,0
CCL/701303,Konar Opencast Coal Mine Project B&K Area Bokaro,Mining,Central,Jharkhand,Bokaro (Bermo),Ongoing,Polygon,Coal_Bearing_Areas_Act_1957,Coal_Mine,Physical_Possession_Taken,1720,Forest_and_Agricultural,640.0,1420,1,4.5,FALSE,91.0,FALSE,94.5,Stage_2_Final_Approved,35,TRUE,540,42,None,None,10,FALSE,1.18,Tier_1_National,9.5,1.02,5.2,Surplus,22,0.45,0.16,10.0,16,0.96,240
BCCL/701304,Madhuban Coal Washery 5 MTPA Coking Coal Processing Plant,Mining,Central,Jharkhand,Dhanbad (Madhuban),Completed,Polygon,Coal_Bearing_Areas_Act_1957,Coal_Mine,Physical_Possession_Taken,2450,Government_Colliery_Industrial,42.0,0,0,0.0,FALSE,100.0,FALSE,98.0,Not_Applicable,28,TRUE,0,0,None,None,0,FALSE,1.02,Tier_1_National,5.5,1.16,4.6,Surplus,18,0.40,0.15,11.5,12,0.98,90
BCCL/701305,Munidih Washery 2.5 MTPA State of Art Coking Coal Hub,Mining,Central,Jharkhand,Dhanbad (Moonidih),Completed,Polygon,Coal_Bearing_Areas_Act_1957,Coal_Mine,Physical_Possession_Taken,2380,Government_Colliery_Industrial,34.0,0,0,0.0,FALSE,100.0,FALSE,98.0,Not_Applicable,24,TRUE,0,0,None,None,0,FALSE,1.04,Tier_1_National,5.8,1.15,4.7,Surplus,18,0.42,0.16,11.0,12,0.98,120
BCCL/701306,Dahibari Basantimata Opencast Fire Fighting and Coal Recovery,Mining,Central,Jharkhand,Dhanbad (Chirkunda),Ongoing,Polygon,Coal_Bearing_Areas_Act_1957,Coal_Mine,Physical_Possession_Taken,1650,Colliery_and_Settlement,420.0,950,1,3.8,FALSE,94.0,FALSE,95.5,Not_Applicable,45,TRUE,480,38,None,None,10,FALSE,1.20,Tier_1_National,10.5,0.98,5.4,Surplus,22,0.42,0.16,10.5,16,0.95,310
BCCL/701307,Damoda Underground to Opencast Reorganisation Barora,Mining,Central,Jharkhand,Dhanbad & Bokaro,Ongoing,Polygon,Coal_Bearing_Areas_Act_1957,Coal_Mine,Physical_Possession_Taken,1450,Colliery_and_Agricultural,380.0,820,1,3.2,FALSE,92.5,FALSE,95.0,Not_Applicable,38,TRUE,380,30,None,None,5,FALSE,1.15,Tier_1_National,9.0,1.05,5.1,Surplus,20,0.40,0.15,11.0,15,0.96,180
WCL/701308,Durgapur Extension Deep Opencast Coal Mine Chandrapur,Mining,Central,Maharashtra,Chandrapur,Ongoing,Polygon,Coal_Bearing_Areas_Act_1957,Coal_Mine,Physical_Possession_Taken,1980,Agricultural_and_Forest,680.0,1450,1,3.0,FALSE,95.5,FALSE,95.5,Stage_2_Final_Approved,48,TRUE,620,48,None,None,0,FALSE,1.12,Tier_1_National,8.5,1.08,5.0,Surplus,22,0.36,0.14,11.0,16,0.96,210
WCL/701309,Penganga Opencast Coal Mine Project Expansion Majri,Mining,Central,Maharashtra,Chandrapur (Bhadravati),Completed,Polygon,Coal_Bearing_Areas_Act_1957,Coal_Mine,Physical_Possession_Taken,2450,Forest_and_Agricultural,780.0,1680,1,2.5,FALSE,99.2,FALSE,97.0,Stage_2_Final_Approved,52,TRUE,750,55,None,None,0,FALSE,1.06,Tier_1_National,6.5,1.12,4.8,Surplus,20,0.38,0.14,10.5,14,0.98,90
WCL/701310,Makardhokra I Opencast Coal Mine Umrer Area,Mining,Central,Maharashtra,Nagpur (Umred),Completed,Polygon,Coal_Bearing_Areas_Act_1957,Coal_Mine,Physical_Possession_Taken,2650,Private_Agricultural,520.0,1150,0,1.8,FALSE,100.0,FALSE,97.5,Not_Applicable,35,TRUE,480,32,None,None,0,FALSE,1.02,Tier_1_National,5.5,1.16,4.6,Surplus,18,0.30,0.10,13.0,12,0.99,0
WCL/701311,Singhori Opencast Coal Mine Project Nagpur Area,Mining,Central,Maharashtra,Nagpur (Saoner),Ongoing,Polygon,Coal_Bearing_Areas_Act_1957,Coal_Mine,Physical_Possession_Taken,1450,Private_Agricultural,410.0,890,0,2.0,FALSE,96.5,FALSE,96.5,Not_Applicable,28,TRUE,350,24,None,None,0,FALSE,1.05,Tier_1_National,6.0,1.14,4.8,Surplus,18,0.28,0.10,14.5,14,0.98,0
WCL/701312,Gauri Deep Opencast Coal Mine Ballarpur Area,Mining,Central,Maharashtra,Chandrapur (Rajura),Ongoing,Polygon,Coal_Bearing_Areas_Act_1957,Coal_Mine,Physical_Possession_Taken,1680,Agricultural_and_Forest,580.0,1240,1,3.5,FALSE,94.0,FALSE,95.0,Stage_2_Final_Approved,38,TRUE,510,40,None,None,5,FALSE,1.15,Tier_1_National,8.8,1.05,5.1,Surplus,20,0.38,0.14,10.0,16,0.96,150
SECL/701313,Gevra Opencast Expansion 50 to 70 MTPA Mega Colliery,Mining,Central,Chhattisgarh,Korba (Gevra),Ongoing,Polygon,Coal_Bearing_Areas_Act_1957,Coal_Mine,Physical_Possession_Taken,2450,Forest_Agricultural_and_Coal,4180.0,7800,4,6.2,FALSE,92.5,FALSE,94.0,Stage_2_Final_Approved,110,TRUE,3800,280,None,None,15,FALSE,1.25,Tier_1_National,12.5,0.95,5.6,Surplus,26,0.45,0.18,9.5,18,0.95,365
SECL/701314,Kusmunda Opencast Mine Expansion 50 to 62.5 MTPA FMC,Mining,Central,Chhattisgarh,Korba (Kusmunda),Ongoing,Polygon,Coal_Bearing_Areas_Act_1957,Coal_Mine,Physical_Possession_Taken,2250,Forest_Agricultural_and_Coal,3520.0,6400,3,5.5,FALSE,94.0,FALSE,95.0,Stage_2_Final_Approved,95,TRUE,3100,220,None,None,10,FALSE,1.20,Tier_1_National,11.5,0.98,5.4,Surplus,24,0.48,0.18,9.0,18,0.96,240
SECL/701315,Dipka Opencast Coal Mine Expansion 35 to 40 MTPA FMC Silo,Mining,Central,Chhattisgarh,Korba (Dipka),Completed,Polygon,Coal_Bearing_Areas_Act_1957,Coal_Mine,Physical_Possession_Taken,2750,Colliery_Forest_and_Agricultural,2850.0,5200,2,4.8,FALSE,99.0,FALSE,96.5,Stage_2_Final_Approved,82,TRUE,2400,165,None,None,5,FALSE,1.12,Tier_1_National,8.5,1.05,5.0,Surplus,22,0.46,0.16,10.0,15,0.97,120
SECL/701316,Pelma Opencast Coal Mine MDO Mode Raigarh Area,Mining,Central,Chhattisgarh,Raigarh,Ongoing,Polygon,Coal_Bearing_Areas_Act_1957,Coal_Mine,Section_9_1_Declaration,1120,Forest_and_Tribal_Agricultural,1650.0,3200,2,7.5,TRUE,62.0,FALSE,91.5,Stage_1_In_Principle,65,TRUE,1400,95,None,Tribal_Land_Agitation,40,TRUE,1.42,Tier_1_National,16.5,0.85,6.0,Scarce,35,0.52,0.22,8.5,24,0.92,450
SECL/701317,Chhal Opencast Mine Rapid Loading System Rail Siding Raigarh,Mining,Central,Chhattisgarh,Raigarh (Chhal),Completed,Linear,Railways_Act_1989,Coal_Mine,Physical_Possession_Taken,1980,Private_Agricultural_and_Coal,58.0,240,0,1.5,FALSE,100.0,FALSE,98.0,Stage_2_Final_Approved,24,TRUE,85,14,None,None,0,FALSE,1.02,Tier_1_National,5.2,1.16,4.6,Surplus,18,0.42,0.16,10.5,14,0.98,0
SECL/701318,Baroud Opencast Mine Capacity Expansion Raigarh Mand,Mining,Central,Chhattisgarh,Raigarh (Gharghoda),Ongoing,Polygon,Coal_Bearing_Areas_Act_1957,Coal_Mine,Physical_Possession_Taken,1650,Forest_and_Agricultural,890.0,1850,1,4.2,FALSE,91.5,FALSE,94.5,Stage_2_Final_Approved,45,TRUE,780,58,None,None,10,FALSE,1.16,Tier_1_National,9.5,1.02,5.2,Adequate,24,0.45,0.18,10.0,16,0.95,180
MCL/701319,Bhubaneswari Opencast Coal Mine Expansion 40 MTPA Talcher,Mining,Central,Odisha,Angul (Talcher),Ongoing,Polygon,Coal_Bearing_Areas_Act_1957,Coal_Mine,Physical_Possession_Taken,2450,Colliery_Forest_and_Agricultural,1850.0,3400,2,4.5,FALSE,96.5,FALSE,95.5,Stage_2_Final_Approved,75,TRUE,1450,110,None,None,10,FALSE,1.18,Tier_1_National,10.5,1.02,5.2,Surplus,24,0.55,0.18,8.5,16,0.96,310
MCL/701320,Lakhanpur Opencast Expansion 21 MTPA Ib Valley Coalfield,Mining,Central,Odisha,Jharsuguda (Belpahar),Completed,Polygon,Coal_Bearing_Areas_Act_1957,Coal_Mine,Physical_Possession_Taken,2850,Forest_and_Agricultural,1420.0,2650,1,3.5,FALSE,99.5,FALSE,97.0,Stage_2_Final_Approved,65,TRUE,1120,85,None,None,5,FALSE,1.08,Tier_1_National,7.5,1.08,4.9,Surplus,20,0.48,0.15,10.0,14,0.97,90
MCL/701321,Belpahar Opencast Coal Mine Project Expansion Ib Valley,Mining,Central,Odisha,Jharsuguda,Completed,Polygon,Coal_Bearing_Areas_Act_1957,Coal_Mine,Physical_Possession_Taken,2750,Colliery_and_Private_Land,1180.0,2100,0,2.8,FALSE,100.0,FALSE,98.0,Stage_2_Final_Approved,54,TRUE,850,62,None,None,0,FALSE,1.05,Tier_1_National,6.8,1.12,4.8,Surplus,18,0.46,0.15,10.5,14,0.98,60
MCL/701322,Kulda Opencast Coal Mine Expansion Basundhara Area Sundargarh,Mining,Central,Odisha,Sundargarh (Hemgir),Completed,Polygon,Coal_Bearing_Areas_Act_1957,Coal_Mine,Physical_Possession_Taken,2650,Forest_and_Agricultural,1250.0,2250,1,3.2,FALSE,99.0,FALSE,97.0,Stage_2_Final_Approved,58,TRUE,920,70,None,None,0,FALSE,1.10,Tier_1_National,7.8,1.08,5.0,Surplus,20,0.50,0.16,9.5,15,0.97,120
MCL/701323,Garjanbahal Opencast Mine Basundhara Sundargarh FMC,Mining,Central,Odisha,Sundargarh (Hemgir),Completed,Polygon,Coal_Bearing_Areas_Act_1957,Coal_Mine,Physical_Possession_Taken,2450,Forest_and_Tribal_Agricultural,1150.0,1980,1,3.8,FALSE,98.5,FALSE,96.5,Stage_2_Final_Approved,48,TRUE,780,58,None,None,5,FALSE,1.12,Tier_1_National,8.2,1.06,5.1,Adequate,22,0.48,0.16,10.0,15,0.97,150
MCL/701324,Ananta Opencast Coal Mine FMC Rapid Loading Silo System,Mining,Central,Odisha,Angul (Talcher),Completed,Point,Coal_Bearing_Areas_Act_1957,Coal_Mine,Physical_Possession_Taken,2180,Government_Colliery_Industrial,38.0,0,0,0.0,FALSE,100.0,FALSE,98.5,Not_Applicable,18,TRUE,0,0,None,None,0,FALSE,0.96,Tier_1_National,5.0,1.18,4.5,Surplus,16,0.52,0.16,9.0,12,0.99,0
MCL/701325,Bharatpur Opencast Mine Phase II Expansion Talcher Coalfield,Mining,Central,Odisha,Angul (Talcher),Ongoing,Polygon,Coal_Bearing_Areas_Act_1957,Coal_Mine,Physical_Possession_Taken,1750,Colliery_and_Agricultural,980.0,1850,1,3.5,FALSE,92.0,FALSE,95.0,Stage_2_Final_Approved,52,TRUE,850,65,None,None,10,FALSE,1.18,Tier_1_National,9.5,1.02,5.2,Surplus,22,0.55,0.18,8.5,16,0.96,210
MCL/701326,Hingula Opencast Coal Mine FMC Railway Dispatch Yard,Mining,Central,Odisha,Angul (Talcher),Completed,Linear,Railways_Act_1989,Coal_Mine,Physical_Possession_Taken,2150,Government_and_Private_Coal,62.0,180,0,1.5,FALSE,100.0,FALSE,98.0,Stage_2_Final_Approved,28,TRUE,65,12,None,None,0,FALSE,1.02,Tier_1_National,5.5,1.15,4.6,Surplus,18,0.52,0.16,9.0,14,0.98,45
MCL/701327,Jagannath Opencast Coal Mine Slope Stability & Siding Upgrade,Mining,Central,Odisha,Angul (Talcher),Completed,Point,Coal_Bearing_Areas_Act_1957,Coal_Mine,Physical_Possession_Taken,2380,Government_Colliery_Industrial,45.0,0,0,0.0,FALSE,100.0,FALSE,98.5,Not_Applicable,22,TRUE,0,0,None,None,0,FALSE,0.98,Tier_1_National,5.0,1.18,4.4,Surplus,16,0.55,0.18,8.5,12,0.99,0
MCL/701328,Siarmal Opencast Mine MDO Project 50 MTPA Sundargarh,Mining,Central,Odisha,Sundargarh,Ongoing,Polygon,Coal_Bearing_Areas_Act_1957,Coal_Mine,Section_9_1_Declaration,950,Forest_and_Tribal_Agricultural,2850.0,4800,3,7.2,TRUE,55.0,FALSE,91.0,Stage_1_In_Principle,85,TRUE,2400,180,None,Active_Tribal_Protest,45,TRUE,1.45,Tier_1_National,18.5,0.82,6.2,Scarce,38,0.50,0.20,9.0,24,0.91,620
MCL/701329,Subhadra Opencast Coal Mine Project Talcher Coalfield,Mining,Central,Odisha,Angul,Ongoing,Polygon,Coal_Bearing_Areas_Act_1957,Coal_Mine,Section_9_1_Declaration,890,Forest_and_Agricultural,1650.0,2850,2,6.5,TRUE,62.0,FALSE,92.5,Stage_1_Applied,65,TRUE,1250,92,None,None,15,FALSE,1.32,Tier_1_National,14.0,0.92,5.6,Adequate,30,0.54,0.18,8.5,20,0.93,0
IOCL/701330,Paradip to Hyderabad Pipeline PHPL Capacity Expansion,Energy,Central,Odisha AP Telangana,Paradip to Hyderabad,Ongoing,Linear,PMP_Act_1962,Pipeline,RoU_Acquired,1150,Private_Agricultural,420.0,1850,1,2.0,FALSE,95.5,FALSE,97.0,Stage_2_Final_Approved,110,TRUE,180,32,None,None,0,FALSE,1.06,Tier_1_National,5.8,1.15,4.7,Surplus,18,0.45,0.15,9.0,14,0.97,60
IOCL/701331,Paradip Haldia Durgapur LPG Pipeline Extension to Patna,Energy,Central,West Bengal Jharkhand Bihar,Durgapur to Patna,Ongoing,Linear,PMP_Act_1962,Pipeline,RoU_Acquired,1280,Private_Agricultural_and_Riparian,340.0,1450,1,2.5,FALSE,94.0,FALSE,96.5,Stage_2_Final_Approved,145,TRUE,210,38,None,None,0,FALSE,1.08,Tier_1_National,6.5,1.12,4.9,Surplus,20,0.60,0.18,5.5,15,0.97,90
BPCL/701332,Mumbai Manmad Bijwasan Pipeline Replacement MPPL,Energy,Central,Maharashtra Gujarat MP Rajasthan Haryana Delhi,Mumbai to Bijwasan,Ongoing,Linear,PMP_Act_1962,Pipeline,RoU_Acquired,1450,Private_Agricultural_and_Industrial,850.0,3800,2,2.8,FALSE,92.5,FALSE,96.0,Stage_2_Final_Approved,280,TRUE,450,75,None,None,5,FALSE,1.12,Tier_1_National,7.5,1.08,5.1,Surplus,22,0.30,0.10,16.0,16,0.96,180
HPCL/701333,Visakh Vijayawada Secunderabad Pipeline VVSPL Expansion,Energy,Central,Andhra Pradesh & Telangana,Visakhapatnam to Secunderabad,Completed,Linear,PMP_Act_1962,Pipeline,RoU_Acquired,2450,Private_Agricultural,295.0,1420,0,1.5,FALSE,99.5,FALSE,97.5,Stage_2_Final_Approved,120,TRUE,165,28,None,None,0,FALSE,1.02,Tier_1_National,5.2,1.18,4.5,Surplus,18,0.40,0.14,10.0,14,0.98,0
GAIL/701334,Mumbai Nagpur Jharsuguda Pipeline MNJPL Wardha to Nagpur,Energy,Central,Maharashtra,Wardha to Nagpur,Completed,Linear,PMP_Act_1962,Gas_Pipeline,RoU_Acquired,2180,Private_Agricultural,180.0,850,0,1.2,FALSE,99.0,FALSE,97.0,Stage_2_Final_Approved,85,TRUE,110,18,None,None,0,FALSE,1.05,Tier_1_National,5.5,1.15,4.7,Surplus,18,0.32,0.12,12.5,14,0.98,45
GAIL/701335,Kakinada Srikakulam Natural Gas Pipeline KSPL,Energy,Central,Andhra Pradesh,East Godavari Visakhapatnam Srikakulam,Completed,Linear,PMP_Act_1962,Gas_Pipeline,RoU_Acquired,2650,Private_Agricultural_and_Coastal,310.0,1620,1,2.0,FALSE,98.5,FALSE,96.5,Stage_2_Final_Approved,140,TRUE,195,35,None,None,0,FALSE,1.08,Tier_1_National,6.5,1.12,4.8,Surplus,20,0.50,0.15,5.0,15,0.97,90
GAIL/701336,Jagdishpur Haldia Bokaro Dhamra Gas Pipeline Phase 3B,Energy,Central,Jharkhand & West Bengal,Bokaro to Purulia Bankura,Ongoing,Linear,PMP_Act_1962,Gas_Pipeline,RoU_Acquired,1650,Private_Agricultural_and_Forest,245.0,1180,1,2.8,FALSE,91.5,FALSE,95.0,Stage_2_Final_Approved,115,TRUE,160,28,None,None,5,FALSE,1.14,Tier_1_National,7.8,1.08,5.1,Adequate,22,0.52,0.18,8.5,16,0.96,150
IOCL/701337,Ennore Tuticorin LNG Pipeline ETPL Ramanathapuram Section,Energy,Central,Tamil Nadu,Pudukkottai Sivaganga Ramanathapuram,Completed,Linear,PMP_Act_1962,Gas_Pipeline,RoU_Acquired,2450,Private_Agricultural,280.0,1250,0,1.4,FALSE,99.8,FALSE,98.0,Stage_2_Final_Approved,125,TRUE,180,30,None,None,0,FALSE,1.00,Tier_1_National,5.0,1.18,4.5,Surplus,18,0.42,0.14,6.5,14,0.98,30
ONGC/701338,U-Field Deepwater Development KG-DWN-98/2 Krishna Godavari,Energy,Central,Andhra Pradesh,KG Basin Offshore,Completed,Point,Petroleum_Natural_Gas_Rules_1959,Offshore_Platform,Not_Applicable,2150,Offshore_Deepwater_Marine,0.0,0,0,0.0,FALSE,100.0,FALSE,99.0,Not_Applicable,0,TRUE,0,0,None,None,0,FALSE,1.10,Tier_1_National,6.5,1.15,4.8,Surplus,25,0.45,0.20,0.0,15,0.98,90
ONGC/701339,Daman Inverted Infill Gas Development Mumbai Offshore,Energy,Central,Maharashtra,Mumbai Offshore (Tapti Daman Block),Ongoing,Point,Petroleum_Natural_Gas_Rules_1959,Offshore_Platform,Not_Applicable,1450,Offshore_Marine,0.0,0,0,0.0,FALSE,100.0,FALSE,98.5,Not_Applicable,0,TRUE,0,0,None,None,0,FALSE,1.08,Tier_1_National,6.0,1.16,4.7,Surplus,22,0.40,0.16,0.0,14,0.98,0
ONGC/701340,North Tapti Gas Field Redevelopment Offshore Platform,Energy,Central,Gujarat,Gulf of Khambhat Offshore,Completed,Point,Petroleum_Natural_Gas_Rules_1959,Offshore_Platform,Not_Applicable,2250,Offshore_Marine_Tidal,0.0,0,0,0.0,FALSE,100.0,FALSE,98.5,Not_Applicable,0,TRUE,0,0,None,None,0,FALSE,1.05,Tier_1_National,5.5,1.18,4.6,Surplus,20,0.38,0.16,0.0,12,0.99,0
OIL/701341,Secondary Tank Farm at Madhuban Tengakhat Duliajan,Energy,Central,Assam,Dibrugarh (Madhuban),Completed,Polygon,PMP_Act_1962,Refinery,Physical_Possession_Taken,2450,Government_Industrial,34.0,0,0,0.0,FALSE,100.0,FALSE,98.0,Not_Applicable,18,TRUE,0,0,None,None,0,FALSE,1.02,Tier_1_National,5.2,1.16,4.6,Adequate,22,0.85,0.25,2.8,14,0.98,60
OIL/701342,Crude Oil Despatch Terminal at Kusijan Digboi Oilfield,Energy,Central,Assam,Tinsukia (Kusijan),Completed,Point,PMP_Act_1962,Refinery,Physical_Possession_Taken,2180,Government_Industrial,22.5,0,0,0.0,FALSE,100.0,FALSE,98.5,Not_Applicable,15,TRUE,0,0,None,None,0,FALSE,0.98,Tier_1_National,4.8,1.20,4.4,Adequate,20,0.85,0.24,3.2,12,0.99,30
OIL/701343,Gas Gathering Station GGS 9 at Moran Oilfield Expansion,Energy,Central,Assam,Charaideo (Moran),Ongoing,Point,PMP_Act_1962,Refinery,Physical_Possession_Taken,1250,Government_Industrial,18.0,0,0,0.0,FALSE,100.0,FALSE,98.0,Not_Applicable,14,TRUE,0,0,None,None,0,FALSE,1.05,Tier_2_Regional,5.5,1.15,4.7,Adequate,20,0.82,0.22,3.0,14,0.98,0
NRL/701344,Single Point Mooring SPM and Crude Oil Terminal COT Paradip,Energy,Central,Odisha,Jagatsinghpur (Paradip Coast),Ongoing,Point,Major_Port_Trusts_Act_1963,Port,Physical_Possession_Taken,1450,Coastal_and_Marine,110.0,40,0,0.0,FALSE,98.5,FALSE,97.5,Stage_2_Final_Approved,24,TRUE,15,0,None,None,0,FALSE,1.08,Tier_1_National,6.2,1.14,4.8,Surplus,22,0.72,0.25,1.0,15,0.97,45
NRL/701345,Paradip Numaligarh Crude Pipeline PNCPL 1635 km Odisha Section,Energy,Central,Odisha,Jagatsinghpur Cuttack Jajpur Keonjhar Mayurbhanj,Ongoing,Linear,PMP_Act_1962,Pipeline,RoU_Acquired,1680,Private_Agricultural_and_Forest,580.0,2400,2,3.5,FALSE,92.0,FALSE,95.5,Stage_2_Final_Approved,210,TRUE,380,55,None,None,10,FALSE,1.15,Tier_1_National,8.5,1.08,5.1,Surplus,24,0.65,0.20,5.5,16,0.96,180
NRL/701346,Paradip Numaligarh Crude Pipeline PNCPL West Bengal Section,Energy,Central,West Bengal,Paschim Medinipur Bankura Purba Bardhaman Birbhum Malda,Ongoing,Linear,PMP_Act_1962,Pipeline,RoU_Acquired,1650,Private_Agricultural,640.0,2850,2,3.2,FALSE,93.5,FALSE,96.0,Stage_2_Final_Approved,240,TRUE,450,68,None,None,5,FALSE,1.12,Tier_1_National,7.8,1.10,5.0,Surplus,22,0.68,0.20,4.2,16,0.96,120
NRL/701347,Paradip Numaligarh Crude Pipeline PNCPL Bihar Section,Energy,Central,Bihar,Kishanganj,Completed,Linear,PMP_Act_1962,Pipeline,RoU_Acquired,2150,Private_Agricultural,85.0,380,0,1.2,FALSE,100.0,FALSE,98.0,Not_Applicable,45,TRUE,65,10,None,None,0,FALSE,1.02,Tier_1_National,5.2,1.18,4.5,Surplus,18,0.72,0.22,3.0,12,0.99,0
NRL/701348,Paradip Numaligarh Crude Pipeline PNCPL Assam Section,Energy,Central,Assam,Kokrajhar Bongaigaon Kamrup Nagaon Golaghat,Ongoing,Linear,PMP_Act_1962,Pipeline,RoU_Acquired,1720,Private_Agricultural_and_Riparian,610.0,2650,2,4.5,FALSE,91.0,FALSE,95.0,Stage_2_Final_Approved,280,TRUE,490,82,None,High_Flood_Water_Disruption,15,FALSE,1.18,Tier_1_National,9.2,1.05,5.2,Adequate,26,0.85,0.25,2.5,18,0.95,240
MRPL/701349,Desalination Plant 30 MLD Tannirbhavi Coast Mangalore,Water_and_Sanitation,Central,Karnataka,Dakshina Kannada (Tannirbhavi),Completed,Polygon,LARR_Act_2013,Water_Supply_Network,Physical_Possession_Taken,2450,Coastal_and_Industrial,14.5,0,0,0.0,FALSE,100.0,FALSE,98.5,Stage_2_Final_Approved,18,TRUE,0,0,None,CRZ_Discharge_Compliance,0,FALSE,0.98,Tier_1_National,5.0,1.18,4.5,Surplus,16,0.85,0.24,1.8,12,0.99,0
HPCL/701350,Visakh Refinery Modernisation VRMP Residue Hydrocracker Unit,Energy,Central,Andhra Pradesh,Visakhapatnam (Malkapuram),Completed,Point,LARR_Act_2013,Refinery,Physical_Possession_Taken,2650,Government_Industrial,18.0,0,0,0.0,FALSE,100.0,FALSE,98.5,Not_Applicable,28,TRUE,0,0,None,None,0,FALSE,1.04,Tier_1_National,5.5,1.16,4.6,Surplus,18,0.38,0.12,3.5,12,0.98,45
CPCL/701351,Desalination Plant 60 MLD Kattupalli Kamarajar Port,Water_and_Sanitation,State,Tamil Nadu,Tiruvallur (Kattupalli),Completed,Polygon,LARR_Act_2013,Water_Supply_Network,Physical_Possession_Taken,2250,Coastal_Industrial,22.0,0,0,0.0,FALSE,100.0,FALSE,98.0,Stage_2_Final_Approved,22,TRUE,0,0,None,None,0,FALSE,1.00,Tier_1_National,5.2,1.18,4.5,Surplus,16,0.52,0.18,1.5,12,0.98,0
NTPC/701352,Ramagundam Floating Solar PV Project 100 MW Reservoir,Energy,Central,Telangana,Peddapalli (Ramagundam),Completed,Polygon,LARR_Act_2013,Solar_Power_Plant,Physical_Possession_Taken,1980,Reservoir_Water_Surface,200.0,0,0,0.0,FALSE,100.0,FALSE,99.0,Not_Applicable,10,TRUE,0,0,None,None,0,FALSE,0.92,Tier_1_National,4.2,1.22,4.1,Surplus,15,0.32,0.12,2.0,10,0.99,0
NTPC/701353,Kayamkulam Floating Solar PV Project 92 MW Backwaters,Energy,Central,Kerala,Alappuzha (Kayamkulam),Completed,Polygon,LARR_Act_2013,Solar_Power_Plant,Physical_Possession_Taken,1890,Estuarine_Water_Surface,180.0,0,0,0.0,FALSE,100.0,FALSE,98.5,Not_Applicable,12,TRUE,0,0,None,None,0,FALSE,0.95,Tier_1_National,4.5,1.20,4.3,Adequate,16,0.85,0.22,1.2,12,0.99,30
NTPC/701354,Simhadri Floating Solar PV Project 25 MW Reservoir,Energy,Central,Andhra Pradesh,Visakhapatnam (Parawada),Completed,Polygon,LARR_Act_2013,Solar_Power_Plant,Physical_Possession_Taken,1920,Reservoir_Water_Surface,55.0,0,0,0.0,FALSE,100.0,FALSE,99.0,Not_Applicable,8,TRUE,0,0,None,None,0,FALSE,0.90,Tier_1_National,3.8,1.25,3.9,Surplus,14,0.40,0.14,2.0,10,0.99,0
NTPC/701355,Nokh Solar PV Project 735 MW Rajasthan Solar Park,Energy,Central,Rajasthan,Jaisalmer (Nokh),Completed,Polygon,LARR_Act_2013,Solar_Power_Plant,Physical_Possession_Taken,1720,Government_Arid_Wasteland,1450.0,0,0,0.0,FALSE,100.0,FALSE,99.0,Not_Applicable,8,TRUE,0,0,None,None,0,FALSE,0.88,Tier_1_National,3.5,1.26,3.8,Surplus,14,0.08,0.05,50.0,10,0.99,0
NTPC/701356,Fatehgarh Solar PV Project 300 MW CPSU Scheme Phase 2,Energy,Central,Rajasthan,Jaisalmer (Fatehgarh),Completed,Polygon,LARR_Act_2013,Solar_Power_Plant,Physical_Possession_Taken,1680,Government_Arid_Wasteland,620.0,0,0,0.0,FALSE,100.0,FALSE,99.0,Not_Applicable,6,TRUE,0,0,None,None,0,FALSE,0.86,Tier_1_National,3.4,1.28,3.7,Surplus,14,0.08,0.05,52.0,10,0.99,0
NTPC/701357,Shurshar Solar PV Project 300 MW CPSU Tranche 3 Bikaner,Energy,Central,Rajasthan,Bikaner (Kolayat),Ongoing,Polygon,LARR_Act_2013,Solar_Power_Plant,Physical_Possession_Taken,920,Government_Arid_Wasteland,610.0,0,0,0.0,FALSE,100.0,FALSE,98.5,Not_Applicable,8,TRUE,0,0,None,None,0,FALSE,0.92,Tier_1_National,4.0,1.22,4.1,Surplus,15,0.08,0.05,48.0,12,0.99,0
NTPC/701358,Khavda Renewable Energy Park 4750 MW NTPC Solar Phase 1,Energy,Central,Gujarat,Kutch (Khavda),Ongoing,Polygon,LARR_Act_2013,Solar_Power_Plant,Physical_Possession_Taken,1150,Salt_Desert_Wasteland_Pooled,9500.0,0,0,0.0,FALSE,100.0,FALSE,98.5,Not_Applicable,25,TRUE,0,0,None,None,0,FALSE,0.98,Tier_1_National,5.0,1.18,4.5,Surplus,20,0.22,0.20,1.5,12,0.98,45
NTPC/701359,Khavda Renewable Energy Park 4750 MW NTPC Solar Phase 2,Energy,Central,Gujarat,Kutch (Khavda),Ongoing,Polygon,LARR_Act_2013,Solar_Power_Plant,Physical_Possession_Taken,850,Salt_Desert_Wasteland_Pooled,9200.0,0,0,0.0,FALSE,100.0,FALSE,98.0,Not_Applicable,28,TRUE,0,0,None,None,0,FALSE,1.02,Tier_1_National,5.5,1.16,4.7,Surplus,22,0.25,0.22,1.5,14,0.98,0
NTPC/701360,Ettayapuram Solar PV Project 230 MW SECI Tranche Tamil Nadu,Energy,Central,Tamil Nadu,Thoothukudi (Ettayapuram),Completed,Polygon,LARR_Act_2013,Solar_Power_Plant,Physical_Possession_Taken,1980,Private_Agricultural_Arid,480.0,95,0,0.5,FALSE,100.0,FALSE,98.5,Not_Applicable,14,TRUE,0,0,None,None,0,FALSE,0.92,Tier_1_National,4.2,1.22,4.2,Surplus,15,0.30,0.10,22.0,10,0.99,0
NHPC/701361,Subansiri Lower Hydroelectric Project Unit 1 250 MW Commissioning,Energy,Central,Arunachal Pradesh & Assam,Lower Subansiri & Dhemaji,Ongoing,Polygon,LARR_Act_2013,Hydroelectric_Dam,Physical_Possession_Taken,3100,Forest_and_Riverbed,480.0,220,1,8.5,FALSE,95.0,TRUE,93.5,Stage_2_Final_Approved,22,TRUE,45,0,None,Active_Anti_Dam_Protest,120,TRUE,2.15,Tier_1_National,26.0,0.65,7.5,Scarce,48,0.78,0.36,1.8,24,0.88,4120
NHPC/701362,Teesta VI Hydroelectric Project Head Race Tunnel Sirwani,Energy,Central,Sikkim,South Sikkim (Sirwani),Ongoing,Polygon,LARR_Act_2013,Hydroelectric_Dam,Physical_Possession_Taken,2180,Mountainous_Forest,145.0,180,0,2.5,FALSE,96.5,FALSE,94.5,Stage_2_Final_Approved,18,TRUE,45,8,None,Glacial_Flood_Restoration,45,TRUE,1.65,Tier_1_National,20.5,0.78,6.8,Scarce,52,0.92,0.38,15.0,25,0.91,1280
NHPC/701363,Rangit IV Hydroelectric Project 120 MW West Sikkim,Energy,Central,Sikkim,West Sikkim (Reshi),Ongoing,Polygon,LARR_Act_2013,Hydroelectric_Dam,Physical_Possession_Taken,1850,Mountainous_Forest_and_Gorge,110.0,120,0,2.0,FALSE,97.0,FALSE,95.0,Stage_2_Final_Approved,15,TRUE,38,6,None,None,10,FALSE,1.25,Tier_1_National,14.5,0.90,5.8,Scarce,45,0.90,0.35,22.0,20,0.94,420
SJVN/701364,Bikaner Solar Power Project 1000 MW CPSU Phase 2 Tranche 3,Energy,Central,Rajasthan,Bikaner (Bandhnawala),Completed,Polygon,LARR_Act_2013,Solar_Power_Plant,Physical_Possession_Taken,1450,Government_Arid_Wasteland,2100.0,0,0,0.0,FALSE,100.0,FALSE,99.0,Not_Applicable,10,TRUE,0,0,None,None,0,FALSE,0.88,Tier_1_National,3.8,1.25,4.0,Surplus,14,0.08,0.05,45.0,10,0.99,0
THDC/701365,Khurja Super Thermal Power Project 2x660 MW Bulandshahr,Energy,Central,Uttar Pradesh,Bulandshahr (Khurja),Ongoing,Polygon,LARR_Act_2013,Thermal_Power_Plant,Physical_Possession_Taken,2450,Private_Agricultural,480.0,1450,1,1.8,FALSE,98.5,FALSE,97.0,Not_Applicable,65,TRUE,420,38,None,None,0,FALSE,1.12,Tier_1_National,7.5,1.10,5.0,Surplus,20,0.25,0.10,14.0,15,0.97,420
THDC/701366,Amelia Coal Mine FMC Rail Infrastructure MP,Mining,Central,Madhya Pradesh,Singrauli (Amelia),Ongoing,Polygon,Coal_Bearing_Areas_Act_1957,Coal_Mine,Physical_Possession_Taken,1850,Forest_and_Agricultural,850.0,1650,1,3.5,FALSE,92.0,FALSE,95.0,Stage_2_Final_Approved,42,TRUE,650,45,None,None,10,FALSE,1.22,Tier_1_National,10.5,0.98,5.4,Adequate,26,0.35,0.15,12.0,18,0.95,365
NEEPCO/701367,Kameng Hydro Electric Project Unit 3 & 4 Powerhouse,Energy,Central,Arunachal Pradesh,West Kameng (Kimi),Completed,Polygon,LARR_Act_2013,Hydroelectric_Dam,Physical_Possession_Taken,3100,Mountainous_Forest,145.0,180,1,4.2,FALSE,100.0,FALSE,96.5,Stage_2_Final_Approved,18,TRUE,45,8,None,Landslide_Penstock_Restoration,25,TRUE,1.55,Tier_1_National,18.5,0.85,6.5,Scarce,50,0.95,0.40,15.0,24,0.92,1460
DDA/701368,Bharat Vandana Park Integrated Eco Cultural Park Dwarka Sec 20,Urban_Infrastructure,Central,Delhi,South West Delhi (Dwarka),Completed,Polygon,DDA_Act_1957,Urban_Park,Physical_Possession_Taken,1850,Government_Urban,89.0,0,0,0.0,FALSE,100.0,FALSE,98.5,Not_Applicable,24,TRUE,0,0,None,None,0,FALSE,1.05,Tier_1_National,6.2,1.12,4.8,Surplus,16,0.15,0.08,24.0,12,0.98,180
DDA/701369,Urban Extension Road II UER-II NH-344M Package 1 Alipur to Karala,Transport,Central,Delhi,North & North West Delhi,Completed,Linear,NH_Act_1956,Highway,Physical_Possession_Taken,1450,Private_Agricultural_and_Urban,145.0,850,0,1.2,FALSE,99.8,TRUE,98.5,Not_Applicable,140,TRUE,180,45,None,None,0,FALSE,1.02,Tier_1_National,5.2,1.18,4.5,Surplus,16,0.22,0.08,18.0,12,0.99,90
DDA/701370,Urban Extension Road II UER-II NH-344M Package 2 Karala to Nangloi,Transport,Central,Delhi,North West & West Delhi,Completed,Linear,NH_Act_1956,Highway,Physical_Possession_Taken,1420,Private_Agricultural_and_Urban,165.0,920,0,1.4,FALSE,99.5,TRUE,98.5,Not_Applicable,160,TRUE,210,52,None,None,0,FALSE,1.04,Tier_1_National,5.5,1.16,4.6,Surplus,16,0.24,0.08,17.5,12,0.99,60
DDA/701371,Urban Extension Road II UER-II NH-344M Package 3 Nangloi to Dwarka,Transport,Central,Delhi,West & South West Delhi,Completed,Linear,NH_Act_1956,Highway,Physical_Possession_Taken,1390,Private_Agricultural_and_Urban,180.0,980,0,1.5,FALSE,99.0,TRUE,98.0,Not_Applicable,185,TRUE,240,65,None,None,0,FALSE,1.05,Tier_1_National,5.8,1.15,4.7,Surplus,18,0.25,0.08,16.0,12,0.98,90
DDA/701372,Urban Extension Road II UER-II NH-344M Package 4 Dwarka Expressway Link,Transport,Central,Delhi & Haryana,South West Delhi & Gurugram,Completed,Linear,NH_Act_1956,Highway,Physical_Possession_Taken,1350,Private_Urban_Commercial,95.0,620,0,1.0,FALSE,100.0,TRUE,98.5,Not_Applicable,120,TRUE,140,48,None,None,0,FALSE,1.00,Tier_1_National,5.0,1.18,4.5,Surplus,16,0.18,0.08,20.0,12,0.99,30
DDA/701373,Urban Extension Road II UER-II NH-344M Package 5 Bawana Spur,Transport,Central,Delhi,North Delhi (Bawana to KMP),Completed,Linear,NH_Act_1956,Highway,Physical_Possession_Taken,1380,Private_Agricultural,120.0,540,0,1.2,FALSE,100.0,TRUE,98.5,Not_Applicable,95,TRUE,110,24,None,None,0,FALSE,0.98,Tier_1_National,4.8,1.20,4.4,Surplus,15,0.20,0.08,18.0,12,0.99,45
NBCC/701374,Redevelopment of Nauroji Nagar World Trade Centre South Delhi,Urban_Infrastructure,Central,Delhi,South Delhi (Nauroji Nagar),Completed,Polygon,LARR_Act_2013,Commercial_Complex,Physical_Possession_Taken,2450,Government_Urban,10.0,0,0,0.0,FALSE,100.0,FALSE,98.0,Not_Applicable,140,TRUE,0,0,None,Tree_Felling_Litigation_Stay,25,FALSE,1.18,Tier_1_National,8.5,1.08,5.0,Surplus,18,0.22,0.08,18.0,14,0.98,365
NBCC/701375,Redevelopment of Sarojini Nagar GPRA Colony South Delhi Phase 1,Urban_Infrastructure,Central,Delhi,South Delhi (Sarojini Nagar),Ongoing,Polygon,LARR_Act_2013,Residential_Towers,Physical_Possession_Taken,2180,Government_Urban,95.0,0,0,0.0,FALSE,100.0,FALSE,97.5,Not_Applicable,380,TRUE,0,0,None,None,15,FALSE,1.15,Tier_1_National,7.8,1.10,5.1,Surplus,20,0.22,0.08,17.5,15,0.97,180
NBCC/701376,Redevelopment of Netaji Nagar GPRA Colony South Delhi Phase 1,Urban_Infrastructure,Central,Delhi,South Delhi (Netaji Nagar),Completed,Polygon,LARR_Act_2013,Residential_Towers,Physical_Possession_Taken,2250,Government_Urban,45.0,0,0,0.0,FALSE,100.0,FALSE,98.0,Not_Applicable,210,TRUE,0,0,None,None,0,FALSE,1.08,Tier_1_National,6.5,1.12,4.8,Surplus,18,0.20,0.08,18.0,12,0.98,90
NBCC/701377,Amrapali Dream Valley Greater Noida Stalled Housing Completion,Urban_Infrastructure,Central,Uttar Pradesh,Gautam Buddha Nagar,Ongoing,Polygon,LARR_Act_2013,Residential_Towers,Physical_Possession_Taken,1650,Private_Residential_Insolvent,42.0,0,0,0.0,FALSE,100.0,FALSE,97.0,Not_Applicable,95,TRUE,0,0,None,Supreme_Court_Court_Receiver_Audit,0,FALSE,1.10,Tier_1_National,6.2,1.14,4.9,Surplus,18,0.25,0.08,14.0,14,0.98,0
NBCC/701378,Amrapali Silicon City Sector 76 Noida Completion Works,Urban_Infrastructure,Central,Uttar Pradesh,Gautam Buddha Nagar (Noida),Completed,Polygon,LARR_Act_2013,Residential_Towers,Physical_Possession_Taken,1980,Private_Residential_Insolvent,18.5,0,0,0.0,FALSE,100.0,FALSE,98.5,Not_Applicable,48,TRUE,0,0,None,None,0,FALSE,0.96,Tier_1_National,4.8,1.20,4.4,Surplus,15,0.24,0.08,13.5,12,0.99,0
NBCC/701379,Amrapali Centurian Park Greater Noida West Residential Project,Urban_Infrastructure,Central,Uttar Pradesh,Gautam Buddha Nagar,Ongoing,Polygon,LARR_Act_2013,Residential_Towers,Physical_Possession_Taken,1580,Private_Residential_Insolvent,38.0,0,0,0.0,FALSE,100.0,FALSE,97.5,Not_Applicable,85,TRUE,0,0,None,None,0,FALSE,1.06,Tier_1_National,5.8,1.15,4.8,Surplus,18,0.25,0.08,14.0,14,0.98,0
CPWD/701380,Common Central Secretariat Buildings Kartavya Path CCS 1 2 3,Urban_Infrastructure,Central,Delhi,New Delhi (Kartavya Path),Ongoing,Polygon,LARR_Act_2013,Government_Buildings,Physical_Possession_Taken,1450,Government_Urban,24.0,0,0,0.0,FALSE,100.0,FALSE,99.0,Not_Applicable,140,TRUE,0,0,Heritage_Structure_Proximity,None,0,FALSE,1.02,Tier_1_National,4.5,1.20,4.4,Surplus,15,0.20,0.08,18.0,12,0.99,0
CPWD/701381,Vice President Enclave Construction Central Vista Project,Urban_Infrastructure,Central,Delhi,New Delhi (Church Road),Completed,Polygon,LARR_Act_2013,Government_Buildings,Physical_Possession_Taken,1120,Government_Urban,6.2,0,0,0.0,FALSE,100.0,FALSE,99.5,Not_Applicable,35,TRUE,0,0,Heritage_Structure_Proximity,None,0,FALSE,0.92,Tier_1_National,3.8,1.24,4.1,Surplus,12,0.18,0.08,19.0,10,0.99,0
CPWD/701382,Executive Enclave Prime Minister Office and Cabinet Secretariat,Urban_Infrastructure,Central,Delhi,New Delhi (South Block Area),Ongoing,Polygon,LARR_Act_2013,Government_Buildings,Physical_Possession_Taken,980,Government_Urban,9.5,0,0,0.0,FALSE,100.0,FALSE,99.0,Not_Applicable,48,TRUE,0,0,Heritage_Structure_Proximity,None,0,FALSE,0.98,Tier_1_National,4.5,1.20,4.3,Surplus,14,0.20,0.08,18.5,12,0.99,0
CPWD/701383,India International Convention and Expo Centre IICC Yashobhoomi,Urban_Infrastructure,Central,Delhi,South West Delhi (Dwarka Sec 25),Completed,Polygon,LARR_Act_2013,Commercial_Complex,Physical_Possession_Taken,2450,Government_Urban,89.0,0,0,0.0,FALSE,100.0,FALSE,98.5,Not_Applicable,180,TRUE,0,0,None,None,0,FALSE,1.08,Tier_1_National,6.5,1.14,4.8,Surplus,18,0.18,0.08,22.0,12,0.98,180
AAI/701384,Chennai International Airport Phase 2 Modernisation Terminal 2,Transport,Central,Tamil Nadu,Chennai (Meenambakkam),Completed,Point,LARR_Act_2013,Airport,Physical_Possession_Taken,2450,Government_Airport_Estate,48.0,0,0,0.0,FALSE,100.0,FALSE,98.0,Not_Applicable,95,TRUE,0,0,None,None,0,FALSE,1.06,Tier_1_National,6.0,1.15,4.7,Surplus,16,0.45,0.14,4.5,12,0.98,120
AAI/701385,Netaji Subhash Chandra Bose Airport Kolkata Runway Extension,Transport,Central,West Bengal,North 24 Parganas (Dum Dum),Completed,Point,LARR_Act_2013,Airport,Physical_Possession_Taken,2180,Government_Airport_Estate,32.0,0,0,0.0,FALSE,100.0,FALSE,98.5,Not_Applicable,65,TRUE,0,0,None,None,0,FALSE,1.02,Tier_1_National,5.2,1.16,4.6,Surplus,16,0.65,0.18,2.8,12,0.99,0
AAI/701386,Sardar Vallabhbhai Patel Airport Ahmedabad Cargo Terminal Modernisation,Transport,Central,Gujarat,Ahmedabad (Hansol),Completed,Point,LARR_Act_2013,Airport,Physical_Possession_Taken,1980,Government_Airport_Estate,18.5,0,0,0.0,FALSE,100.0,FALSE,99.0,Not_Applicable,38,TRUE,0,0,None,None,0,FALSE,0.95,Tier_1_National,4.5,1.20,4.2,Surplus,15,0.25,0.08,15.0,10,0.99,0
AAI/701387,Jaipur International Airport Terminal 1 Heritage Facade Overhaul,Transport,Central,Rajasthan,Jaipur (Sanganer),Completed,Point,LARR_Act_2013,Airport,Physical_Possession_Taken,1850,Government_Airport_Estate,14.0,0,0,0.0,FALSE,100.0,FALSE,98.5,Not_Applicable,28,TRUE,0,0,Heritage_Structure_Proximity,None,0,FALSE,0.96,Tier_1_National,4.8,1.20,4.3,Surplus,15,0.18,0.08,24.0,10,0.99,0
AAI/701388,Lokpriya Gopinath Bordoloi Airport Guwahati New Terminal Building,Transport,Central,Assam,Kamrup (Borjhar),Ongoing,Point,LARR_Act_2013,Airport,Physical_Possession_Taken,1820,Government_Airport_Estate,54.0,0,0,0.0,FALSE,100.0,FALSE,97.5,Not_Applicable,85,TRUE,0,0,None,None,0,FALSE,1.08,Tier_1_National,6.8,1.12,4.9,Surplus,20,0.85,0.25,3.0,15,0.97,180
AAI/701389,Birsa Munda Airport Ranchi Runway Extension and CAT II Lighting,Transport,Central,Jharkhand,Ranchi (Hinoo),Completed,Point,LARR_Act_2013,Airport,Physical_Possession_Taken,2250,Government_Airport_Estate,24.5,0,0,0.0,FALSE,100.0,FALSE,98.5,Not_Applicable,42,TRUE,0,0,None,None,0,FALSE,1.00,Tier_1_National,5.0,1.18,4.5,Surplus,16,0.40,0.14,12.5,12,0.99,0
AAI/701390,Jayprakash Narayan Airport Patna New Domestic Terminal Complex,Transport,Central,Bihar,Patna,Ongoing,Point,LARR_Act_2013,Airport,Physical_Possession_Taken,1650,Government_Airport_Estate,28.0,0,0,0.0,FALSE,100.0,FALSE,97.5,Not_Applicable,95,TRUE,0,0,None,Airport_Land_Buffer_Litigation,15,FALSE,1.15,Tier_1_National,8.2,1.06,5.1,Surplus,20,0.60,0.16,5.5,16,0.96,310
AAI/701391,Darbhanga Airport Permanent Terminal and Apron Expansion,Transport,Central,Bihar,Darbhanga,Ongoing,Point,LARR_Act_2013,Airport,Section_11_Preliminary_Notification,650,Defense_and_Private_Agricultural,31.5,110,0,1.2,FALSE,82.0,FALSE,96.0,Not_Applicable,35,TRUE,15,4,None,None,0,FALSE,1.06,Tier_2_Regional,5.5,1.15,4.8,Surplus,18,0.70,0.20,3.2,14,0.97,0
AAI/701392,Gaya International Airport Runway Extension for Widebody Aircraft,Transport,Central,Bihar,Gaya,Ongoing,Point,LARR_Act_2013,Airport,Section_11_Preliminary_Notification,580,Private_Agricultural,42.0,180,0,1.5,FALSE,78.5,FALSE,95.5,Not_Applicable,28,TRUE,22,6,None,None,0,FALSE,1.08,Tier_2_Regional,6.0,1.14,4.9,Surplus,18,0.45,0.15,9.0,15,0.97,0
AAI/701393,Swami Vivekananda Airport Raipur New Integrated Terminal Building,Transport,Central,Chhattisgarh,Raipur (Mana),Completed,Point,LARR_Act_2013,Airport,Physical_Possession_Taken,2450,Government_Airport_Estate,36.0,0,0,0.0,FALSE,100.0,FALSE,98.5,Not_Applicable,48,TRUE,0,0,None,None,0,FALSE,0.98,Tier_1_National,5.0,1.18,4.5,Surplus,16,0.35,0.12,12.0,12,0.99,0
AAI/701394,Raja Bhoj Airport Bhopal Air Cargo Terminal & Runway Resurfacing,Transport,Central,Madhya Pradesh,Bhopal (Gandhi Nagar),Completed,Point,LARR_Act_2013,Airport,Physical_Possession_Taken,2180,Government_Airport_Estate,22.0,0,0,0.0,FALSE,100.0,FALSE,98.5,Not_Applicable,32,TRUE,0,0,None,None,0,FALSE,0.96,Tier_1_National,4.8,1.20,4.3,Surplus,15,0.28,0.10,15.0,12,0.99,0
AAI/701395,Devi Ahilyabai Holkar Airport Indore International Cargo Complex,Transport,Central,Madhya Pradesh,Indore,Completed,Point,LARR_Act_2013,Airport,Physical_Possession_Taken,2250,Government_Airport_Estate,26.0,0,0,0.0,FALSE,100.0,FALSE,98.0,Not_Applicable,42,TRUE,0,0,None,None,0,FALSE,1.00,Tier_1_National,5.2,1.18,4.5,Surplus,16,0.25,0.10,14.5,12,0.98,0
AAI/701396,Maharana Pratap Airport Udaipur Terminal Building Expansion Phase 2,Transport,Central,Rajasthan,Udaipur (Dabok),Ongoing,Point,LARR_Act_2013,Airport,Physical_Possession_Taken,890,Government_Airport_Estate,19.5,0,0,0.0,FALSE,100.0,FALSE,98.5,Not_Applicable,28,TRUE,0,0,None,None,0,FALSE,1.04,Tier_1_National,5.0,1.16,4.6,Surplus,16,0.20,0.08,24.0,12,0.98,0
AAI/701397,Surat International Airport New Terminal Building & Apron Extension,Transport,Central,Gujarat,Surat (Dumas Road),Completed,Point,LARR_Act_2013,Airport,Physical_Possession_Taken,1980,Government_Airport_Estate,34.0,0,0,0.0,FALSE,100.0,FALSE,98.5,Not_Applicable,65,TRUE,0,0,None,None,0,FALSE,0.98,Tier_1_National,4.8,1.20,4.4,Surplus,16,0.42,0.14,7.5,12,0.99,45
AAI/701398,Vadodara Airport Integrated Cargo Terminal Modernisation,Transport,Central,Gujarat,Vadodara (Harni),Completed,Point,LARR_Act_2013,Airport,Physical_Possession_Taken,2150,Government_Airport_Estate,16.5,0,0,0.0,FALSE,100.0,FALSE,99.0,Not_Applicable,25,TRUE,0,0,None,None,0,FALSE,0.94,Tier_1_National,4.2,1.22,4.2,Surplus,14,0.25,0.08,14.0,10,0.99,0
AAI/701399,Madurai Airport Runway Extension 12500 Feet for Wide Body Aircraft,Transport,Central,Tamil Nadu,Madurai (Perungudi),Ongoing,Point,LARR_Act_2013,Airport,Section_11_Preliminary_Notification,720,Private_Agricultural,258.0,420,1,2.0,FALSE,84.0,FALSE,95.5,Not_Applicable,52,TRUE,65,14,None,Underpass_Ring_Road_Alignment_Dispute,15,FALSE,1.12,Tier_1_National,7.2,1.10,5.0,Surplus,18,0.35,0.12,12.0,15,0.97,0
AAI/701400,Tiruchirappalli International Airport New Terminal Building Complex,Transport,Central,Tamil Nadu,Tiruchirappalli,Completed,Point,LARR_Act_2013,Airport,Physical_Possession_Taken,1980,Government_Airport_Estate,42.0,0,0,0.0,FALSE,100.0,FALSE,99.0,Not_Applicable,72,TRUE,0,0,None,None,0,FALSE,0.92,Tier_1_National,4.2,1.22,4.2,Surplus,15,0.32,0.10,12.0,10,0.99,0
MOSPI/720201,Bhubaneswar to Puri 4-Laning NH-316 Balance Infrastructure,Transport,Central,Odisha,Khurda & Puri,Completed,Linear,NH_Act_1956,Highway,Physical_Possession_Taken,2450,Private_Agricultural_and_Riparian,185.0,720,0,1.2,FALSE,100.0,TRUE,98.5,Not_Applicable,48,TRUE,85,24,None,None,0,FALSE,0.98,Tier_1_National,4.8,1.20,4.4,Surplus,16,0.65,0.18,3.5,12,0.99,60
MOSPI/720202,Panagarh to Palsit 6-Laning NH-19 EPC Package II,Transport,Central,West Bengal,Paschim Bardhaman to Purba Bardhaman,Completed,Linear,NH_Act_1956,Highway,Physical_Possession_Taken,1980,Private_Agricultural_and_Industrial,210.0,950,0,1.0,FALSE,100.0,TRUE,98.5,Not_Applicable,75,TRUE,110,32,None,None,0,FALSE,0.95,Tier_1_National,4.5,1.22,4.3,Surplus,15,0.60,0.16,5.0,12,0.99,30
MOSPI/720203,Barbil to Chandikhole 4-Laning Iron Ore Freight Corridor NH-215,Transport,Central,Odisha,Keonjhar & Jajpur,Ongoing,Linear,NH_Act_1956,Highway,Physical_Possession_Taken,2850,Forest_and_Mining_Colliery,340.0,1450,2,4.2,FALSE,92.5,TRUE,94.0,Stage_2_Final_Approved,110,TRUE,280,64,None,None,15,FALSE,1.35,Tier_1_National,14.5,0.92,5.6,Adequate,28,0.65,0.22,7.5,20,0.94,1150
MOSPI/720204,Bhopal to Jabalpur 4-Laning NH-12 Hoshangabad Section,Transport,Central,Madhya Pradesh,Raisen & Narsinghpur,Ongoing,Linear,NH_Act_1956,Highway,Physical_Possession_Taken,2650,Private_Agricultural_and_Forest,295.0,1180,1,2.8,FALSE,94.5,TRUE,96.0,Stage_2_Final_Approved,95,TRUE,190,42,None,None,0,FALSE,1.22,Tier_1_National,9.5,1.02,5.2,Surplus,22,0.40,0.14,12.0,16,0.96,730
MOSPI/720205,Deoli to Jhalawar 4-Laning NH-12 Rajasthan Corridor,Transport,Central,Rajasthan,Tonk Bundi Kota Jhalawar,Completed,Linear,NH_Act_1956,Highway,Physical_Possession_Taken,2450,Private_Agricultural_and_Semi_Arid,380.0,1420,0,1.5,FALSE,100.0,TRUE,98.0,Stage_2_Final_Approved,115,TRUE,210,38,None,None,0,FALSE,1.05,Tier_1_National,5.8,1.15,4.7,Surplus,18,0.25,0.10,18.0,14,0.98,90
MOSPI/720206,Gwalior to Shivpuri 4-Laning NH-3 North-South Corridor,Transport,Central,Madhya Pradesh,Gwalior & Shivpuri,Completed,Linear,NH_Act_1956,Highway,Physical_Possession_Taken,2980,Private_Agricultural_and_Chambal,310.0,1250,0,1.8,FALSE,99.8,TRUE,97.5,Stage_2_Final_Approved,85,TRUE,180,35,None,None,0,FALSE,1.18,Tier_1_National,8.2,1.05,5.1,Surplus,20,0.28,0.12,16.5,15,0.96,820
MOSPI/720207,Shivpuri to Dewas 4-Laning NH-3 Package I Shivpuri Guna,Transport,Central,Madhya Pradesh,Shivpuri & Guna,Completed,Linear,NH_Act_1956,Highway,Physical_Possession_Taken,2650,Private_Agricultural,285.0,1100,0,1.4,FALSE,100.0,TRUE,98.5,Not_Applicable,78,TRUE,145,28,None,None,0,FALSE,1.06,Tier_1_National,6.0,1.14,4.8,Surplus,18,0.30,0.12,15.0,14,0.98,120
MOSPI/720208,Shivpuri to Dewas 4-Laning NH-3 Package II Guna Biora,Transport,Central,Madhya Pradesh,Guna & Rajgarh,Completed,Linear,NH_Act_1956,Highway,Physical_Possession_Taken,2580,Private_Agricultural,270.0,1040,0,1.2,FALSE,100.0,TRUE,98.5,Not_Applicable,72,TRUE,130,24,None,None,0,FALSE,1.04,Tier_1_National,5.5,1.15,4.6,Surplus,18,0.32,0.12,14.5,14,0.98,90
MOSPI/720209,Shivpuri to Dewas 4-Laning NH-3 Package III Biora to Dewas,Transport,Central,Madhya Pradesh,Rajgarh Shajapur Dewas,Completed,Linear,NH_Act_1956,Highway,Physical_Possession_Taken,2450,Private_Agricultural,290.0,1120,0,1.5,FALSE,99.5,TRUE,98.0,Not_Applicable,85,TRUE,150,30,None,None,0,FALSE,1.05,Tier_1_National,5.8,1.14,4.7,Surplus,18,0.30,0.10,14.0,14,0.98,180
MOSPI/720210,Sambalpur to Bargarh 4-Laning NH-6 Orissa Border,Transport,Central,Odisha,Sambalpur & Bargarh,Completed,Linear,NH_Act_1956,Highway,Physical_Possession_Taken,2380,Private_Agricultural,245.0,980,0,1.2,FALSE,100.0,TRUE,98.5,Not_Applicable,65,TRUE,120,25,None,None,0,FALSE,0.98,Tier_1_National,5.0,1.18,4.5,Surplus,16,0.48,0.15,9.5,12,0.99,0
MOSPI/720211,Bhubaneswar to Chandikhole 6-Laning Golden Quadrilateral NH-16,Transport,Central,Odisha,Khurda Cuttack Jajpur,Completed,Linear,NH_Act_1956,Highway,Physical_Possession_Taken,2450,Private_Agricultural_and_Urban,320.0,1450,0,1.4,FALSE,100.0,TRUE,98.0,Stage_2_Final_Approved,120,TRUE,240,58,None,None,0,FALSE,1.08,Tier_1_National,6.5,1.12,4.8,Surplus,18,0.65,0.18,3.8,14,0.98,60
MOSPI/720212,Balasore to Chandikhole 4-Laning NH-5 Package I,Transport,Central,Odisha,Balasore & Bhadrak,Completed,Linear,NH_Act_1956,Highway,Physical_Possession_Taken,2650,Private_Agricultural,280.0,1180,0,1.6,FALSE,99.8,TRUE,98.0,Stage_2_Final_Approved,95,TRUE,180,42,None,None,0,FALSE,1.05,Tier_1_National,6.0,1.14,4.7,Surplus,18,0.68,0.20,3.2,14,0.98,90
MOSPI/720213,Balasore to Laxmannath 4-Laning NH-60 Orissa West Bengal Border,Transport,Central,Odisha & West Bengal,Balasore to Paschim Medinipur,Completed,Linear,NH_Act_1956,Highway,Physical_Possession_Taken,2450,Private_Agricultural,210.0,850,0,1.2,FALSE,100.0,TRUE,98.5,Not_Applicable,68,TRUE,110,24,None,None,0,FALSE,0.98,Tier_1_National,5.0,1.18,4.4,Surplus,16,0.65,0.18,4.0,12,0.99,0
MOSPI/720214,Haldia Port Connectivity 4-Laning NH-41 Mecheda to Haldia,Transport,Central,West Bengal,Purba Medinipur,Completed,Linear,NH_Act_1956,Highway,Physical_Possession_Taken,2850,Private_Agricultural_and_Industrial,195.0,1420,1,2.5,FALSE,99.2,TRUE,97.5,Stage_2_Final_Approved,115,TRUE,280,85,None,None,10,FALSE,1.22,Tier_1_National,8.5,1.05,5.2,Surplus,20,0.75,0.24,1.8,16,0.96,540
MOSPI/720215,Kharagpur to Baleshwar 4-Laning NH-60 West Bengal Section,Transport,Central,West Bengal,Paschim Medinipur,Completed,Linear,NH_Act_1956,Highway,Physical_Possession_Taken,2550,Private_Agricultural_and_Forest,240.0,980,0,1.5,FALSE,100.0,TRUE,98.0,Stage_2_Final_Approved,85,TRUE,140,28,None,None,0,FALSE,1.04,Tier_1_National,5.5,1.15,4.6,Surplus,18,0.58,0.16,6.5,14,0.98,30
MOSPI/720216,Chitradurga to Shimoga 4-Laning NH-13 Package I,Transport,Central,Karnataka,Chitradurga & Davangere,Ongoing,Linear,NH_Act_1956,Highway,Section_3G_Award,680,Private_Agricultural_Arid,165.0,580,0,1.5,FALSE,88.5,TRUE,96.5,Not_Applicable,54,TRUE,95,20,None,None,0,FALSE,1.05,Tier_1_National,5.2,1.16,4.7,Surplus,18,0.25,0.10,22.0,14,0.98,0
MOSPI/720217,Shimoga to Mangalore 2-Laning with Paved Shoulder NH-169 Agumbe,Transport,Central,Karnataka,Shimoga Udupi Dakshina Kannada,Ongoing,Linear,NH_Act_1956,Highway,Section_3G_Award,850,Western_Ghats_Dense_Forest,145.0,420,1,3.2,FALSE,84.0,TRUE,94.0,Stage_1_In_Principle,45,TRUE,85,18,None,Eco_Sensitive_Zone_Agumbe_PIL,20,TRUE,1.28,Tier_2_Regional,12.5,0.95,5.6,Adequate,30,0.92,0.35,5.5,20,0.93,120
MOSPI/720218,Tumkur to Shimoga 4-Laning NH-206 Package I Tumkur to Mallasandra,Transport,Central,Karnataka,Tumakuru,Ongoing,Linear,NH_Act_1956,Highway,Physical_Possession_Taken,1250,Private_Agricultural,185.0,690,0,1.4,FALSE,96.0,TRUE,97.5,Not_Applicable,68,TRUE,110,24,None,None,0,FALSE,1.06,Tier_1_National,5.8,1.14,4.8,Surplus,18,0.30,0.10,18.0,14,0.98,60
MOSPI/720219,Tumkur to Shimoga 4-Laning NH-206 Package II Mallasandra to Karadi,Transport,Central,Karnataka,Tumakuru,Ongoing,Linear,NH_Act_1956,Highway,Physical_Possession_Taken,1200,Private_Agricultural,195.0,720,0,1.2,FALSE,96.5,TRUE,97.5,Not_Applicable,72,TRUE,120,26,None,None,0,FALSE,1.05,Tier_1_National,5.5,1.15,4.7,Surplus,18,0.32,0.10,17.5,14,0.98,45
MOSPI/720220,Tumkur to Shimoga 4-Laning NH-206 Package III Karadi to Banawara,Transport,Central,Karnataka,Tumakuru & Hassan,Ongoing,Linear,NH_Act_1956,Highway,Physical_Possession_Taken,1150,Private_Agricultural,210.0,780,0,1.5,FALSE,95.0,TRUE,97.0,Stage_1_In_Principle,78,TRUE,130,28,None,None,0,FALSE,1.08,Tier_1_National,6.0,1.14,4.8,Surplus,18,0.35,0.12,16.0,14,0.97,90
MOSPI/720221,Tumkur to Shimoga 4-Laning NH-206 Package IV Banawara to Birur,Transport,Central,Karnataka,Hassan & Chikkamagaluru,Ongoing,Linear,NH_Act_1956,Highway,Physical_Possession_Taken,1100,Private_Agricultural,225.0,840,0,1.6,FALSE,94.5,TRUE,96.5,Stage_1_In_Principle,82,TRUE,140,30,None,None,0,FALSE,1.08,Tier_1_National,6.2,1.12,4.9,Surplus,20,0.38,0.12,15.0,15,0.97,90
MOSPI/720222,Tumkur to Shimoga 4-Laning NH-206 Package V Birur to Shimoga,Transport,Central,Karnataka,Chikkamagaluru & Shivamogga,Ongoing,Linear,NH_Act_1956,Highway,Physical_Possession_Taken,1050,Private_Agricultural,240.0,910,1,1.8,FALSE,93.5,TRUE,96.0,Stage_2_Final_Approved,88,TRUE,155,34,None,None,0,FALSE,1.10,Tier_1_National,6.5,1.12,5.0,Surplus,20,0.42,0.14,14.0,15,0.96,120
MOSPI/720223,Madurai to Ramanathapuram 4-Laning NH-49 Old Package I,Transport,Central,Tamil Nadu,Madurai & Sivaganga,Completed,Linear,NH_Act_1956,Highway,Physical_Possession_Taken,2450,Private_Agricultural,210.0,740,0,1.2,FALSE,100.0,TRUE,98.5,Not_Applicable,75,TRUE,120,25,None,None,0,FALSE,0.98,Tier_1_National,5.2,1.18,4.5,Surplus,16,0.35,0.12,10.0,12,0.99,0
MOSPI/720224,Nagapattinam to Thanjavur 4-Laning NH-67 Package I,Transport,Central,Tamil Nadu,Nagapattinam Tiruvarur Thanjavur,Completed,Linear,NH_Act_1956,Highway,Physical_Possession_Taken,2650,Private_Agricultural_Cauvery_Delta,245.0,1150,1,2.2,FALSE,99.5,TRUE,97.5,Stage_2_Final_Approved,110,TRUE,210,48,None,None,0,FALSE,1.12,Tier_1_National,7.2,1.10,4.8,Surplus,18,0.52,0.16,3.5,15,0.97,365
MOSPI/720225,Dindigul to Theni 2-Laning with Paved Shoulder NH-45E,Transport,Central,Tamil Nadu,Dindigul & Theni,Completed,Linear,NH_Act_1956,Highway,Physical_Possession_Taken,2350,Private_Agricultural,145.0,520,0,1.0,FALSE,100.0,TRUE,98.5,Not_Applicable,48,TRUE,85,18,None,None,0,FALSE,0.96,Tier_2_Regional,4.8,1.20,4.4,Surplus,15,0.32,0.10,14.0,12,0.99,0
MOSPI/720226,Trichy to Karaikudi 4-Laning NH-210 with Bypass Package I,Transport,Central,Tamil Nadu,Tiruchirappalli & Pudukkottai,Completed,Linear,NH_Act_1956,Highway,Physical_Possession_Taken,2450,Private_Agricultural,260.0,890,0,1.2,FALSE,100.0,TRUE,98.5,Not_Applicable,82,TRUE,140,28,None,None,0,FALSE,1.02,Tier_1_National,5.5,1.16,4.6,Surplus,18,0.35,0.12,12.0,12,0.98,30
MOSPI/720227,Villupuram to Puducherry 4-Laning NH-45A Coastal Link,Transport,Central,Tamil Nadu & Puducherry,Viluppuram to Puducherry,Completed,Linear,NH_Act_1956,Highway,Physical_Possession_Taken,2180,Private_Agricultural_and_Urban,125.0,680,0,1.4,FALSE,100.0,TRUE,98.0,Not_Applicable,95,TRUE,110,35,None,None,0,FALSE,1.05,Tier_1_National,5.8,1.15,4.7,Surplus,18,0.48,0.15,6.5,14,0.98,90
MOSPI/720228,Puducherry to Poondiyankuppam 4-Laning NH-45A Package II,Transport,Central,Puducherry & Tamil Nadu,Puducherry & Cuddalore,Ongoing,Linear,NH_Act_1956,Highway,Physical_Possession_Taken,1250,Coastal_and_Private_Agricultural,148.0,790,1,2.0,FALSE,95.5,TRUE,96.5,Stage_2_Final_Approved,85,TRUE,135,32,None,None,0,FALSE,1.08,Tier_1_National,6.2,1.12,4.8,Surplus,18,0.52,0.16,4.5,14,0.97,60
MOSPI/720229,Poondiyankuppam to Sattanathapuram 4-Laning NH-45A Package III,Transport,Central,Tamil Nadu,Cuddalore & Mayiladuthurai,Ongoing,Linear,NH_Act_1956,Highway,Physical_Possession_Taken,1180,Private_Agricultural_Delta,165.0,840,1,2.2,FALSE,94.0,TRUE,96.0,Stage_1_In_Principle,92,TRUE,145,35,None,None,0,FALSE,1.10,Tier_1_National,6.5,1.12,4.9,Surplus,20,0.55,0.18,4.0,15,0.97,90
MOSPI/720230,Sattanathapuram to Nagapattinam 4-Laning NH-45A Package IV,Transport,Central,Tamil Nadu,Mayiladuthurai & Nagapattinam,Ongoing,Linear,NH_Act_1956,Highway,Section_3G_Award,920,Private_Agricultural_and_Coastal,185.0,920,1,2.5,FALSE,89.5,TRUE,95.5,Stage_2_Final_Approved,110,TRUE,165,42,None,None,0,FALSE,1.12,Tier_1_National,7.0,1.10,5.0,Surplus,20,0.58,0.18,3.2,16,0.96,120
MOSPI/720231,Chittoor to Mallavaram 6-Laning NH-140 Tirupati Link,Transport,Central,Andhra Pradesh,Chittoor & Tirupati,Completed,Linear,NH_Act_1956,Highway,Physical_Possession_Taken,2150,Private_Agricultural_and_Urban,185.0,750,0,1.2,FALSE,100.0,TRUE,98.5,Stage_2_Final_Approved,95,TRUE,125,28,None,None,0,FALSE,0.96,Tier_1_National,4.8,1.20,4.3,Surplus,16,0.32,0.10,14.0,12,0.99,0
MOSPI/720232,Anandapuram to Anakapalli 6-Laning Visakhapatnam Bypass NH-16,Transport,Central,Andhra Pradesh,Visakhapatnam & Anakapalli,Completed,Linear,NH_Act_1956,Highway,Physical_Possession_Taken,2450,Private_Agricultural_and_Urban,220.0,980,0,1.5,FALSE,99.8,TRUE,98.0,Stage_2_Final_Approved,125,TRUE,180,45,None,None,0,FALSE,1.05,Tier_1_National,6.0,1.15,4.7,Surplus,18,0.45,0.14,6.5,14,0.98,90
MOSPI/720233,Gundugolanu to Kalaparru 4-Laning NH-16 Package I Eluru Bypass,Transport,Central,Andhra Pradesh,Eluru,Completed,Linear,NH_Act_1956,Highway,Physical_Possession_Taken,2350,Private_Agricultural,175.0,680,0,1.2,FALSE,100.0,TRUE,98.5,Not_Applicable,78,TRUE,110,22,None,None,0,FALSE,0.98,Tier_1_National,5.2,1.18,4.5,Surplus,16,0.50,0.15,4.5,12,0.99,0
MOSPI/720234,Kalaparru to Chinna Avutapalli 6-Laning NH-16 Vijayawada Corridor,Transport,Central,Andhra Pradesh,Krishna,Completed,Linear,NH_Act_1956,Highway,Physical_Possession_Taken,2280,Private_Agricultural_and_Urban,160.0,640,0,1.0,FALSE,100.0,TRUE,98.5,Not_Applicable,85,TRUE,120,25,None,None,0,FALSE,0.96,Tier_1_National,5.0,1.20,4.4,Surplus,16,0.48,0.15,5.0,12,0.99,0
MOSPI/720235,Rajahmundry to Gundugolanu 4-Laning NH-16 Devarapalle Section,Transport,Central,Andhra Pradesh,East Godavari & West Godavari,Completed,Linear,NH_Act_1956,Highway,Physical_Possession_Taken,2450,Private_Agricultural,280.0,1100,0,1.4,FALSE,99.5,TRUE,98.0,Stage_2_Final_Approved,110,TRUE,175,34,None,None,0,FALSE,1.02,Tier_1_National,5.5,1.16,4.6,Surplus,18,0.52,0.16,4.0,14,0.98,30
MOSPI/720236,Nagpur to Betul 4-Laning NH-69 Madhya Pradesh Maharashtra Border,Transport,Central,Maharashtra & Madhya Pradesh,Nagpur to Betul,Completed,Linear,NH_Act_1956,Highway,Physical_Possession_Taken,2850,Forest_and_Agricultural_Satpura,340.0,1280,1,2.5,FALSE,99.5,TRUE,97.5,Stage_2_Final_Approved,140,TRUE,240,48,None,None,0,FALSE,1.15,Tier_1_National,7.8,1.08,5.1,Adequate,22,0.40,0.15,14.0,16,0.96,480
MOSPI/720237,Jabalpur to Lakhnadon 4-Laning NH-44 North-South Corridor,Transport,Central,Madhya Pradesh,Jabalpur & Seoni,Completed,Linear,NH_Act_1956,Highway,Physical_Possession_Taken,2650,Private_Agricultural_and_Forest,245.0,920,0,1.5,FALSE,100.0,TRUE,98.0,Stage_2_Final_Approved,95,TRUE,160,32,None,None,0,FALSE,1.08,Tier_1_National,6.2,1.14,4.8,Surplus,18,0.38,0.12,12.5,14,0.98,180
MOSPI/720238,Lakhnadon to Seoni 4-Laning NH-44 Pench Sanctuary Approach,Transport,Central,Madhya Pradesh,Seoni,Completed,Linear,NH_Act_1956,Highway,Physical_Possession_Taken,2750,Forest_and_Eco_Sensitive,185.0,640,1,2.0,FALSE,99.5,TRUE,97.5,Stage_2_Final_Approved,72,TRUE,95,18,None,Wildlife_Mitigation_Pench_Stay,15,FALSE,1.25,Tier_1_National,9.5,1.02,5.4,Adequate,25,0.42,0.14,11.0,16,0.95,730
MOSPI/720239,Seoni to MP/Maharashtra Border 4-Laning NH-44 Pench Corridor,Transport,Central,Madhya Pradesh & Maharashtra,Seoni to Nagpur Border,Completed,Linear,NH_Act_1956,Highway,Physical_Possession_Taken,2980,Dense_Forest_and_Tiger_Corridor,165.0,480,2,2.8,FALSE,99.0,TRUE,96.5,Stage_2_Final_Approved,65,TRUE,85,15,None,Dedicated_Animal_Underpasses_NHAI,25,TRUE,1.38,Tier_1_National,14.5,0.92,5.8,Adequate,28,0.45,0.16,10.0,18,0.94,1460
MOSPI/720240,Jhansi to Lalitpur 4-Laning NH-44 Package I Uttar Pradesh,Transport,Central,Uttar Pradesh,Jhansi & Lalitpur,Completed,Linear,NH_Act_1956,Highway,Physical_Possession_Taken,2450,Private_Agricultural_Bundelkhand,240.0,850,0,1.2,FALSE,100.0,TRUE,98.5,Not_Applicable,85,TRUE,130,24,None,None,0,FALSE,0.98,Tier_1_National,5.2,1.18,4.5,Surplus,16,0.28,0.10,15.0,12,0.99,0
MOSPI/720241,Lalitpur to Sagar 4-Laning NH-44 UP MP Border Package II,Transport,Central,Uttar Pradesh & Madhya Pradesh,Lalitpur to Sagar,Completed,Linear,NH_Act_1956,Highway,Physical_Possession_Taken,2480,Private_Agricultural,265.0,920,0,1.4,FALSE,100.0,TRUE,98.5,Not_Applicable,90,TRUE,140,26,None,None,0,FALSE,1.02,Tier_1_National,5.5,1.16,4.6,Surplus,16,0.28,0.10,14.5,12,0.98,60
MOSPI/720242,Sagar to Rajmarg 4-Laning NH-44 Package III Madhya Pradesh,Transport,Central,Madhya Pradesh,Sagar & Narsinghpur,Completed,Linear,NH_Act_1956,Highway,Physical_Possession_Taken,2510,Private_Agricultural_and_Forest,285.0,980,0,1.5,FALSE,99.8,TRUE,98.0,Stage_2_Final_Approved,110,TRUE,165,30,None,None,0,FALSE,1.05,Tier_1_National,5.8,1.15,4.7,Surplus,18,0.32,0.12,13.0,14,0.98,90
MOSPI/720243,Rajmarg to Lakhnadon 4-Laning NH-44 Package IV Narmada Crossing,Transport,Central,Madhya Pradesh,Narsinghpur & Seoni,Completed,Linear,NH_Act_1956,Highway,Physical_Possession_Taken,2550,Private_Agricultural_and_Riparian,295.0,1050,0,1.5,FALSE,100.0,TRUE,98.0,Stage_2_Final_Approved,115,TRUE,175,34,None,None,0,FALSE,1.06,Tier_1_National,6.0,1.14,4.8,Surplus,18,0.35,0.12,12.0,14,0.98,120
MOSPI/720244,Gwalior to Jhansi 4-Laning NH-44 Package II MP UP Border,Transport,Central,Madhya Pradesh & Uttar Pradesh,Datia to Jhansi,Completed,Linear,NH_Act_1956,Highway,Physical_Possession_Taken,2980,Private_Agricultural,185.0,780,1,2.2,FALSE,99.2,TRUE,97.0,Not_Applicable,95,TRUE,140,32,None,None,0,FALSE,1.25,Tier_1_National,9.5,1.02,5.2,Surplus,20,0.25,0.10,16.0,16,0.95,980
MOSPI/720245,Agra to Gwalior 6-Laning High Speed Access Controlled Corridor,Transport,Central,Uttar Pradesh Rajasthan MP,Agra Dholpur Morena Gwalior,Ongoing,Linear,NH_Act_1956,Highway,Section_3G_Award,620,Chambal_Ravines_and_Agricultural,340.0,1280,1,2.8,FALSE,86.5,TRUE,96.0,Stage_1_In_Principle,140,TRUE,280,54,None,None,0,FALSE,1.08,Tier_1_National,6.5,1.12,4.9,Surplus,20,0.22,0.08,20.0,15,0.97,0
MOSPI/720246,Durg to Raipur 4-Laning NH-53 Six Lane Elevated Corridor,Transport,Central,Chhattisgarh,Durg & Raipur (Kumhari Tatibandh),Ongoing,Linear,NH_Act_1956,Highway,Physical_Possession_Taken,1450,Private_Urban_Commercial,42.0,850,1,2.0,FALSE,96.5,TRUE,97.0,Not_Applicable,140,TRUE,180,240,None,None,0,FALSE,1.15,Tier_1_National,8.5,1.08,5.1,Surplus,18,0.35,0.12,12.0,15,0.96,180
MOSPI/720247,Raipur to Bilaspur 4-Laning NH-130 Package I Simga Section,Transport,Central,Chhattisgarh,Raipur & Baloda Bazar,Completed,Linear,NH_Act_1956,Highway,Physical_Possession_Taken,2450,Private_Agricultural,240.0,890,0,1.2,FALSE,100.0,TRUE,98.5,Not_Applicable,85,TRUE,130,24,None,None,0,FALSE,1.02,Tier_1_National,5.5,1.16,4.6,Surplus,18,0.36,0.12,11.5,12,0.98,60
MOSPI/720248,Raipur to Bilaspur 4-Laning NH-130 Package II Sargaon to Bilaspur,Transport,Central,Chhattisgarh,Mungeli & Bilaspur,Completed,Linear,NH_Act_1956,Highway,Physical_Possession_Taken,2380,Private_Agricultural,225.0,840,0,1.0,FALSE,100.0,TRUE,98.5,Not_Applicable,78,TRUE,120,22,None,None,0,FALSE,1.00,Tier_1_National,5.2,1.18,4.5,Surplus,16,0.38,0.12,11.0,12,0.99,30
MOSPI/720249,Bilaspur to Katghora 4-Laning NH-130 Coal Transport Link,Transport,Central,Chhattisgarh,Bilaspur & Korba,Ongoing,Linear,NH_Act_1956,Highway,Physical_Possession_Taken,1250,Forest_and_Agricultural_Coal,185.0,740,1,2.5,FALSE,94.5,TRUE,96.5,Stage_2_Final_Approved,82,TRUE,140,30,None,None,0,FALSE,1.10,Tier_1_National,6.8,1.12,4.9,Surplus,20,0.45,0.15,9.5,15,0.97,90
MOSPI/720250,Katghora to Ambikapur 2-Laning with Paved Shoulder NH-130,Transport,Central,Chhattisgarh,Korba & Surguja,Ongoing,Linear,NH_Act_1956,Highway,Physical_Possession_Taken,1450,Mountainous_Forest_and_Tribal,165.0,580,1,3.2,FALSE,95.0,TRUE,95.5,Stage_2_Final_Approved,58,TRUE,95,18,None,None,10,FALSE,1.18,Tier_2_Regional,9.5,1.02,5.2,Adequate,25,0.48,0.18,12.0,16,0.95,240
MOSPI/720251,Patna to Buxar 4-Laning NH-84 Package I Danapur to Bihta,Transport,Central,Bihar,Patna (Danapur to Bihta Elevated),Ongoing,Linear,NH_Act_1956,Highway,Physical_Possession_Taken,1280,Private_Urban_Commercial,28.5,620,1,2.2,FALSE,94.0,TRUE,96.5,Not_Applicable,145,TRUE,180,140,None,None,0,FALSE,1.12,Tier_1_National,7.5,1.10,5.0,Surplus,20,0.65,0.20,3.5,15,0.97,180
MOSPI/720252,Patna to Buxar 4-Laning NH-84 Package II Bihta to Bhojpur,Transport,Central,Bihar,Patna & Bhojpur (Ara Bypass),Completed,Linear,NH_Act_1956,Highway,Physical_Possession_Taken,2180,Private_Agricultural,220.0,850,0,1.5,FALSE,99.5,TRUE,98.0,Not_Applicable,95,TRUE,140,28,None,None,0,FALSE,1.06,Tier_1_National,6.0,1.14,4.8,Surplus,18,0.58,0.18,5.0,14,0.98,90
MOSPI/720253,Patna to Buxar 4-Laning NH-84 Package III Bhojpur to Buxar Bridge,Transport,Central,Bihar,Bhojpur & Buxar,Completed,Linear,NH_Act_1956,Highway,Physical_Possession_Taken,2250,Private_Agricultural,245.0,920,0,1.4,FALSE,100.0,TRUE,98.5,Stage_2_Final_Approved,90,TRUE,150,25,None,None,0,FALSE,1.04,Tier_1_National,5.5,1.16,4.6,Surplus,18,0.52,0.16,6.0,14,0.98,60
MOSPI/720254,Buxar to Ghazipur 4-Laning Ganga Bridge Link NH-31 Package I,Transport,Central,Bihar & Uttar Pradesh,Buxar to Ghazipur,Ongoing,Linear,NH_Act_1956,Highway,Physical_Possession_Taken,1150,Private_Agricultural_and_Riparian,185.0,690,0,1.8,FALSE,96.5,TRUE,97.0,Stage_1_In_Principle,85,TRUE,110,22,None,None,0,FALSE,1.08,Tier_1_National,6.2,1.14,4.8,Surplus,18,0.55,0.18,5.5,14,0.97,45
MOSPI/720255,Chhapra to Gopalganj 4-Laning NH-85 Siwan Bypass,Transport,Central,Bihar,Saran Siwan Gopalganj,Ongoing,Linear,NH_Act_1956,Highway,Physical_Possession_Taken,1450,Private_Agricultural,260.0,980,1,2.2,FALSE,95.0,TRUE,96.0,Not_Applicable,110,TRUE,190,38,None,None,0,FALSE,1.15,Tier_1_National,8.5,1.05,5.1,Surplus,22,0.65,0.20,4.2,16,0.96,365
MOSPI/720256,Muzaffarpur to Sonbarsa 2-Laning with Paved Shoulder NH-77,Transport,Central,Bihar,Muzaffarpur & Sitamarhi (Indo-Nepal Border),Completed,Linear,NH_Act_1956,Highway,Physical_Possession_Taken,2450,Private_Agricultural_and_Terai,185.0,740,0,1.5,FALSE,100.0,TRUE,98.0,Not_Applicable,78,TRUE,140,26,None,None,0,FALSE,1.02,Tier_1_National,5.5,1.16,4.6,Surplus,18,0.68,0.20,3.5,14,0.98,30
MOSPI/720257,Darbhanga to Jaynagar 2-Laning with Paved Shoulder NH-105,Transport,Central,Bihar,Darbhanga & Madhubani (Jaynagar Border),Completed,Linear,NH_Act_1956,Highway,Physical_Possession_Taken,2350,Private_Agricultural_and_Floodplain,145.0,580,0,1.8,FALSE,100.0,TRUE,98.0,Not_Applicable,64,TRUE,110,20,None,None,0,FALSE,1.05,Tier_2_Regional,5.8,1.15,4.7,Surplus,18,0.72,0.22,3.0,14,0.98,60
MOSPI/720258,Forbesganj to Jogbani 4-Laning Port Connectivity NH-57A,Transport,Central,Bihar,Araria (Jogbani Nepal Border ICP),Completed,Linear,NH_Act_1956,Highway,Physical_Possession_Taken,2180,Private_Agricultural_and_Commercial,62.0,340,0,1.2,FALSE,100.0,TRUE,98.5,Not_Applicable,45,TRUE,65,35,None,None,0,FALSE,0.98,Tier_1_National,5.0,1.18,4.5,Surplus,16,0.75,0.22,2.8,12,0.99,0
MOSPI/720259,Piprakothi to Raxaul 2-Laning with Paved Shoulder NH-28A,Transport,Central,Bihar,East Champaran (Motihari to Raxaul Border),Completed,Linear,NH_Act_1956,Highway,Physical_Possession_Taken,2850,Private_Agricultural_and_SubHimalayan,195.0,850,1,2.5,FALSE,99.2,TRUE,96.5,Not_Applicable,95,TRUE,180,48,None,None,10,FALSE,1.28,Tier_1_National,11.5,0.98,5.4,Surplus,22,0.70,0.22,3.2,18,0.95,730
MOSPI/720260,Hajipur to Muzaffarpur 4-Laning NH-77 New Alignment Package I,Transport,Central,Bihar,Vaishali & Muzaffarpur,Completed,Linear,NH_Act_1956,Highway,Physical_Possession_Taken,2650,Private_Agricultural,245.0,920,0,1.5,FALSE,99.8,TRUE,98.0,Not_Applicable,95,TRUE,165,34,None,None,0,FALSE,1.08,Tier_1_National,6.5,1.14,4.8,Surplus,18,0.60,0.18,4.8,15,0.97,180
MOSPI/720261,Ranchi Ring Road Section VII Ormanjhi to Namkum,Transport,State,Jharkhand,Ranchi,Completed,Linear,LARR_Act_2013,Highway,Physical_Possession_Taken,2450,Private_Agricultural_and_Tribal,165.0,620,0,1.5,FALSE,100.0,FALSE,98.0,Stage_2_Final_Approved,85,TRUE,140,28,None,None,0,FALSE,1.02,Tier_1_National,5.5,1.16,4.6,Surplus,20,0.45,0.16,11.0,14,0.98,0
MOSPI/720262,Govindpur Chas Jharkhand Border 4-Laning NH-32 Package I,Transport,Central,Jharkhand,Dhanbad & Bokaro,Completed,Linear,NH_Act_1956,Highway,Physical_Possession_Taken,2850,Private_Agricultural_and_Colliery,185.0,890,1,2.8,FALSE,99.0,TRUE,96.5,Stage_2_Final_Approved,110,TRUE,240,55,None,None,12,FALSE,1.25,Tier_1_National,10.5,1.02,5.2,Surplus,22,0.48,0.18,9.5,16,0.95,540
MOSPI/720263,Chas to Ramgarh 4-Laning NH-23 Coal Evacuation Package II,Transport,Central,Jharkhand,Bokaro & Ramgarh,Ongoing,Linear,NH_Act_1956,Highway,Physical_Possession_Taken,1650,Private_Agricultural_and_Industrial,210.0,820,1,2.4,FALSE,94.5,TRUE,96.0,Stage_1_In_Principle,95,TRUE,180,38,None,None,0,FALSE,1.12,Tier_1_National,7.5,1.10,5.0,Surplus,20,0.50,0.18,9.0,15,0.96,180
MOSPI/720264,Kanke to Patratu 4-Laning Valley Highway Greenfield,Transport,State,Jharkhand,Ranchi & Ramgarh (Patratu Valley Ghats),Completed,Linear,LARR_Act_2013,Highway,Physical_Possession_Taken,2180,Mountainous_Forest_and_Terraced,95.0,280,0,1.2,FALSE,100.0,FALSE,98.5,Stage_2_Final_Approved,45,TRUE,65,12,None,None,0,FALSE,0.95,Tier_1_National,4.8,1.20,4.4,Adequate,20,0.48,0.20,14.0,12,0.99,0
MOSPI/720265,Ranchi to Jamshedpur 4-Laning NH-33 Package I Vikas to Rampur,Transport,Central,Jharkhand,Ranchi,Completed,Linear,NH_Act_1956,Highway,Physical_Possession_Taken,2980,Private_Agricultural_and_Urban,145.0,780,1,2.2,FALSE,99.5,TRUE,97.0,Not_Applicable,110,TRUE,180,48,None,None,0,FALSE,1.35,Tier_1_National,14.5,0.95,5.5,Surplus,22,0.42,0.15,12.0,18,0.94,1460
MOSPI/720266,Ranchi to Jamshedpur 4-Laning NH-33 Package II Rampur to Chowka,Transport,Central,Jharkhand,Ranchi & Seraikela Kharsawan,Completed,Linear,NH_Act_1956,Highway,Physical_Possession_Taken,3100,Forest_and_Tribal_Agricultural,220.0,1150,2,3.5,FALSE,98.5,TRUE,96.0,Stage_2_Final_Approved,140,TRUE,280,58,None,None,15,FALSE,1.42,Tier_1_National,16.5,0.88,5.8,Adequate,25,0.48,0.18,10.5,20,0.93,1825
MOSPI/720267,Ranchi to Jamshedpur 4-Laning NH-33 Package III Chowka to Saherbera,Transport,Central,Jharkhand,Seraikela Kharsawan,Completed,Linear,NH_Act_1956,Highway,Physical_Possession_Taken,2850,Forest_and_Industrial_Belt,180.0,890,1,2.8,FALSE,99.0,TRUE,97.0,Stage_2_Final_Approved,115,TRUE,210,42,None,None,10,FALSE,1.38,Tier_1_National,15.0,0.90,5.6,Adequate,24,0.52,0.18,9.5,18,0.94,1550
MOSPI/720268,Ranchi to Jamshedpur 4-Laning NH-33 Package IV Saherbera to Mohulia,Transport,Central,Jharkhand,East Singhbhum (Jamshedpur Outer),Completed,Linear,NH_Act_1956,Highway,Physical_Possession_Taken,2750,Private_Agricultural_and_Subarnarekha,195.0,940,1,2.5,FALSE,99.8,TRUE,97.5,Stage_2_Final_Approved,125,TRUE,220,45,None,None,0,FALSE,1.30,Tier_1_National,12.5,0.95,5.4,Surplus,22,0.55,0.18,8.5,16,0.95,1250
MOSPI/720269,Jamshedpur to Kharagpur 4-Laning NH-33/NH-6 Baharagora Section,Transport,Central,Jharkhand & West Bengal,East Singhbhum to Jhargram,Completed,Linear,NH_Act_1956,Highway,Physical_Possession_Taken,2450,Private_Agricultural_and_Forest,285.0,1180,0,1.8,FALSE,100.0,TRUE,98.0,Stage_2_Final_Approved,110,TRUE,190,38,None,None,0,FALSE,1.08,Tier_1_National,6.5,1.14,4.8,Surplus,20,0.52,0.16,8.0,14,0.98,60
MOSPI/720270,Baharagora to Singara 4-Laning NH-6 Orissa Border,Transport,Central,Jharkhand & Odisha,East Singhbhum to Mayurbhanj,Completed,Linear,NH_Act_1956,Highway,Physical_Possession_Taken,2380,Private_Agricultural_and_Forest,165.0,680,0,1.4,FALSE,100.0,TRUE,98.5,Stage_2_Final_Approved,75,TRUE,120,24,None,None,0,FALSE,1.05,Tier_1_National,5.8,1.15,4.7,Surplus,18,0.50,0.16,8.5,14,0.98,30
MOSPI/720271,Karnal to Meerut 4-Laning NH-709A Haryana Section Yamuna Bridge,Transport,Central,Haryana & Uttar Pradesh,Karnal to Shamli,Completed,Linear,NH_Act_1956,Highway,Physical_Possession_Taken,1980,Riverbed_and_Private_Agricultural,145.0,520,0,1.0,FALSE,100.0,TRUE,98.5,Not_Applicable,85,TRUE,110,24,None,None,0,FALSE,0.98,Tier_1_National,5.2,1.18,4.5,Surplus,16,0.25,0.08,16.0,12,0.99,0
MOSPI/720272,Rewari to Ateli Mandi 4-Laning NH-11 Haryana Feeder,Transport,Central,Haryana,Rewari & Mahendragarh,Completed,Linear,NH_Act_1956,Highway,Physical_Possession_Taken,1850,Private_Agricultural,120.0,420,0,1.0,FALSE,100.0,TRUE,99.0,Not_Applicable,65,TRUE,85,18,None,None,0,FALSE,0.95,Tier_1_National,4.8,1.20,4.4,Surplus,15,0.18,0.08,22.0,12,0.99,0
MOSPI/720273,Ateli Mandi to Narnaul 4-Laning NH-11 Rajasthan Border Link,Transport,Central,Haryana & Rajasthan,Mahendragarh to Jhunjhunu,Completed,Linear,NH_Act_1956,Highway,Physical_Possession_Taken,1780,Private_Agricultural_Arid,110.0,390,0,0.8,FALSE,100.0,TRUE,99.0,Not_Applicable,58,TRUE,75,15,None,None,0,FALSE,0.94,Tier_1_National,4.5,1.22,4.3,Surplus,14,0.15,0.06,25.0,10,0.99,0
MOSPI/720274,Jind to Gohana 4-Laning Greenfield Highway NH-352A,Transport,Central,Haryana,Jind & Sonipat,Completed,Linear,NH_Act_1956,Highway,Physical_Possession_Taken,1650,Private_Agricultural,165.0,620,0,1.2,FALSE,100.0,TRUE,98.5,Not_Applicable,72,TRUE,95,20,None,None,0,FALSE,0.96,Tier_1_National,5.0,1.20,4.5,Surplus,16,0.20,0.08,18.0,12,0.99,0
MOSPI/720275,Gohana to Sonipat 4-Laning Greenfield Highway NH-352A,Transport,Central,Haryana,Sonipat,Completed,Linear,NH_Act_1956,Highway,Physical_Possession_Taken,1620,Private_Agricultural,155.0,590,0,1.0,FALSE,100.0,TRUE,98.5,Not_Applicable,68,TRUE,88,18,None,None,0,FALSE,0.95,Tier_1_National,4.8,1.20,4.4,Surplus,15,0.20,0.08,17.5,12,0.99,0
MOSPI/720276,Hisar to Dabwali 4-Laning NH-9 Sirsa Bypass Section,Transport,Central,Haryana & Punjab,Hisar Sirsa Muktsar,Completed,Linear,NH_Act_1956,Highway,Physical_Possession_Taken,2450,Private_Agricultural_Arid,320.0,1150,0,1.2,FALSE,100.0,TRUE,98.0,Not_Applicable,110,TRUE,190,32,None,None,0,FALSE,1.04,Tier_1_National,5.8,1.15,4.6,Surplus,18,0.12,0.06,32.0,14,0.98,90
MOSPI/720277,Rohtak to Bawal 4-Laning NH-71 Rewari Industrial Bypass,Transport,Central,Haryana,Rohtak Jhajjar Rewari,Completed,Linear,NH_Act_1956,Highway,Physical_Possession_Taken,2650,Private_Agricultural,240.0,920,0,1.4,FALSE,99.8,TRUE,98.0,Not_Applicable,95,TRUE,160,35,None,None,0,FALSE,1.08,Tier_1_National,6.5,1.12,4.8,Surplus,18,0.18,0.08,20.0,14,0.98,180
MOSPI/720278,Panipat to Jalandhar 6-Laning NH-44 Toll Plaza Modernisation,Transport,Central,Haryana & Punjab,Panipat Ambala Ludhiana Jalandhar,Completed,Linear,NH_Act_1956,Highway,Physical_Possession_Taken,3100,Private_Urban_and_Agricultural,480.0,2400,2,2.8,FALSE,99.2,TRUE,97.5,Not_Applicable,340,TRUE,580,180,None,Farmer_Agitation_Toll_Halt,180,TRUE,1.45,Tier_1_National,18.5,0.85,6.0,Surplus,25,0.22,0.08,15.0,20,0.95,1825
MOSPI/720279,Amritsar to Pathankot 4-Laning NH-15 Gurdaspur Section,Transport,Central,Punjab,Amritsar Gurdaspur Pathankot,Completed,Linear,NH_Act_1956,Highway,Physical_Possession_Taken,2550,Private_Agricultural_and_SubHimalayan,260.0,980,0,1.2,FALSE,100.0,TRUE,98.5,Not_Applicable,110,TRUE,175,32,None,None,0,FALSE,1.02,Tier_1_National,5.5,1.16,4.6,Surplus,18,0.28,0.10,14.0,14,0.98,60
MOSPI/720280,Ludhiana to Talwandi Bhai 4-Laning NH-95 Ferozepur Link,Transport,Central,Punjab,Ludhiana & Moga,Completed,Linear,NH_Act_1956,Highway,Physical_Possession_Taken,2750,Private_Agricultural,220.0,890,1,2.0,FALSE,99.0,TRUE,97.0,Not_Applicable,98,TRUE,165,30,None,None,0,FALSE,1.22,Tier_1_National,9.5,1.05,5.2,Surplus,20,0.20,0.08,12.0,16,0.96,540
MOSPI/720281,Jalandhar to Moga 2-Laning with Paved Shoulder NH-703,Transport,Central,Punjab,Jalandhar & Moga,Completed,Linear,NH_Act_1956,Highway,Physical_Possession_Taken,2180,Private_Agricultural,145.0,520,0,1.0,FALSE,100.0,TRUE,98.5,Not_Applicable,65,TRUE,95,18,None,None,0,FALSE,0.98,Tier_2_Regional,5.0,1.18,4.5,Surplus,16,0.22,0.08,14.0,12,0.99,0
MOSPI/720282,Chandigarh to Kharar 6-Laning Elevated Corridor NH-21,Transport,Central,Punjab,SAS Nagar Mohali (Kharar Flyover),Completed,Point,NH_Act_1956,Highway,Physical_Possession_Taken,2350,Private_Urban_Commercial,24.5,380,0,1.2,FALSE,100.0,TRUE,98.0,Not_Applicable,110,TRUE,85,120,None,None,0,FALSE,1.12,Tier_1_National,7.5,1.10,4.9,Surplus,18,0.25,0.10,16.0,14,0.98,365
MOSPI/720283,Zirakpur to Patiala 4-Laning NH-64 Rajpura Bypass,Transport,Central,Punjab,SAS Nagar & Patiala,Completed,Linear,NH_Act_1956,Highway,Physical_Possession_Taken,2450,Private_Agricultural,195.0,780,0,1.2,FALSE,100.0,TRUE,98.5,Not_Applicable,85,TRUE,140,25,None,None,0,FALSE,1.00,Tier_1_National,5.2,1.18,4.5,Surplus,16,0.22,0.08,15.0,12,0.99,0
MOSPI/720284,Patiala to Sangrur Bathinda 4-Laning NH-64 Package II,Transport,Central,Punjab,Patiala Sangrur Barnala,Completed,Linear,NH_Act_1956,Highway,Physical_Possession_Taken,2380,Private_Agricultural,260.0,980,0,1.0,FALSE,100.0,TRUE,98.5,Not_Applicable,95,TRUE,165,28,None,None,0,FALSE,0.98,Tier_1_National,5.0,1.18,4.4,Surplus,16,0.20,0.08,16.0,12,0.99,0
MOSPI/720285,Sangrur to Punjab Haryana Border 4-Laning NH-71 Khanauri,Transport,Central,Punjab & Haryana,Sangrur to Jind,Completed,Linear,NH_Act_1956,Highway,Physical_Possession_Taken,2180,Private_Agricultural,125.0,480,0,0.8,FALSE,100.0,TRUE,99.0,Not_Applicable,54,TRUE,85,16,None,None,0,FALSE,0.95,Tier_1_National,4.6,1.20,4.3,Surplus,15,0.18,0.08,18.0,12,0.99,0
MOSPI/720286,Solan to Kaithlighat 4-Laning NH-22 Parwanoo Shimla Package II,Transport,Central,Himachal Pradesh,Solan,Ongoing,Linear,NH_Act_1956,Highway,Physical_Possession_Taken,2450,Mountainous_Forest_Steep_Slopes,110.0,380,1,3.2,FALSE,92.5,TRUE,94.5,Stage_2_Final_Approved,65,TRUE,75,20,None,Landslide_Disruption,35,TRUE,1.48,Tier_1_National,18.5,0.85,6.5,Scarce,45,0.92,0.38,38.0,24,0.92,1095
MOSPI/720287,Kaithlighat to Dhalli 4-Laning Shimla Bypass NH-5 Package III,Transport,Central,Himachal Pradesh,Shimla,Ongoing,Linear,NH_Act_1956,Highway,Section_3G_Award,980,Mountainous_Forest,135.0,420,1,3.8,FALSE,86.0,TRUE,94.0,Stage_2_Final_Approved,58,TRUE,85,24,None,Active_Landslide_Disruption,40,TRUE,1.55,Tier_1_National,20.5,0.80,6.8,Scarce,50,0.95,0.40,42.0,26,0.90,730
MOSPI/720288,Kiratpur to Nerchowk 4-Laning NH-21 Bilaspur Tunnels Package I,Transport,Central,Punjab & Himachal Pradesh,Rupnagar Bilaspur Mandi,Completed,Linear,NH_Act_1956,Highway,Physical_Possession_Taken,2850,Mountainous_Forest_and_Tunnels,220.0,850,2,3.5,FALSE,99.5,TRUE,96.5,Stage_2_Final_Approved,110,TRUE,180,42,None,Tunnel_Seepage_Rectification,20,FALSE,1.42,Tier_1_National,16.5,0.88,6.0,Adequate,35,0.90,0.35,32.0,22,0.93,1650
MOSPI/720289,Nerchowk to Pandoh 4-Laning NH-21 Mandi Bypass Package II,Transport,Central,Himachal Pradesh,Mandi,Ongoing,Linear,NH_Act_1956,Highway,Physical_Possession_Taken,2450,Mountainous_Forest_and_Beas_Gorge,145.0,520,2,4.2,FALSE,91.0,TRUE,93.5,Stage_2_Final_Approved,85,TRUE,120,32,None,Beas_River_Flash_Flood_Damage,60,TRUE,1.68,Tier_1_National,24.5,0.78,7.2,Scarce,48,0.98,0.42,30.0,28,0.88,1460
MOSPI/720290,Pandoh Bypass to Takoli 4-Laning NH-21 10 Tunnels Package III,Transport,Central,Himachal Pradesh,Mandi & Kullu,Ongoing,Linear,NH_Act_1956,Highway,Physical_Possession_Taken,2380,Mountainous_Forest_Ghat_Tunnels,165.0,410,1,3.8,FALSE,92.5,TRUE,94.0,Stage_2_Final_Approved,72,TRUE,65,15,None,Massive_Landslide_Disruption,55,TRUE,1.65,Tier_1_National,22.0,0.80,7.0,Scarce,45,0.96,0.40,32.0,26,0.90,1280
MOSPI/720291,Takoli to Kullu 4-Laning NH-21 Valley Package IV,Transport,Central,Himachal Pradesh,Kullu,Completed,Linear,NH_Act_1956,Highway,Physical_Possession_Taken,2150,Beas_Riparian_and_Agricultural,125.0,480,0,1.8,FALSE,99.2,TRUE,97.5,Stage_2_Final_Approved,65,TRUE,95,24,None,None,10,FALSE,1.20,Tier_1_National,10.5,0.98,5.4,Adequate,30,0.88,0.30,22.0,18,0.95,365
MOSPI/720292,Kullu to Manali 4-Laning NH-21 Right Bank Package V,Transport,Central,Himachal Pradesh,Kullu,Completed,Linear,NH_Act_1956,Highway,Physical_Possession_Taken,2250,SubHimalayan_Valley_and_Orchard,140.0,520,1,2.0,FALSE,99.5,TRUE,97.0,Stage_2_Final_Approved,75,TRUE,110,28,None,None,15,FALSE,1.25,Tier_1_National,11.5,0.95,5.6,Adequate,32,0.85,0.32,24.0,18,0.95,450
MOSPI/720293,Hamirpur to Mandi 2-Laning with Paved Shoulder NH-70,Transport,Central,Himachal Pradesh,Hamirpur & Mandi,Completed,Linear,NH_Act_1956,Highway,Physical_Possession_Taken,2180,Mountainous_Terraced_Agricultural,120.0,410,0,1.2,FALSE,100.0,TRUE,98.5,Stage_2_Final_Approved,52,TRUE,75,14,None,None,0,FALSE,1.05,Tier_2_Regional,6.2,1.14,4.8,Adequate,25,0.85,0.28,25.0,14,0.98,0
MOSPI/720294,Chakrata to Mussoorie Hill Road Rehabilitation NH-507,Transport,Central,Uttarakhand,Dehradun,Completed,Linear,NH_Act_1956,Highway,Physical_Possession_Taken,1980,Mountainous_Forest_and_Ghats,45.0,95,0,0.8,FALSE,100.0,TRUE,98.5,Stage_2_Final_Approved,24,TRUE,35,6,None,None,0,FALSE,1.08,Tier_2_Regional,7.0,1.12,4.9,Scarce,35,0.92,0.35,38.0,15,0.97,90
MOSPI/720295,Kashipur to Sitarganj 4-Laning NH-74 Industrial Corridor,Transport,Central,Uttarakhand,Udham Singh Nagar,Completed,Linear,NH_Act_1956,Highway,Physical_Possession_Taken,2450,Private_Agricultural_and_Industrial,210.0,780,0,1.2,FALSE,100.0,TRUE,98.5,Not_Applicable,85,TRUE,140,25,None,None,0,FALSE,1.02,Tier_1_National,5.5,1.16,4.6,Surplus,18,0.35,0.12,12.0,12,0.99,30
MOSPI/720296,Sitarganj to Tanakpur 2-Laning with Paved Shoulder NH-125,Transport,Central,Uttarakhand,Udham Singh Nagar & Champawat,Completed,Linear,NH_Act_1956,Highway,Physical_Possession_Taken,2250,Terai_Agricultural_and_Forest,110.0,380,0,1.0,FALSE,100.0,TRUE,98.5,Stage_2_Final_Approved,48,TRUE,65,12,None,None,0,FALSE,0.98,Tier_2_Regional,5.0,1.18,4.5,Surplus,16,0.42,0.14,14.0,12,0.99,0
MOSPI/720297,Haridwar to Nagina 4-Laning NH-74 Package I Uttarakhand Section,Transport,Central,Uttarakhand & Uttar Pradesh,Haridwar to Bijnor,Completed,Linear,NH_Act_1956,Highway,Physical_Possession_Taken,2380,Private_Agricultural_and_Forest,185.0,690,0,1.5,FALSE,99.8,TRUE,98.0,Stage_2_Final_Approved,78,TRUE,110,22,None,None,0,FALSE,1.06,Tier_1_National,6.0,1.14,4.8,Surplus,18,0.38,0.12,12.5,14,0.98,90
MOSPI/720298,Roorkee to Chutmalpur 4-Laning NH-344 Connecting Corridor,Transport,Central,Uttarakhand & Uttar Pradesh,Haridwar to Saharanpur,Completed,Linear,NH_Act_1956,Highway,Physical_Possession_Taken,2180,Private_Agricultural,125.0,480,0,1.0,FALSE,100.0,TRUE,98.5,Not_Applicable,62,TRUE,85,16,None,None,0,FALSE,0.98,Tier_1_National,5.2,1.18,4.5,Surplus,16,0.30,0.10,14.0,12,0.99,0
MOSPI/720299,Yamunanagar to Saha 4-Laning NH-344 Ambala Feeder,Transport,Central,Haryana,Yamunanagar & Ambala,Completed,Linear,NH_Act_1956,Highway,Physical_Possession_Taken,2100,Private_Agricultural,140.0,520,0,0.8,FALSE,100.0,TRUE,99.0,Not_Applicable,58,TRUE,75,14,None,None,0,FALSE,0.95,Tier_1_National,4.8,1.20,4.4,Surplus,15,0.22,0.08,16.0,12,0.99,0
MOSPI/720300,Meerut to Bulandshahr 4-Laning NH-334 Hapur Bypass,Transport,Central,Uttar Pradesh,Meerut Hapur Bulandshahr,Completed,Linear,NH_Act_1956,Highway,Physical_Possession_Taken,2450,Private_Agricultural,220.0,850,0,1.2,FALSE,100.0,TRUE,98.5,Not_Applicable,85,TRUE,140,28,None,None,0,FALSE,1.02,Tier_1_National,5.5,1.16,4.6,Surplus,16,0.24,0.08,14.0,12,0.99,30
MOSPI/720301,Bulandshahr to Aligarh 4-Laning NH-34 Tollway Corridor,Transport,Central,Uttar Pradesh,Bulandshahr & Aligarh,Completed,Linear,NH_Act_1956,Highway,Physical_Possession_Taken,2480,Private_Agricultural,235.0,890,0,1.2,FALSE,99.8,TRUE,98.5,Not_Applicable,90,TRUE,145,26,None,None,0,FALSE,1.04,Tier_1_National,5.8,1.15,4.7,Surplus,18,0.25,0.08,14.5,14,0.98,60
MOSPI/720302,Moradabad to Bareilly 4-Laning NH-24 Rampur Bypass,Transport,Central,Uttar Pradesh,Moradabad Rampur Bareilly,Completed,Linear,NH_Act_1956,Highway,Physical_Possession_Taken,2650,Private_Agricultural,310.0,1250,0,1.5,FALSE,100.0,TRUE,98.0,Not_Applicable,115,TRUE,210,38,None,None,0,FALSE,1.05,Tier_1_National,6.2,1.14,4.8,Surplus,18,0.32,0.10,12.0,14,0.98,90
MOSPI/720303,Bareilly to Sitapur 4-Laning NH-24 Shahjahanpur Bypass,Transport,Central,Uttar Pradesh,Bareilly Shahjahanpur Sitapur,Completed,Linear,NH_Act_1956,Highway,Physical_Possession_Taken,2750,Private_Agricultural,380.0,1480,0,1.8,FALSE,99.5,TRUE,97.5,Not_Applicable,140,TRUE,260,45,None,None,0,FALSE,1.12,Tier_1_National,7.5,1.10,5.0,Surplus,20,0.35,0.10,11.0,15,0.97,365
MOSPI/720304,Sitapur to Lucknow 4-Laning NH-24 Highway Widening,Transport,Central,Uttar Pradesh,Sitapur & Lucknow,Completed,Linear,NH_Act_1956,Highway,Physical_Possession_Taken,2850,Private_Agricultural_and_Urban,240.0,980,0,1.2,FALSE,100.0,TRUE,98.5,Not_Applicable,95,TRUE,165,34,None,None,0,FALSE,1.06,Tier_1_National,6.0,1.14,4.7,Surplus,18,0.30,0.08,12.0,12,0.98,120
MOSPI/720305,Lucknow to Sultanpur 4-Laning NH-56 Package I Gosainganj,Transport,Central,Uttar Pradesh,Lucknow & Amethi,Completed,Linear,NH_Act_1956,Highway,Physical_Possession_Taken,2380,Private_Agricultural,260.0,940,0,1.4,FALSE,100.0,TRUE,98.5,Not_Applicable,95,TRUE,150,28,None,None,0,FALSE,1.02,Tier_1_National,5.5,1.16,4.6,Surplus,18,0.32,0.09,10.0,12,0.99,30
MOSPI/720306,Sultanpur to Varanasi 4-Laning NH-56 Package II Jaunpur Section,Transport,Central,Uttar Pradesh,Sultanpur Jaunpur Varanasi,Completed,Linear,NH_Act_1956,Highway,Physical_Possession_Taken,2450,Private_Agricultural_and_Urban,310.0,1280,0,1.5,FALSE,99.8,TRUE,98.0,Not_Applicable,125,TRUE,210,48,None,None,0,FALSE,1.08,Tier_1_National,6.5,1.12,4.8,Surplus,18,0.35,0.10,9.0,14,0.98,90
MOSPI/720307,Varanasi to Ghazipur 4-Laning NH-29 Package I,Transport,Central,Uttar Pradesh,Varanasi & Ghazipur,Completed,Linear,NH_Act_1956,Highway,Physical_Possession_Taken,2350,Private_Agricultural,185.0,780,0,1.2,FALSE,100.0,TRUE,98.5,Not_Applicable,85,TRUE,140,25,None,None,0,FALSE,1.02,Tier_1_National,5.5,1.16,4.6,Surplus,16,0.38,0.10,8.5,12,0.99,0
MOSPI/720308,Ghazipur to Gorakhpur 4-Laning NH-29 Package II Mau Section,Transport,Central,Uttar Pradesh,Ghazipur Mau Gorakhpur,Completed,Linear,NH_Act_1956,Highway,Physical_Possession_Taken,2410,Private_Agricultural,225.0,920,0,1.4,FALSE,99.8,TRUE,98.0,Not_Applicable,95,TRUE,165,30,None,None,0,FALSE,1.05,Tier_1_National,5.8,1.15,4.7,Surplus,18,0.40,0.10,8.0,14,0.98,45
MOSPI/720309,Gorakhpur to Maharajganj 2-Laning with Paved Shoulder NH-730,Transport,Central,Uttar Pradesh,Gorakhpur & Maharajganj,Completed,Linear,NH_Act_1956,Highway,Physical_Possession_Taken,2180,Private_Agricultural_Terai,140.0,540,0,1.0,FALSE,100.0,TRUE,98.5,Not_Applicable,58,TRUE,95,18,None,None,0,FALSE,0.98,Tier_2_Regional,5.0,1.18,4.5,Surplus,16,0.48,0.12,7.0,12,0.99,0
MOSPI/720310,Maharajganj to Nichlaul Indo-Nepal Border Road NH-730S,Transport,Central,Uttar Pradesh,Maharajganj (Thuthibari Border),Completed,Linear,NH_Act_1956,Highway,Physical_Possession_Taken,2100,Private_Agricultural_and_Riparian,85.0,320,0,0.8,FALSE,100.0,TRUE,99.0,Not_Applicable,35,TRUE,55,10,None,None,0,FALSE,0.95,Tier_2_Regional,4.8,1.20,4.4,Surplus,15,0.52,0.14,6.5,10,0.99,0
MOSPI/720311,Pilibhit to Basti 2-Laning with Paved Shoulder NH-730 Package I,Transport,Central,Uttar Pradesh,Pilibhit Lakhimpur Kheri,Completed,Linear,NH_Act_1956,Highway,Physical_Possession_Taken,2380,Terai_Forest_and_Sugarcane,195.0,740,0,1.5,FALSE,99.5,TRUE,98.0,Stage_2_Final_Approved,75,TRUE,125,22,None,Dudhwa_Tiger_Reserve_Buffer_Speed,10,FALSE,1.08,Tier_1_National,6.2,1.14,4.8,Surplus,18,0.45,0.14,9.5,14,0.98,60
MOSPI/720312,Lakhimpur to Bahraich 2-Laning with Paved Shoulder NH-730 Ghaghra,Transport,Central,Uttar Pradesh,Lakhimpur Kheri & Bahraich,Completed,Linear,NH_Act_1956,Highway,Physical_Possession_Taken,2450,Riverbed_and_Terai_Alluvial,180.0,680,0,1.8,FALSE,99.8,TRUE,98.0,Stage_2_Final_Approved,82,TRUE,115,20,None,None,0,FALSE,1.10,Tier_1_National,6.5,1.12,4.9,Surplus,20,0.55,0.16,8.5,14,0.97,90
MOSPI/720313,Bahraich to Balrampur 2-Laning with Paved Shoulder NH-730 Package III,Transport,Central,Uttar Pradesh,Bahraich Shravasti Balrampur,Completed,Linear,NH_Act_1956,Highway,Physical_Possession_Taken,2350,Private_Agricultural_Terai,165.0,620,0,1.4,FALSE,100.0,TRUE,98.5,Not_Applicable,68,TRUE,105,18,None,None,0,FALSE,1.04,Tier_2_Regional,5.5,1.16,4.6,Surplus,18,0.52,0.15,8.0,12,0.98,30
MOSPI/720314,Balrampur to Siddharthnagar 2-Laning with Paved Shoulder NH-730,Transport,Central,Uttar Pradesh,Balrampur & Siddharthnagar,Completed,Linear,NH_Act_1956,Highway,Physical_Possession_Taken,2280,Private_Agricultural,155.0,590,0,1.2,FALSE,100.0,TRUE,98.5,Not_Applicable,64,TRUE,95,16,None,None,0,FALSE,1.02,Tier_2_Regional,5.2,1.18,4.5,Surplus,18,0.55,0.16,7.5,12,0.98,0
MOSPI/720315,Siddharthnagar to Basti 2-Laning with Paved Shoulder NH-730 Package V,Transport,Central,Uttar Pradesh,Siddharthnagar & Basti,Completed,Linear,NH_Act_1956,Highway,Physical_Possession_Taken,2250,Private_Agricultural,145.0,550,0,1.0,FALSE,100.0,TRUE,98.5,Not_Applicable,58,TRUE,85,15,None,None,0,FALSE,0.98,Tier_2_Regional,5.0,1.18,4.5,Surplus,16,0.50,0.15,7.0,12,0.99,0
MOSPI/720316,Aligarh to Mathura 4-Laning NH-530B Package I Aligarh Bypass,Transport,Central,Uttar Pradesh,Aligarh,Ongoing,Linear,NH_Act_1956,Highway,Section_3G_Award,750,Private_Agricultural,145.0,580,0,1.2,FALSE,91.0,TRUE,96.5,Not_Applicable,65,TRUE,95,22,None,None,0,FALSE,1.05,Tier_1_National,5.5,1.15,4.7,Surplus,18,0.22,0.08,16.0,14,0.98,0
MOSPI/720317,Mathura to Bharatpur 4-Laning NH-530B Package II UP Rajasthan Border,Transport,Central,Uttar Pradesh & Rajasthan,Mathura to Bharatpur,Completed,Linear,NH_Act_1956,Highway,Physical_Possession_Taken,2180,Private_Agricultural,120.0,460,0,1.0,FALSE,100.0,TRUE,98.5,Not_Applicable,52,TRUE,75,18,None,None,0,FALSE,0.98,Tier_1_National,5.0,1.18,4.5,Surplus,16,0.20,0.08,18.0,12,0.99,0
MOSPI/720318,Bareilly Ring Road Phase 1 Northern Arc connecting NH-24 to NH-74,Transport,Central,Uttar Pradesh,Bareilly,Ongoing,Linear,NH_Act_1956,Highway,Section_3G_Award,820,Private_Agricultural_and_Urban,165.0,680,1,2.0,FALSE,92.5,TRUE,96.5,Not_Applicable,78,TRUE,110,25,None,None,0,FALSE,1.06,Tier_1_National,5.8,1.15,4.8,Surplus,18,0.30,0.10,12.0,14,0.97,30
MOSPI/720319,Moradabad Bypass 6-Laning Flyover Realignment NH-24,Transport,Central,Uttar Pradesh,Moradabad,Completed,Linear,NH_Act_1956,Highway,Physical_Possession_Taken,2450,Private_Urban_Commercial,45.0,380,0,1.2,FALSE,100.0,TRUE,98.0,Not_Applicable,95,TRUE,85,95,None,None,0,FALSE,1.05,Tier_1_National,6.2,1.14,4.7,Surplus,16,0.28,0.08,13.0,14,0.98,60
MOSPI/720320,Shahjahanpur Bypass 4-Laning NH-24 Garra River Bridge,Transport,Central,Uttar Pradesh,Shahjahanpur,Completed,Linear,NH_Act_1956,Highway,Physical_Possession_Taken,2380,Riverbed_and_Agricultural,85.0,320,0,1.0,FALSE,100.0,TRUE,98.5,Not_Applicable,58,TRUE,52,14,None,None,0,FALSE,0.98,Tier_1_National,5.0,1.18,4.5,Surplus,16,0.32,0.10,11.0,12,0.99,0
MOSPI/720321,Kishangarh to Gulabpura 6-Laning NH-79 Six Lane Golden Arm,Transport,Central,Rajasthan,Ajmer & Bhilwara,Completed,Linear,NH_Act_1956,Highway,Physical_Possession_Taken,2450,Private_Agricultural_and_Industrial,260.0,950,0,1.2,FALSE,100.0,TRUE,98.5,Not_Applicable,95,TRUE,140,32,None,None,0,FALSE,1.02,Tier_1_National,5.2,1.18,4.5,Surplus,16,0.15,0.08,25.0,12,0.98,0
MOSPI/720322,Gulabpura to Chittorgarh 6-Laning NH-79 Six Lane Corridor,Transport,Central,Rajasthan,Bhilwara & Chittorgarh,Completed,Linear,NH_Act_1956,Highway,Physical_Possession_Taken,2480,Private_Agricultural,280.0,1020,0,1.4,FALSE,99.8,TRUE,98.0,Not_Applicable,110,TRUE,160,35,None,None,0,FALSE,1.04,Tier_1_National,5.5,1.16,4.6,Surplus,18,0.18,0.08,24.0,12,0.98,45
MOSPI/720323,Chittorgarh to Udaipur 6-Laning NH-76 East-West Corridor,Transport,Central,Rajasthan,Chittorgarh & Udaipur,Completed,Linear,NH_Act_1956,Highway,Physical_Possession_Taken,2550,Private_Agricultural_and_Aravalli,295.0,1100,0,1.5,FALSE,100.0,TRUE,98.0,Stage_2_Final_Approved,120,TRUE,180,38,None,None,0,FALSE,1.05,Tier_1_National,5.8,1.15,4.7,Surplus,18,0.20,0.08,22.0,14,0.98,60
MOSPI/720324,Suratgarh to Bikaner 2-Laning with Paved Shoulder NH-62,Transport,Central,Rajasthan,Sri Ganganagar & Bikaner,Completed,Linear,NH_Act_1956,Highway,Physical_Possession_Taken,2450,Private_Agricultural_Arid,310.0,680,0,0.8,FALSE,100.0,TRUE,99.0,Not_Applicable,65,TRUE,75,12,None,None,0,FALSE,0.92,Tier_1_National,4.2,1.22,4.2,Surplus,14,0.08,0.05,48.0,10,0.99,0
MOSPI/720325,Bikaner to Nagaur 2-Laning with Paved Shoulder NH-62 Nokha Section,Transport,Central,Rajasthan,Bikaner & Nagaur,Completed,Linear,NH_Act_1956,Highway,Physical_Possession_Taken,2380,Private_Agricultural_Arid,240.0,540,0,0.8,FALSE,100.0,TRUE,98.5,Not_Applicable,54,TRUE,65,10,None,None,0,FALSE,0.94,Tier_1_National,4.5,1.20,4.3,Surplus,15,0.08,0.05,50.0,12,0.99,0
MOSPI/720326,Nagaur to Jodhpur 2-Laning with Paved Shoulder NH-62,Transport,Central,Rajasthan,Nagaur & Jodhpur,Completed,Linear,NH_Act_1956,Highway,Physical_Possession_Taken,2410,Private_Agricultural_Arid,260.0,580,0,1.0,FALSE,100.0,TRUE,98.5,Not_Applicable,58,TRUE,72,12,None,None,0,FALSE,0.95,Tier_1_National,4.6,1.20,4.3,Surplus,15,0.08,0.05,52.0,12,0.99,0
MOSPI/720327,Jodhpur to Pali 4-Laning NH-62 Industrial Freight Corridor,Transport,Central,Rajasthan,Jodhpur & Pali,Completed,Linear,NH_Act_1956,Highway,Physical_Possession_Taken,2450,Private_Agricultural_Arid,165.0,520,0,1.0,FALSE,100.0,TRUE,98.5,Not_Applicable,72,TRUE,95,20,None,None,0,FALSE,0.96,Tier_1_National,4.8,1.20,4.4,Surplus,15,0.10,0.05,42.0,12,0.99,0
MOSPI/720328,Barmer to Sanchore 2-Laning with Paved Shoulder NH-68 Indo-Pak Border,Transport,Central,Rajasthan,Barmer & Jalore,Completed,Linear,NH_Act_1956,Highway,Physical_Possession_Taken,2510,Private_Agricultural_Arid,280.0,490,0,0.8,FALSE,100.0,TRUE,98.5,Not_Applicable,48,TRUE,52,8,None,None,0,FALSE,0.92,Tier_1_National,4.2,1.22,4.1,Surplus,14,0.05,0.05,55.0,10,0.99,0
MOSPI/720329,Jaisalmer to Barmer 2-Laning with Paved Shoulder NH-68 Strategic Link,Transport,Central,Rajasthan,Jaisalmer & Barmer,Completed,Linear,NH_Act_1956,Highway,Physical_Possession_Taken,2480,Desert_Sand_and_Defense_RoW,320.0,380,0,0.5,FALSE,100.0,TRUE,99.0,Not_Applicable,38,TRUE,35,4,None,None,0,FALSE,0.90,Tier_1_National,4.0,1.24,4.0,Surplus,14,0.05,0.05,58.0,10,0.99,0
MOSPI/720330,Pokhran to Jaisalmer 2-Laning with Paved Shoulder NH-11,Transport,Central,Rajasthan,Jaisalmer (Pokhran to Jaisalmer),Completed,Linear,NH_Act_1956,Highway,Physical_Possession_Taken,2450,Desert_Arid_and_Defense_Estate,210.0,240,0,0.5,FALSE,100.0,TRUE,99.0,Not_Applicable,28,TRUE,24,2,None,None,0,FALSE,0.88,Tier_1_National,3.8,1.25,4.0,Surplus,12,0.05,0.05,54.0,10,0.99,0
MOSPI/720331,Bikaner to Suratgarh 4-Laning NH-62 Heavy Freight Widening,Transport,Central,Rajasthan,Bikaner & Sri Ganganagar,Ongoing,Linear,NH_Act_1956,Highway,Section_3G_Award,820,Private_Agricultural_Arid,285.0,620,0,1.0,FALSE,92.0,TRUE,97.0,Not_Applicable,65,TRUE,85,15,None,None,0,FALSE,1.02,Tier_1_National,4.8,1.18,4.5,Surplus,16,0.08,0.05,46.0,12,0.98,0
MOSPI/720332,Udaipur to Ratanpur Gujarat Border 6-Laning NH-48 Shamlaji,Transport,Central,Rajasthan & Gujarat,Udaipur to Aravalli,Completed,Linear,NH_Act_1956,Highway,Physical_Possession_Taken,2650,Mountainous_Forest_and_Aravalli,240.0,890,1,2.2,FALSE,99.5,TRUE,97.5,Stage_2_Final_Approved,110,TRUE,165,34,None,None,0,FALSE,1.08,Tier_1_National,6.5,1.12,4.8,Surplus,18,0.22,0.10,22.0,14,0.98,90
MOSPI/720333,Shamlaji to Motachiloda 6-Laning NH-48 Himatnagar Section,Transport,Central,Gujarat,Aravalli & Sabarkantha,Completed,Linear,NH_Act_1956,Highway,Physical_Possession_Taken,2450,Private_Agricultural,220.0,820,0,1.2,FALSE,100.0,TRUE,98.5,Not_Applicable,95,TRUE,140,28,None,None,0,FALSE,1.02,Tier_1_National,5.2,1.18,4.5,Surplus,16,0.25,0.10,18.0,12,0.98,0
MOSPI/720334,Motachiloda to Ahmedabad 6-Laning NH-48 SP Ring Road Junction,Transport,Central,Gujarat,Gandhinagar & Ahmedabad,Completed,Linear,NH_Act_1956,Highway,Physical_Possession_Taken,2380,Private_Urban_Commercial,85.0,540,0,1.0,FALSE,100.0,TRUE,98.5,Not_Applicable,88,TRUE,110,45,None,None,0,FALSE,1.00,Tier_1_National,5.0,1.18,4.4,Surplus,15,0.25,0.08,15.0,12,0.99,0
MOSPI/720335,Ahmedabad to Vadodara Expressway 6-Laning NE-1 Widening,Transport,Central,Gujarat,Ahmedabad Anand Kheda Vadodara,Completed,Linear,NH_Act_1956,Highway,Physical_Possession_Taken,2450,Expressway_RoW_and_Agricultural,180.0,420,0,0.8,FALSE,100.0,TRUE,99.0,Not_Applicable,85,TRUE,65,12,None,None,0,FALSE,0.95,Tier_1_National,4.5,1.22,4.2,Surplus,15,0.28,0.10,14.0,10,0.99,0
MOSPI/720336,Vadodara to Surat 6-Laning NH-48 Bharuch Narmada Mega Bridge,Transport,Central,Gujarat,Vadodara Bharuch Surat,Completed,Linear,NH_Act_1956,Highway,Physical_Possession_Taken,2980,Riverbed_and_Private_Agricultural,295.0,1450,1,2.0,FALSE,99.8,TRUE,97.5,Stage_2_Final_Approved,145,TRUE,280,68,None,None,0,FALSE,1.18,Tier_1_National,8.5,1.08,5.0,Surplus,20,0.38,0.14,10.0,15,0.96,480
MOSPI/720337,Surat to Dahisar 6-Laning NH-48 Navsari Valsad Palghar,Transport,Central,Gujarat & Maharashtra,Valsad to Palghar,Completed,Linear,NH_Act_1956,Highway,Physical_Possession_Taken,2850,Private_Agricultural_and_Urban,340.0,1680,1,2.2,FALSE,99.5,TRUE,97.5,Stage_2_Final_Approved,160,TRUE,320,85,None,None,0,FALSE,1.15,Tier_1_National,8.0,1.10,5.0,Surplus,20,0.45,0.16,6.5,15,0.97,365
MOSPI/720338,Gandhidham to Mundra Port 4-Laning NH-8A Port Expressway,Transport,Central,Gujarat,Kutch (Gandhidham to Mundra),Completed,Linear,NH_Act_1956,Highway,Physical_Possession_Taken,2450,Coastal_Saline_and_Private,165.0,480,0,1.0,FALSE,100.0,TRUE,98.5,Not_Applicable,58,TRUE,75,18,None,None,0,FALSE,0.96,Tier_1_National,4.8,1.20,4.3,Surplus,16,0.18,0.10,24.0,12,0.99,0
MOSPI/720339,Samakhiali to Gandhidham 6-Laning NH-8A Heavy Commercial Tollway,Transport,Central,Gujarat,Kutch,Completed,Linear,NH_Act_1956,Highway,Physical_Possession_Taken,2380,Private_Agricultural_and_Saline,195.0,580,0,1.2,FALSE,100.0,TRUE,98.5,Not_Applicable,68,TRUE,88,22,None,None,0,FALSE,0.98,Tier_1_National,5.0,1.18,4.4,Surplus,16,0.20,0.12,20.0,12,0.99,0
MOSPI/720340,Bhavnagar to Somnath 4-Laning NH-8E Package I Bhavnagar Talaja,Transport,Central,Gujarat,Bhavnagar,Completed,Linear,NH_Act_1956,Highway,Physical_Possession_Taken,2450,Coastal_and_Private_Agricultural,185.0,720,0,1.5,FALSE,99.8,TRUE,98.0,Not_Applicable,72,TRUE,110,24,None,None,0,FALSE,1.05,Tier_1_National,5.8,1.15,4.7,Surplus,18,0.30,0.12,6.5,14,0.98,60
MOSPI/720341,Bhavnagar to Somnath 4-Laning NH-8E Package II Talaja Mahuva,Transport,Central,Gujarat,Bhavnagar,Completed,Linear,NH_Act_1956,Highway,Physical_Possession_Taken,2410,Coastal_and_Private_Agricultural,195.0,760,0,1.4,FALSE,100.0,TRUE,98.0,Not_Applicable,78,TRUE,120,26,None,None,0,FALSE,1.04,Tier_1_National,5.5,1.15,4.6,Surplus,18,0.32,0.12,6.0,14,0.98,45
MOSPI/720342,Bhavnagar to Somnath 4-Laning NH-8E Package III Mahuva to Kagavadar,Transport,Central,Gujarat,Bhavnagar & Amreli,Completed,Linear,NH_Act_1956,Highway,Physical_Possession_Taken,2380,Coastal_and_Agricultural,175.0,690,0,1.2,FALSE,100.0,TRUE,98.5,Not_Applicable,68,TRUE,105,22,None,None,0,FALSE,1.02,Tier_1_National,5.2,1.18,4.5,Surplus,16,0.32,0.12,5.5,12,0.98,30
MOSPI/720343,Bhavnagar to Somnath 4-Laning NH-8E Package V Una to Kodinar,Transport,Central,Gujarat,Gir Somnath,Completed,Linear,NH_Act_1956,Highway,Physical_Possession_Taken,2450,Coastal_and_Limestone,180.0,740,0,1.5,FALSE,99.5,TRUE,98.0,Stage_2_Final_Approved,74,TRUE,115,25,None,Gir_Sanctuary_Buffer_Eco_Compliance,10,FALSE,1.08,Tier_1_National,6.2,1.14,4.8,Surplus,18,0.40,0.16,5.0,14,0.98,90
MOSPI/720344,Pune to Satara 6-Laning NH-48 Package I Khed Shivapur Tollway,Transport,Central,Maharashtra,Pune & Satara,Completed,Linear,NH_Act_1956,Highway,Physical_Possession_Taken,3100,Private_Urban_and_Agricultural,280.0,1250,2,2.8,FALSE,98.8,TRUE,96.5,Stage_2_Final_Approved,145,TRUE,280,75,None,Citizen_Traffic_Toll_Agitation,25,TRUE,1.45,Tier_1_National,16.5,0.88,5.8,Surplus,22,0.35,0.12,14.0,18,0.94,1825
MOSPI/720345,Satara to Kagal 6-Laning NH-48 Maharashtra Karnataka Border,Transport,Central,Maharashtra,Satara & Kolhapur,Ongoing,Linear,NH_Act_1956,Highway,Section_3G_Award,890,Private_Agricultural_and_Sugarcane,320.0,1450,1,2.2,FALSE,88.5,TRUE,96.0,Stage_2_Final_Approved,160,TRUE,310,65,None,None,0,FALSE,1.08,Tier_1_National,6.5,1.12,4.9,Surplus,20,0.38,0.12,12.0,15,0.97,45
MOSPI/720346,Kagal to Belgaum 6-Laning NH-48 Karnataka Package I,Transport,Central,Karnataka,Belagavi,Ongoing,Linear,NH_Act_1956,Highway,Section_3G_Award,850,Private_Agricultural,240.0,980,0,1.8,FALSE,91.0,TRUE,96.5,Not_Applicable,110,TRUE,190,42,None,None,0,FALSE,1.05,Tier_1_National,5.8,1.15,4.8,Surplus,18,0.32,0.10,14.5,14,0.98,30
MOSPI/720347,Belgaum to Dharwad 6-Laning NH-48 Kittur Section Package II,Transport,Central,Karnataka,Belagavi & Dharwad,Ongoing,Linear,NH_Act_1956,Highway,Section_3G_Award,820,Private_Agricultural,265.0,1050,1,1.6,FALSE,92.5,TRUE,97.0,Stage_2_Final_Approved,115,TRUE,210,45,None,None,0,FALSE,1.06,Tier_1_National,6.0,1.14,4.8,Surplus,18,0.30,0.10,15.0,14,0.98,30
MOSPI/720348,Hubli to Haveri 6-Laning NH-48 Package III Karnataka Corridor,Transport,Central,Karnataka,Dharwad & Haveri,Completed,Linear,NH_Act_1956,Highway,Physical_Possession_Taken,2450,Private_Agricultural,220.0,850,0,1.2,FALSE,100.0,TRUE,98.5,Not_Applicable,85,TRUE,140,28,None,None,0,FALSE,0.98,Tier_1_National,5.2,1.18,4.5,Surplus,16,0.28,0.10,16.0,12,0.99,0
MOSPI/720349,Haveri to Davangere 6-Laning NH-48 Package IV Tungabhadra Bridge,Transport,Central,Karnataka,Haveri & Davangere,Completed,Linear,NH_Act_1956,Highway,Physical_Possession_Taken,2410,Private_Agricultural_and_Riparian,245.0,920,0,1.4,FALSE,99.8,TRUE,98.0,Stage_2_Final_Approved,92,TRUE,160,30,None,None,0,FALSE,1.02,Tier_1_National,5.5,1.16,4.6,Surplus,18,0.30,0.10,15.5,12,0.98,30
MOSPI/720350,Davangere to Chitradurga 6-Laning NH-48 Package V,Transport,Central,Karnataka,Davangere & Chitradurga,Completed,Linear,NH_Act_1956,Highway,Physical_Possession_Taken,2380,Private_Agricultural_Arid,230.0,880,0,1.0,FALSE,100.0,TRUE,98.5,Not_Applicable,82,TRUE,135,25,None,None,0,FALSE,0.96,Tier_1_National,5.0,1.18,4.4,Surplus,16,0.25,0.08,18.0,12,0.99,0
MOSPI/720351,Chitradurga to Tumkur 6-Laning NH-48 Sira Section Package VI,Transport,Central,Karnataka,Chitradurga & Tumakuru,Completed,Linear,NH_Act_1956,Highway,Physical_Possession_Taken,2450,Private_Agricultural,280.0,1120,0,1.2,FALSE,100.0,TRUE,98.5,Not_Applicable,95,TRUE,180,34,None,None,0,FALSE,0.98,Tier_1_National,5.2,1.18,4.5,Surplus,16,0.22,0.08,20.0,12,0.99,0
MOSPI/720352,Hosur to Krishnagiri 6-Laning NH-44 Tamil Nadu Package I,Transport,Central,Tamil Nadu,Krishnagiri,Completed,Linear,NH_Act_1956,Highway,Physical_Possession_Taken,2650,Private_Agricultural_and_Industrial,210.0,890,0,1.5,FALSE,100.0,TRUE,98.0,Stage_2_Final_Approved,88,TRUE,140,42,None,None,0,FALSE,1.04,Tier_1_National,5.5,1.16,4.6,Surplus,18,0.30,0.10,14.0,12,0.98,45
MOSPI/720353,Krishnagiri to Dharmapuri 6-Laning NH-44 Thoppur Ghat Realignment,Transport,Central,Tamil Nadu,Krishnagiri & Dharmapuri,Ongoing,Linear,NH_Act_1956,Highway,Section_3G_Award,680,Mountainous_Forest_and_Ghats,165.0,540,0,1.5,FALSE,92.0,TRUE,96.5,Stage_2_Final_Approved,62,TRUE,95,18,None,Accident_Blackspot_Viaduct_Scheme,0,FALSE,1.06,Tier_1_National,5.8,1.14,4.8,Surplus,18,0.32,0.12,15.0,14,0.97,0
MOSPI/720354,Salem to Namakkal 4-Laning NH-44 Flyover Augmentation,Transport,Central,Tamil Nadu,Salem & Namakkal,Completed,Linear,NH_Act_1956,Highway,Physical_Possession_Taken,2450,Private_Agricultural,180.0,720,0,1.2,FALSE,100.0,TRUE,98.5,Not_Applicable,75,TRUE,110,24,None,None,0,FALSE,0.98,Tier_1_National,5.0,1.18,4.5,Surplus,16,0.28,0.10,12.5,12,0.99,0
MOSPI/720355,Namakkal to Karur 4-Laning NH-44 Cauvery Bridge Package,Transport,Central,Tamil Nadu,Namakkal & Karur,Completed,Linear,NH_Act_1956,Highway,Physical_Possession_Taken,2380,Riverbed_and_Agricultural,165.0,650,0,1.0,FALSE,100.0,TRUE,98.5,Not_Applicable,68,TRUE,95,20,None,None,0,FALSE,0.96,Tier_1_National,4.8,1.20,4.4,Surplus,16,0.35,0.10,11.0,12,0.99,0
MOSPI/720356,Karur to Dindigul 4-Laning NH-44 Central Tamil Nadu Link,Transport,Central,Tamil Nadu,Karur & Dindigul,Completed,Linear,NH_Act_1956,Highway,Physical_Possession_Taken,2410,Private_Agricultural,220.0,840,0,1.2,FALSE,100.0,TRUE,98.5,Not_Applicable,78,TRUE,125,22,None,None,0,FALSE,0.98,Tier_1_National,5.0,1.18,4.5,Surplus,16,0.30,0.10,12.0,12,0.99,0
MOSPI/720357,Dindigul to Samayanallur 4-Laning NH-44 Madurai Approach,Transport,Central,Tamil Nadu,Dindigul & Madurai,Completed,Linear,NH_Act_1956,Highway,Physical_Possession_Taken,2450,Private_Agricultural_and_Urban,195.0,790,0,1.4,FALSE,100.0,TRUE,98.0,Not_Applicable,85,TRUE,135,28,None,None,0,FALSE,1.00,Tier_1_National,5.2,1.18,4.5,Surplus,16,0.32,0.10,11.5,12,0.98,0
MOSPI/720358,Madurai to Tirunelveli 4-Laning NH-44 Package I Virudhunagar Section,Transport,Central,Tamil Nadu,Madurai Virudhunagar Thoothukudi,Completed,Linear,NH_Act_1956,Highway,Physical_Possession_Taken,2510,Private_Agricultural_Arid,280.0,1050,0,1.2,FALSE,100.0,TRUE,98.5,Not_Applicable,92,TRUE,160,30,None,None,0,FALSE,1.02,Tier_1_National,5.5,1.16,4.6,Surplus,18,0.25,0.08,16.0,12,0.98,30
MOSPI/720359,Tirunelveli to Panagudi 4-Laning NH-44 Windmill Belt Package II,Transport,Central,Tamil Nadu,Tirunelveli,Completed,Linear,NH_Act_1956,Highway,Physical_Possession_Taken,2450,Windmill_Belt_and_Barren,185.0,620,0,0.8,FALSE,100.0,TRUE,99.0,Not_Applicable,64,TRUE,85,15,None,None,0,FALSE,0.95,Tier_1_National,4.6,1.22,4.3,Surplus,15,0.22,0.08,18.0,10,0.99,0
MOSPI/720360,Panagudi to Kanyakumari 4-Laning NH-44 Cape Comorin Terminal,Transport,Central,Tamil Nadu,Tirunelveli & Kanniyakumari,Completed,Linear,NH_Act_1956,Highway,Physical_Possession_Taken,2410,Coastal_and_Agricultural,140.0,580,0,1.2,FALSE,100.0,TRUE,98.5,Not_Applicable,58,TRUE,92,20,None,None,0,FALSE,0.96,Tier_1_National,4.8,1.20,4.4,Surplus,16,0.42,0.14,6.5,12,0.99,0
MOSPI/720361,Walayar to Vadakkanchery 4-Laning NH-544 Palakkad Bypass,Transport,Central,Kerala,Palakkad,Completed,Linear,NH_Act_1956,Highway,Physical_Possession_Taken,2750,Private_Agricultural_and_Urban,165.0,980,1,2.8,FALSE,99.5,TRUE,97.0,Stage_2_Final_Approved,110,TRUE,240,65,None,None,0,FALSE,1.20,Tier_1_National,8.5,1.05,5.2,Surplus,20,0.72,0.20,5.5,16,0.96,480
MOSPI/720362,Vadakkanchery to Mannuthy 6-Laning NH-544 Kuthiran Tunnel,Transport,Central,Kerala,Palakkad & Thrissur,Completed,Linear,NH_Act_1956,Highway,Physical_Possession_Taken,3450,Western_Ghats_Dense_Forest,145.0,850,2,3.5,FALSE,98.5,TRUE,95.5,Stage_2_Final_Approved,95,TRUE,190,52,None,Tunnel_Rockfall_Structural_Stay,35,TRUE,1.55,Tier_1_National,18.5,0.85,6.2,Adequate,30,0.85,0.25,4.5,22,0.93,2190
MOSPI/720363,Mannuthy to Edappally 4-Laning NH-544 Kochi Approach Expressway,Transport,Central,Kerala,Thrissur & Ernakulam,Completed,Linear,NH_Act_1956,Highway,Physical_Possession_Taken,2850,Dense_Settlement_and_Urban,185.0,1850,2,4.2,FALSE,99.0,TRUE,96.5,Not_Applicable,195,TRUE,480,240,Religious_Shrine,None,15,FALSE,1.25,Tier_1_National,11.5,0.98,5.4,Adequate,25,0.82,0.24,2.5,18,0.95,730
MOSPI/720364,Cherthala to Oachira 6-Laning NH-66 Alappuzha Bypass Package,Transport,Central,Kerala,Alappuzha & Kollam,Ongoing,Linear,NH_Act_1956,Highway,Physical_Possession_Taken,1450,Dense_Coastal_Strip,145.0,2450,3,5.5,FALSE,93.5,TRUE,95.0,Stage_1_In_Principle,310,TRUE,850,480,Religious_Shrine,Citizen_Traffic_Agitation,20,FALSE,1.28,Tier_1_National,12.5,0.96,5.6,Adequate,26,0.88,0.25,1.5,20,0.94,240
MOSPI/720365,Oachira to Kazhakkoottam 6-Laning NH-66 Kollam Bypass Package,Transport,Central,Kerala,Kollam & Thiruvananthapuram,Ongoing,Linear,NH_Act_1956,Highway,Physical_Possession_Taken,1420,Dense_Coastal_Strip_and_Clay,165.0,2800,3,5.2,FALSE,94.0,TRUE,95.5,Stage_1_In_Principle,340,TRUE,920,520,None,None,15,FALSE,1.25,Tier_1_National,12.0,0.98,5.5,Adequate,25,0.85,0.24,2.0,18,0.95,210
MOSPI/720366,Kazhakkoottam to Mukkola 4-Laning NH-66 Trivandrum Bypass,Transport,Central,Kerala,Thiruvananthapuram,Completed,Linear,NH_Act_1956,Highway,Physical_Possession_Taken,2650,Urban_and_Coastal_Laterite,95.0,1450,1,2.5,FALSE,99.8,TRUE,97.5,Not_Applicable,180,TRUE,380,185,None,None,0,FALSE,1.15,Tier_1_National,8.5,1.08,5.0,Surplus,20,0.80,0.22,3.0,15,0.97,365
MOSPI/720367,Mukkola to Karode 4-Laning NH-66 Concrete Pavement Kerala Section,Transport,Central,Kerala,Thiruvananthapuram (Karode Border),Completed,Linear,NH_Act_1956,Highway,Physical_Possession_Taken,2450,Hilly_Laterite_and_Dense,65.0,780,1,2.0,FALSE,100.0,TRUE,98.0,Not_Applicable,85,TRUE,180,65,None,None,0,FALSE,1.12,Tier_1_National,7.5,1.10,4.9,Surplus,18,0.80,0.22,4.0,14,0.98,180
MOSPI/720368,Karode to Villukuri 4-Laning NH-66 Package I Tamil Nadu Section,Transport,Central,Tamil Nadu,Kanniyakumari,Ongoing,Linear,NH_Act_1956,Highway,Physical_Possession_Taken,1650,Private_Agricultural_and_Paddy,110.0,920,2,3.8,FALSE,92.5,TRUE,95.0,Stage_1_In_Principle,140,TRUE,280,75,None,Earth_Borrowing_Quarry_Ban_Stay,25,FALSE,1.35,Tier_1_National,14.5,0.92,5.6,Adequate,26,0.78,0.24,3.5,18,0.94,540
MOSPI/720369,Villukuri to Kanyakumari 4-Laning NH-66 Package II Nagercoil Bypass,Transport,Central,Tamil Nadu,Kanniyakumari,Ongoing,Linear,NH_Act_1956,Highway,Physical_Possession_Taken,1580,Dense_Settlement_and_Paddy,125.0,1150,2,4.0,FALSE,91.5,TRUE,94.5,Not_Applicable,160,TRUE,340,95,None,None,20,FALSE,1.32,Tier_1_National,14.0,0.94,5.5,Adequate,25,0.75,0.22,4.0,18,0.94,480
MOSPI/720370,Kozhikode Bypass 6-Laning NH-66 Vengalam to Ramanattukara,Transport,Central,Kerala,Kozhikode,Ongoing,Linear,NH_Act_1956,Highway,Physical_Possession_Taken,1450,Urban_Wetland_and_Laterite,85.0,1280,1,2.5,FALSE,96.0,TRUE,96.5,Not_Applicable,195,TRUE,280,140,None,None,0,FALSE,1.10,Tier_1_National,6.8,1.12,4.9,Surplus,20,0.85,0.22,2.2,15,0.97,120
MOSPI/720371,Thalassery Mahe Bypass 4-Laning NH-66 Muzhappilangad to Azhiyur,Transport,Central,Kerala & Puducherry,Kannur Kozhikode Mahe,Completed,Linear,NH_Act_1956,Highway,Physical_Possession_Taken,2450,Estuarine_and_Coastal_Settlement,95.0,1180,0,1.8,FALSE,100.0,TRUE,98.0,Not_Applicable,140,TRUE,260,85,None,None,0,FALSE,1.15,Tier_1_National,8.2,1.08,5.1,Adequate,22,0.85,0.24,2.0,15,0.97,420
MOSPI/720372,Alappuzha Bypass 2-Laning with Elevated Viaduct NH-66,Transport,Central,Kerala,Alappuzha (Beach Elevated Viaduct),Completed,Point,NH_Act_1956,Highway,Physical_Possession_Taken,2850,Coastal_Sand_and_Railway_RoW,22.0,380,0,1.0,FALSE,100.0,TRUE,97.5,Not_Applicable,85,TRUE,45,65,None,Railway_Over_Bridge_Clearance_Hold,15,FALSE,1.32,Tier_1_National,12.5,0.95,5.4,Adequate,25,0.90,0.25,1.2,18,0.95,1460
MOSPI/720373,Kollam Bypass 2-Laning with 3 Major Bridges NH-66,Transport,Central,Kerala,Kollam (Ashtamudi Lake Crossing),Completed,Linear,NH_Act_1956,Highway,Physical_Possession_Taken,2750,Lakefront_Estuary_and_Laterite,38.0,450,0,1.2,FALSE,100.0,TRUE,98.0,Not_Applicable,95,TRUE,65,48,None,None,0,FALSE,1.25,Tier_1_National,11.0,0.98,5.2,Adequate,24,0.88,0.22,1.5,16,0.96,1095
MOSPI/720374,Kundannoor to Thevara Elevated Highway Link Kochi NH-966B,Transport,Central,Kerala,Ernakulam,Ongoing,Point,NH_Act_1956,Elevated_Road,Physical_Possession_Taken,620,Government_Backwaters_and_Urban,12.5,140,0,1.0,FALSE,94.0,TRUE,96.5,Not_Applicable,95,TRUE,42,85,None,None,0,FALSE,1.08,Tier_1_National,6.5,1.12,4.9,Surplus,18,0.82,0.24,1.8,14,0.97,0
MOSPI/720375,Thrissur to Angamaly 4-Laning NH-544 Tollway Operation Upgrade,Transport,Central,Kerala,Thrissur & Ernakulam,Completed,Linear,NH_Act_1956,Highway,Physical_Possession_Taken,2450,Private_Urban_and_Paddy,165.0,1250,0,1.2,FALSE,100.0,TRUE,98.5,Not_Applicable,140,TRUE,280,110,None,None,0,FALSE,1.02,Tier_1_National,5.2,1.18,4.5,Surplus,18,0.85,0.22,2.5,12,0.98,0
MOSPI/720376,Dindigul to Theni 4-Laning NH-45E Package I Sempatti Section,Transport,Central,Tamil Nadu,Dindigul,Completed,Linear,NH_Act_1956,Highway,Physical_Possession_Taken,2180,Private_Agricultural,145.0,520,0,1.0,FALSE,100.0,TRUE,98.5,Not_Applicable,48,TRUE,75,15,None,None,0,FALSE,0.96,Tier_2_Regional,4.8,1.20,4.4,Surplus,16,0.30,0.10,15.0,12,0.99,0
MOSPI/720377,Theni to Kumily 2-Laning with Paved Shoulder NH-220 Western Ghats,Transport,Central,Tamil Nadu & Kerala,Theni to Idukki Border,Completed,Linear,NH_Act_1956,Highway,Physical_Possession_Taken,2350,Mountainous_Forest_and_Plantations,85.0,280,0,1.2,FALSE,100.0,TRUE,98.0,Stage_2_Final_Approved,32,TRUE,45,12,None,None,0,FALSE,1.05,Tier_2_Regional,6.2,1.14,4.7,Scarce,30,0.75,0.25,18.0,14,0.98,30
MOSPI/720378,Pollachi to Dindigul 4-Laning NH-209 Package I Palani Bypass,Transport,Central,Tamil Nadu,Coimbatore & Dindigul,Completed,Linear,NH_Act_1956,Highway,Physical_Possession_Taken,2250,Private_Agricultural,185.0,680,0,1.0,FALSE,100.0,TRUE,98.5,Not_Applicable,68,TRUE,110,22,Religious_Shrine,None,0,FALSE,0.98,Tier_1_National,5.0,1.18,4.5,Surplus,16,0.32,0.10,16.0,12,0.99,0
MOSPI/720379,Coimbatore to Pollachi 4-Laning NH-209 Package II Kinathukadavu,Transport,Central,Tamil Nadu,Coimbatore,Completed,Linear,NH_Act_1956,Highway,Physical_Possession_Taken,2380,Private_Urban_and_Agricultural,140.0,750,0,1.2,FALSE,100.0,TRUE,98.0,Not_Applicable,88,TRUE,135,38,None,None,0,FALSE,1.04,Tier_1_National,5.5,1.16,4.6,Surplus,18,0.35,0.10,14.0,12,0.98,45
MOSPI/720380,Thirumayam to Manamadurai 2-Laning with Paved Shoulder NH-226,Transport,Central,Tamil Nadu,Pudukkottai & Sivaganga,Completed,Linear,NH_Act_1956,Highway,Physical_Possession_Taken,2180,Private_Agricultural_Dry_Belt,125.0,420,0,0.8,FALSE,100.0,TRUE,99.0,Not_Applicable,42,TRUE,65,12,None,None,0,FALSE,0.94,Tier_2_Regional,4.5,1.22,4.3,Surplus,15,0.28,0.08,18.0,10,0.99,0
MOSPI/720381,Perambalur to Thanjavur 2-Laning with Paved Shoulder NH-226 Extn,Transport,Central,Tamil Nadu,Perambalur Ariyalur Thanjavur,Completed,Linear,NH_Act_1956,Highway,Physical_Possession_Taken,2250,Private_Agricultural,145.0,510,0,1.0,FALSE,100.0,TRUE,98.5,Not_Applicable,54,TRUE,85,16,None,None,0,FALSE,0.98,Tier_2_Regional,4.8,1.20,4.4,Surplus,16,0.35,0.10,12.0,12,0.99,0
MOSPI/720382,Cuddalore to Thiruvannamalai 2-Laning with Paved Shoulder NH-147,Transport,Central,Tamil Nadu,Cuddalore & Tiruvannamalai,Completed,Linear,NH_Act_1956,Highway,Physical_Possession_Taken,2150,Private_Agricultural,165.0,580,0,1.2,FALSE,100.0,TRUE,98.5,Not_Applicable,58,TRUE,95,18,Religious_Shrine,None,0,FALSE,0.98,Tier_2_Regional,5.0,1.18,4.5,Surplus,16,0.38,0.10,11.5,12,0.99,0
MOSPI/720383,Thiruvannamalai to Vellore 2-Laning with Paved Shoulder NH-234,Transport,Central,Tamil Nadu,Tiruvannamalai & Vellore,Completed,Linear,NH_Act_1956,Highway,Physical_Possession_Taken,2180,Private_Agricultural_and_Rocky,155.0,540,0,1.0,FALSE,100.0,TRUE,98.5,Not_Applicable,52,TRUE,85,15,None,None,0,FALSE,0.96,Tier_2_Regional,4.8,1.20,4.4,Surplus,16,0.32,0.10,14.0,12,0.99,0
MOSPI/720384,Mangalore to Solapur 4-Laning NH-169A Malpe Port to Agumbe,Transport,Central,Karnataka,Udupi (Malpe Port to Manipal),Ongoing,Linear,NH_Act_1956,Highway,Section_3G_Award,680,Private_Urban_and_Coastal,48.0,420,0,1.4,FALSE,88.5,TRUE,96.5,Not_Applicable,72,TRUE,95,58,None,None,0,FALSE,1.06,Tier_2_Regional,5.8,1.14,4.8,Surplus,18,0.78,0.22,3.5,14,0.97,0
MOSPI/720385,Hassan to Holenarasipur 2-Laning with Paved Shoulder NH-373,Transport,Central,Karnataka,Hassan,Completed,Linear,NH_Act_1956,Highway,Physical_Possession_Taken,2150,Private_Agricultural,95.0,380,0,1.0,FALSE,100.0,TRUE,98.5,Not_Applicable,42,TRUE,65,12,None,None,0,FALSE,0.95,Tier_2_Regional,4.5,1.20,4.3,Surplus,15,0.38,0.10,12.0,12,0.99,0
MOSPI/720386,Holenarasipur to Mysore 2-Laning with Paved Shoulder NH-373 KR Nagar,Transport,Central,Karnataka,Hassan & Mysuru,Completed,Linear,NH_Act_1956,Highway,Physical_Possession_Taken,2180,Private_Agricultural_Cauvery_Basin,110.0,420,0,1.2,FALSE,100.0,TRUE,98.5,Not_Applicable,48,TRUE,75,15,None,None,0,FALSE,0.98,Tier_2_Regional,4.8,1.18,4.5,Surplus,16,0.40,0.12,10.5,12,0.99,0
MOSPI/720387,Mysore to Madikeri 4-Laning NH-275 Package I Mysuru to Kushalnagar,Transport,Central,Karnataka,Mysuru & Kodagu,Ongoing,Linear,NH_Act_1956,Highway,Section_3G_Award,780,Private_Agricultural_and_Plantations,220.0,780,1,2.5,FALSE,89.0,TRUE,96.0,Stage_1_In_Principle,95,TRUE,140,28,None,None,0,FALSE,1.10,Tier_1_National,6.5,1.12,4.9,Adequate,22,0.65,0.18,8.5,15,0.96,60
MOSPI/720388,Bantwal to Hassan 4-Laning NH-75 Shiradi Ghat Elevated Bypass,Transport,Central,Karnataka,Dakshina Kannada & Hassan,Ongoing,Linear,NH_Act_1956,Highway,Section_3D/19_Declaration,540,Western_Ghats_Dense_Forest,125.0,280,2,4.5,TRUE,48.0,TRUE,93.5,Stage_1_Applied,45,TRUE,65,10,None,Shiradi_Ghat_Tunnel_Alignment_PIL,35,TRUE,1.38,Tier_1_National,15.5,0.88,5.8,Scarce,38,0.95,0.36,6.0,22,0.93,0
MOSPI/720389,Bailhongal to Belgaum 2-Laning with Paved Shoulder NH-367,Transport,Central,Karnataka,Belagavi,Completed,Linear,NH_Act_1956,Highway,Physical_Possession_Taken,1980,Private_Agricultural,85.0,310,0,0.8,FALSE,100.0,TRUE,99.0,Not_Applicable,35,TRUE,52,10,None,None,0,FALSE,0.94,Tier_2_Regional,4.2,1.22,4.2,Surplus,15,0.30,0.08,16.0,10,0.99,0
MOSPI/720390,Koppal to Gadag 2-Laning with Paved Shoulder NH-367 Package II,Transport,Central,Karnataka,Koppal & Gadag,Completed,Linear,NH_Act_1956,Highway,Physical_Possession_Taken,2100,Private_Agricultural_Arid,95.0,340,0,1.0,FALSE,100.0,TRUE,98.5,Not_Applicable,38,TRUE,58,12,None,None,0,FALSE,0.95,Tier_2_Regional,4.5,1.20,4.3,Surplus,15,0.22,0.08,22.0,10,0.99,0
MOSPI/720391,Kurnool to Gooty 4-Laning NH-44 Toll Plaza Augmentation,Transport,Central,Andhra Pradesh,Kurnool & Anantapuramu,Completed,Linear,NH_Act_1956,Highway,Physical_Possession_Taken,2450,Private_Agricultural_Arid,165.0,520,0,1.0,FALSE,100.0,TRUE,98.5,Not_Applicable,65,TRUE,95,18,None,None,0,FALSE,0.98,Tier_1_National,5.0,1.18,4.5,Surplus,16,0.20,0.08,22.0,12,0.99,0
MOSPI/720392,Gooty to Anantapur 4-Laning NH-44 Expressway Operation System,Transport,Central,Andhra Pradesh,Anantapuramu,Completed,Linear,NH_Act_1956,Highway,Physical_Possession_Taken,2410,Private_Agricultural_Arid,145.0,480,0,0.8,FALSE,100.0,TRUE,99.0,Not_Applicable,58,TRUE,85,15,None,None,0,FALSE,0.96,Tier_1_National,4.8,1.20,4.4,Surplus,15,0.18,0.08,24.0,12,0.99,0
MOSPI/720393,Anantapur to Marur 4-Laning NH-44 Package III,Transport,Central,Andhra Pradesh,Anantapuramu,Completed,Linear,NH_Act_1956,Highway,Physical_Possession_Taken,2380,Private_Agricultural_Arid,135.0,440,0,0.8,FALSE,100.0,TRUE,99.0,Not_Applicable,52,TRUE,75,14,None,None,0,FALSE,0.95,Tier_1_National,4.5,1.22,4.3,Surplus,15,0.18,0.08,25.0,10,0.99,0
MOSPI/720394,Marur to AP/Karnataka Border 4-Laning NH-44 Penukonda Section,Transport,Central,Andhra Pradesh & Karnataka,Anantapuramu to Chikkaballapur,Completed,Linear,NH_Act_1956,Highway,Physical_Possession_Taken,2450,Private_Agricultural_and_Industrial,185.0,620,0,1.0,FALSE,100.0,TRUE,98.5,Not_Applicable,75,TRUE,110,22,None,None,0,FALSE,0.98,Tier_1_National,5.0,1.18,4.5,Surplus,16,0.22,0.08,20.0,12,0.99,0
MOSPI/720395,Hyderabad to Bangalore NH-44 Flyover System Shadnagar Jadcherla,Transport,Central,Telangana,Ranga Reddy & Mahabubnagar,Completed,Point,NH_Act_1956,Highway,Physical_Possession_Taken,2250,Private_Urban_Commercial,28.0,240,0,1.0,FALSE,100.0,TRUE,98.5,Not_Applicable,85,TRUE,52,48,None,None,0,FALSE,1.02,Tier_1_National,5.2,1.18,4.6,Surplus,16,0.25,0.08,16.0,12,0.99,30
MOSPI/720396,Jadcherla to Kothakota 4-Laning NH-44 Mahabubnagar Bypass,Transport,Central,Telangana,Mahabubnagar & Wanaparthy,Completed,Linear,NH_Act_1956,Highway,Physical_Possession_Taken,2450,Private_Agricultural,180.0,650,0,1.2,FALSE,100.0,TRUE,98.5,Not_Applicable,72,TRUE,110,20,None,None,0,FALSE,0.98,Tier_1_National,5.0,1.18,4.5,Surplus,16,0.28,0.10,15.0,12,0.99,0
MOSPI/720397,Kothakota to Kurnool 4-Laning NH-44 Krishna River Bridge Beechupally,Transport,Central,Telangana & Andhra Pradesh,Jogulamba Gadwal to Kurnool,Completed,Linear,NH_Act_1956,Highway,Physical_Possession_Taken,2480,Riverbed_and_Agricultural,195.0,720,0,1.2,FALSE,99.8,TRUE,98.0,Not_Applicable,78,TRUE,125,24,None,None,0,FALSE,1.00,Tier_1_National,5.2,1.16,4.6,Surplus,18,0.35,0.12,13.0,12,0.98,0
MOSPI/720398,Hyderabad to Vijayawada 4-Laning NH-65 Package I LB Nagar to Malkapur,Transport,Central,Telangana,Ranga Reddy & Yadadri Bhuvanagiri,Completed,Linear,NH_Act_1956,Highway,Physical_Possession_Taken,2550,Private_Urban_and_Agricultural,165.0,850,0,1.5,FALSE,100.0,TRUE,98.0,Not_Applicable,110,TRUE,165,48,None,None,0,FALSE,1.04,Tier_1_National,5.5,1.15,4.7,Surplus,18,0.28,0.08,15.0,14,0.98,45
MOSPI/720399,Hyderabad to Vijayawada 4-Laning NH-65 Package II Malkapur to Choutuppal,Transport,Central,Telangana,Yadadri Bhuvanagiri,Completed,Linear,NH_Act_1956,Highway,Physical_Possession_Taken,2510,Private_Agricultural_and_Industrial,175.0,780,0,1.2,FALSE,100.0,TRUE,98.5,Not_Applicable,95,TRUE,140,28,None,None,0,FALSE,1.02,Tier_1_National,5.2,1.16,4.6,Surplus,18,0.30,0.10,14.0,12,0.99,30
MOSPI/720400,Hyderabad to Vijayawada 4-Laning NH-65 Package III Suryapet to AP Border,Transport,Central,Telangana & Andhra Pradesh,Suryapet to NTR District,Completed,Linear,NH_Act_1956,Highway,Physical_Possession_Taken,2450,Private_Agricultural,220.0,890,0,1.4,FALSE,100.0,TRUE,98.5,Not_Applicable,115,TRUE,180,35,None,None,0,FALSE,1.05,Tier_1_National,5.8,1.15,4.7,Surplus,18,0.35,0.12,12.0,14,0.98,60
MOSPI/720401,Airoli Katai Naka Elevated Freeway Tunnel Section,Transport,State,Maharashtra,Thane (Airoli to Katai Naka),Ongoing,Linear,LARR_Act_2013,Elevated_Road,Physical_Possession_Taken,1450,Parsik_Hill_Forest_and_Urban,32.4,420,1,2.5,FALSE,94.5,FALSE,96.5,Stage_2_Final_Approved,115,TRUE,85,120,None,None,0,FALSE,1.14,Tier_1_National,7.5,1.08,5.1,Surplus,20,0.60,0.18,3.2,15,0.96,240
MOSPI/720402,Thane Borivali Twin Tube Road Tunnel under SGNP,Transport,State,Maharashtra,Thane & Mumbai Suburban,Ongoing,Linear,LARR_Act_2013,Tunnel,Physical_Possession_Taken,920,National_Park_Subsurface_Forest,48.5,18,0,0.0,FALSE,100.0,FALSE,97.5,Stage_2_Final_Approved,24,TRUE,0,0,None,Active_NGT_Stay,15,FALSE,1.25,Tier_1_National,12.5,0.95,5.6,Surplus,28,0.62,0.22,2.5,18,0.94,180
MOSPI/720403,Goregaon Mulund Link Road GMLR Twin Tunnel SGNP,Transport,State,Maharashtra,Mumbai Suburban,Ongoing,Linear,LARR_Act_2013,Tunnel,Physical_Possession_Taken,850,National_Park_Subsurface_Forest,36.0,24,0,0.0,FALSE,100.0,FALSE,98.0,Stage_2_Final_Approved,22,TRUE,0,0,None,SGNP_Eco_Sensitive_Zone_Clearance,10,FALSE,1.20,Tier_1_National,10.5,0.98,5.4,Surplus,25,0.60,0.20,2.8,16,0.95,90
MOSPI/720404,Versova Bandra Sea Link VBSL Coastal Freeway,Transport,State,Maharashtra,Mumbai Suburban (Versova to Bandra),Ongoing,Linear,LARR_Act_2013,Bridge,Physical_Possession_Taken,1820,Marine_and_Intertidal_Coast,28.5,110,1,1.5,FALSE,98.0,FALSE,96.5,Stage_2_Final_Approved,35,TRUE,12,8,None,Active_Fisherman_Protest,35,TRUE,1.38,Tier_1_National,16.5,0.88,6.0,Adequate,32,0.65,0.25,0.5,22,0.93,730
MOSPI/720405,Versova Dahisar Coastal Road Expressway Extension,Transport,State,Maharashtra,Mumbai Suburban,Ongoing,Linear,LARR_Act_2013,Elevated_Road,Section_11_Preliminary_Notification,420,Coastal_Mangrove_and_Creek,42.0,380,2,3.2,TRUE,35.0,FALSE,94.0,Stage_1_Applied,45,TRUE,95,65,None,Mangrove_Clearance_Litigation,20,FALSE,1.15,Tier_1_National,8.5,1.05,5.2,Surplus,24,0.65,0.24,1.2,18,0.95,0
MOSPI/720406,Mumbai Pune Expressway Missing Link Khopoli Kusgaon Tunnel,Transport,State,Maharashtra,Raigad & Pune,Completed,Linear,LARR_Act_2013,Tunnel,Physical_Possession_Taken,2180,Western_Ghats_Dense_Forest,64.0,95,0,0.5,FALSE,100.0,FALSE,98.0,Stage_2_Final_Approved,18,TRUE,0,0,None,None,0,FALSE,1.06,Tier_1_National,6.5,1.14,4.8,Surplus,18,0.85,0.28,8.5,14,0.98,120
MOSPI/720407,Ulwe Coastal Road Connectivity to Navi Mumbai Airport,Transport,State,Maharashtra,Raigad (Ulwe to NMIA),Ongoing,Linear,LARR_Act_2013,Highway,Physical_Possession_Taken,950,Coastal_Marsh_and_Tidal_Mudflat,24.5,120,0,1.2,FALSE,96.5,FALSE,97.5,Stage_2_Final_Approved,32,TRUE,18,6,None,None,0,FALSE,1.05,Tier_1_National,5.5,1.16,4.7,Surplus,16,0.65,0.22,1.2,12,0.98,0
MOSPI/720408,Kharghar Turbhe Link Road KTLR Tunnel Corridor,Transport,State,Maharashtra,Thane & Raigad,Ongoing,Linear,LARR_Act_2013,Tunnel,Section_11_Preliminary_Notification,380,Parsik_Hill_Forest_and_Urban,18.5,45,0,0.8,FALSE,68.0,FALSE,96.5,Stage_1_In_Principle,15,TRUE,8,2,None,None,0,FALSE,1.02,Tier_1_National,4.8,1.18,4.5,Surplus,16,0.55,0.18,5.0,12,0.98,0
MOSPI/720409,Thane Coastal Road Balkum to Gaimukh Phase 1,Transport,State,Maharashtra,Thane (Thane Creek Corridor),Ongoing,Linear,LARR_Act_2013,Elevated_Road,Physical_Possession_Taken,890,Creek_Mangrove_and_Urban,22.0,160,1,2.0,FALSE,92.5,FALSE,96.0,Stage_2_Final_Approved,38,TRUE,28,45,None,CRZ_Clearance_Compliance,10,FALSE,1.12,Tier_1_National,7.2,1.10,5.0,Surplus,18,0.65,0.22,1.5,15,0.96,30
MOSPI/720410,Orange Gate to Marine Drive Underground Tunnel Eastern Freeway Link,Transport,State,Maharashtra,Mumbai City,Ongoing,Linear,LARR_Act_2013,Tunnel,Section_11_Preliminary_Notification,450,Dense_Urban_Commercial_Subsurface,12.5,420,2,4.5,TRUE,25.0,FALSE,93.0,Not_Applicable,140,TRUE,85,190,Heritage_Structure_Proximity,None,0,FALSE,1.18,Tier_1_National,9.5,1.02,5.4,Surplus,25,0.45,0.18,2.0,20,0.94,0
MOSPI/720411,Chattergala Tunnel connecting Kathua and Doda NH-244,Transport,Central,Jammu & Kashmir,Kathua & Doda (Chattergala Pass),Ongoing,Linear,NH_Act_1956,Tunnel,Physical_Possession_Taken,980,Mountainous_Forest_High_Altitude,38.0,12,0,0.0,FALSE,100.0,FALSE,96.0,Stage_2_Final_Approved,6,TRUE,0,0,None,None,10,TRUE,1.42,Tier_1_National,18.5,0.85,6.4,Scarce,48,0.92,0.38,45.0,22,0.93,240
MOSPI/720412,Khambatki Ghat Twin Tube Tunnel 6-Laning NH-48,Transport,Central,Maharashtra,Satara (Khambatki Ghat Pass),Completed,Linear,NH_Act_1956,Tunnel,Physical_Possession_Taken,2180,Mountainous_Forest_and_Basalt,42.0,85,0,0.8,FALSE,100.0,TRUE,98.5,Stage_2_Final_Approved,24,TRUE,15,4,None,None,0,FALSE,0.98,Tier_1_National,5.2,1.18,4.5,Surplus,16,0.35,0.12,18.0,12,0.98,0
MOSPI/720413,Shinku La Pass Tunnel Border Connectivity Zanskar Ladakh,Transport,Central,Himachal Pradesh & Ladakh,Lahaul Spiti to Zanskar,Ongoing,Linear,NH_Act_1956,Tunnel,Physical_Possession_Taken,850,High_Altitude_Glacial_and_Barren,28.0,0,0,0.0,FALSE,100.0,FALSE,96.5,Stage_2_Final_Approved,4,TRUE,0,0,None,Severe_Snowfall_Avalanche_Halt,45,TRUE,1.65,Tier_1_National,25.0,0.72,7.2,Scarce,60,0.98,0.45,55.0,28,0.90,180
MOSPI/720414,Kainchi Mod Tunnel Kiratpur Nerchowk 4-Laning NH-21,Transport,Central,Himachal Pradesh,Bilaspur (Kainchi Mod),Completed,Point,NH_Act_1956,Tunnel,Physical_Possession_Taken,2450,Mountainous_Forest,18.5,24,0,0.0,FALSE,100.0,TRUE,98.0,Stage_2_Final_Approved,8,TRUE,0,0,None,None,0,FALSE,1.05,Tier_1_National,6.5,1.14,4.8,Adequate,22,0.88,0.32,28.0,14,0.98,60
MOSPI/720415,Sunki Tunnel Sunki Ghat Section Realignment NH-26,Transport,Central,Odisha,Koraput (Sunki Ghats),Completed,Point,NH_Act_1956,Tunnel,Physical_Possession_Taken,2250,Mountainous_Forest_and_Laterite,16.0,18,0,0.0,FALSE,100.0,TRUE,98.5,Stage_2_Final_Approved,10,TRUE,0,0,None,None,0,FALSE,0.96,Tier_1_National,5.0,1.18,4.5,Adequate,20,0.65,0.22,12.0,12,0.99,0
MOSPI/720416,Kandili Tunnel Koraput Rayagada Valley Link NH-26,Transport,Central,Odisha,Koraput,Completed,Point,NH_Act_1956,Tunnel,Physical_Possession_Taken,2180,Mountainous_Forest,14.5,12,0,0.0,FALSE,100.0,TRUE,98.5,Stage_2_Final_Approved,8,TRUE,0,0,None,None,0,FALSE,0.95,Tier_1_National,4.8,1.20,4.4,Adequate,18,0.62,0.20,11.5,12,0.99,0
MOSPI/720417,Kuthiran Tunnel Twin Tube 6-Lane Kerala Gateway NH-544,Transport,Central,Kerala,Thrissur (Kuthiran Pass),Completed,Linear,NH_Act_1956,Tunnel,Physical_Possession_Taken,3100,Western_Ghats_Dense_Forest,24.0,45,0,0.0,FALSE,100.0,TRUE,97.0,Stage_2_Final_Approved,12,TRUE,0,0,None,Geological_Strata_Cavity_Collapse,25,FALSE,1.45,Tier_1_National,15.5,0.88,6.2,Adequate,28,0.85,0.25,5.5,20,0.93,1825
MOSPI/720418,Igatpuri Tunnel Package 11 Mumbai Nagpur Samruddhi Mahamarg,Transport,State,Maharashtra,Nashik (Igatpuri),Completed,Linear,LARR_Act_2013,Tunnel,Physical_Possession_Taken,1980,Western_Ghats_Dense_Forest,54.0,65,0,0.0,FALSE,100.0,FALSE,98.5,Stage_2_Final_Approved,14,TRUE,0,0,None,None,0,FALSE,0.92,Tier_1_National,4.5,1.22,4.2,Surplus,15,0.80,0.24,8.0,12,0.99,0
MOSPI/720419,Kasara Ghat Tunnel Package 14 Samruddhi Mahamarg Corridor,Transport,State,Maharashtra,Thane (Kasara Ghats),Completed,Linear,LARR_Act_2013,Tunnel,Physical_Possession_Taken,1950,Western_Ghats_Dense_Forest,62.0,85,0,0.0,FALSE,100.0,FALSE,98.0,Stage_2_Final_Approved,16,TRUE,0,0,None,None,0,FALSE,0.95,Tier_1_National,5.0,1.20,4.4,Surplus,16,0.82,0.25,6.5,12,0.98,30
MOSPI/720420,Banihal Qazigund 4-Lane Double Tube Road Tunnel NH-44,Transport,Central,Jammu & Kashmir,Ramban to Anantnag,Completed,Linear,NH_Act_1956,Tunnel,Physical_Possession_Taken,3450,Mountainous_Forest_Pir_Panjal,48.0,110,0,0.0,FALSE,100.0,FALSE,97.5,Stage_2_Final_Approved,18,TRUE,0,0,None,Security_Curfew_Halts,45,TRUE,1.65,Tier_1_National,22.5,0.80,6.5,Scarce,50,0.94,0.38,24.0,24,0.92,2190
MOSPI/720421,Dr Syama Prasad Mookerjee Tunnel Chenani Nashri NH-44,Transport,Central,Jammu & Kashmir,Udhampur to Ramban,Completed,Linear,NH_Act_1956,Tunnel,Physical_Possession_Taken,3850,Mountainous_Forest_Shivalik,58.0,140,0,0.0,FALSE,100.0,FALSE,98.0,Stage_2_Final_Approved,22,TRUE,0,0,None,None,20,FALSE,1.48,Tier_1_National,18.5,0.85,6.0,Scarce,45,0.92,0.35,28.0,20,0.94,1825
MOSPI/720422,Panipat to Delhi Airport T3 Shallow Tunnel Urban Link,Transport,Central,Delhi,South West Delhi (Dwarka to IGI T3),Completed,Linear,NH_Act_1956,Tunnel,Physical_Possession_Taken,1450,Government_Urban_RoW,18.0,0,0,0.0,FALSE,100.0,FALSE,98.5,Not_Applicable,85,TRUE,0,0,None,None,0,FALSE,1.02,Tier_1_National,5.5,1.15,4.7,Surplus,16,0.15,0.08,22.0,12,0.99,60
MOSPI/720423,Chhatrapati Sambhaji Maharaj Coastal Road Marine Drive Worli,Transport,State,Maharashtra,Mumbai City (Princess Street to Worli),Completed,Linear,LARR_Act_2013,Reclaimed_Coastal_Freeway,Physical_Possession_Taken,2450,Reclaimed_Intertidal_and_Marine,111.0,420,1,1.5,FALSE,99.2,FALSE,98.0,Stage_2_Final_Approved,85,TRUE,45,12,None,Supreme_Court_Fisherman_Navigation_Span,25,TRUE,1.22,Tier_1_National,9.5,1.05,5.2,Surplus,22,0.60,0.22,0.5,16,0.97,450
MOSPI/720424,Vasai Creek Bridge 4-Lane Bridge Bhayandar Vasai Link,Transport,Central,Maharashtra,Thane & Palghar,Completed,Point,NH_Act_1956,Bridge,Physical_Possession_Taken,2180,Creek_Marine_and_Mangrove,14.5,45,0,0.0,FALSE,100.0,FALSE,98.5,Stage_2_Final_Approved,18,TRUE,0,0,None,None,0,FALSE,1.04,Tier_1_National,5.5,1.16,4.6,Surplus,18,0.62,0.22,0.8,12,0.99,30
MOSPI/720425,Dharamtar Creek Bridge Revas Karanja Bridge Connectivity,Transport,State,Maharashtra,Raigad (Karanja to Revas),Ongoing,Point,LARR_Act_2013,Bridge,Physical_Possession_Taken,1120,Estuarine_and_Mangrove,18.5,85,0,0.0,FALSE,96.5,FALSE,97.0,Stage_2_Final_Approved,15,TRUE,0,0,None,None,0,FALSE,1.08,Tier_1_National,6.5,1.12,4.8,Surplus,20,0.65,0.24,0.5,14,0.97,0
MOSPI/720426,Madh Versova Cable Stayed Sea Bridge Link,Transport,State,Maharashtra,Mumbai Suburban (Madh to Versova),Ongoing,Point,LARR_Act_2013,Bridge,Section_11_Preliminary_Notification,420,Coastal_Mangrove_and_Creek,12.0,180,1,2.8,TRUE,32.0,FALSE,93.5,Stage_1_Applied,14,TRUE,28,45,None,Koli_Fisherman_Community_Litigation,15,FALSE,1.15,Tier_1_National,8.2,1.05,5.2,Surplus,22,0.62,0.22,0.8,16,0.95,0
MOSPI/720427,Marve Manori Sea Creek Bridge Coastal Highway,Transport,State,Maharashtra,Mumbai Suburban (Marve to Manori),Ongoing,Point,LARR_Act_2013,Bridge,Section_11_Preliminary_Notification,380,Creek_and_Intertidal_Coast,9.5,120,0,2.2,FALSE,45.0,FALSE,95.0,Stage_1_Applied,10,TRUE,15,22,None,None,0,FALSE,1.08,Tier_2_Regional,6.5,1.12,4.8,Surplus,20,0.65,0.22,1.0,14,0.96,0
MOSPI/720428,Nariman Point Cuffe Parade Elevated Sea Link Connector,Transport,State,Maharashtra,Mumbai City,Ongoing,Point,LARR_Act_2013,Bridge,Section_11_Preliminary_Notification,310,Marine_and_Intertidal,6.2,0,0,0.0,FALSE,100.0,FALSE,98.5,Not_Applicable,8,TRUE,0,0,None,None,0,FALSE,1.02,Tier_1_National,4.5,1.20,4.4,Surplus,15,0.48,0.18,0.5,12,0.99,0
MOSPI/720429,Trans Arunachal Highway Nechipu to Hoj 2-Laning Package I,Transport,Central,Arunachal Pradesh,West Kameng & Papum Pare,Completed,Linear,NH_Act_1956,Highway,Physical_Possession_Taken,2850,Mountainous_Forest_and_Tribal,380.0,620,1,14.5,FALSE,98.5,TRUE,94.5,Stage_2_Final_Approved,52,TRUE,140,28,None,Active_Landslide_Disruption,35,TRUE,1.48,Tier_2_Regional,18.5,0.82,6.5,Scarce,48,0.98,0.42,28.0,24,0.92,1250
MOSPI/720430,Trans Arunachal Highway Hoj to Potin 2-Laning Package II,Transport,Central,Arunachal Pradesh,Papum Pare,Completed,Linear,NH_Act_1956,Highway,Physical_Possession_Taken,2650,Mountainous_Forest,145.0,280,0,12.0,FALSE,99.5,TRUE,95.5,Stage_2_Final_Approved,38,TRUE,75,14,None,None,10,FALSE,1.35,Tier_2_Regional,15.5,0.88,6.0,Scarce,42,0.95,0.38,25.0,20,0.94,730
MOSPI/720431,Trans Arunachal Highway Pasighat to Pangin 2-Laning Package III,Transport,Central,Arunachal Pradesh,East Siang & Siang,Completed,Linear,NH_Act_1956,Highway,Physical_Possession_Taken,2450,Siang_Gorge_and_Dense_Forest,210.0,410,0,15.2,FALSE,100.0,TRUE,96.0,Stage_2_Final_Approved,42,TRUE,95,18,None,None,15,FALSE,1.38,Tier_2_Regional,16.2,0.85,6.2,Scarce,45,0.94,0.36,18.0,22,0.93,650
MOSPI/720432,Trans Arunachal Highway Pangin to Boleng Along Section IV,Transport,Central,Arunachal Pradesh,Siang & West Siang,Completed,Linear,NH_Act_1956,Highway,Physical_Possession_Taken,2380,Mountainous_Forest_Steep_Slopes,195.0,380,0,16.0,FALSE,99.8,TRUE,96.0,Stage_2_Final_Approved,35,TRUE,85,15,None,None,12,FALSE,1.35,Tier_2_Regional,15.8,0.88,6.0,Scarce,44,0.95,0.38,20.0,20,0.94,540
MOSPI/720433,Trans Arunachal Highway Along to Daporijo 2-Laning Section V,Transport,Central,Arunachal Pradesh,West Siang & Upper Subansiri,Ongoing,Linear,NH_Act_1956,Highway,Physical_Possession_Taken,1980,Mountainous_Forest_and_Customary,260.0,520,1,18.5,FALSE,91.5,TRUE,93.5,Stage_2_Final_Approved,48,TRUE,110,22,None,Subansiri_Landslide_Disruption,30,TRUE,1.55,Tier_2_Regional,20.5,0.78,6.8,Scarce,50,0.98,0.42,22.0,24,0.91,850
MOSPI/720434,Trans Arunachal Highway Daporijo to Raga Section VI,Transport,Central,Arunachal Pradesh,Upper Subansiri & Kamle,Ongoing,Linear,NH_Act_1956,Highway,Physical_Possession_Taken,1850,Mountainous_Forest,220.0,460,0,17.2,FALSE,92.0,TRUE,94.0,Stage_2_Final_Approved,42,TRUE,95,18,None,None,20,FALSE,1.45,Tier_2_Regional,18.0,0.82,6.5,Scarce,48,0.96,0.40,25.0,22,0.92,620
MOSPI/720435,Trans Arunachal Highway Raga to Ziro 2-Laning Section VII,Transport,Central,Arunachal Pradesh,Kamle & Lower Subansiri,Completed,Linear,NH_Act_1956,Highway,Physical_Possession_Taken,2250,SubHimalayan_Pine_and_Paddy,165.0,390,0,11.5,FALSE,100.0,TRUE,97.0,Stage_2_Final_Approved,36,TRUE,75,16,None,None,0,FALSE,1.25,Tier_2_Regional,12.5,0.92,5.6,Scarce,38,0.90,0.32,24.0,18,0.95,365
MOSPI/720436,Arunachal Frontier Highway Tawang to Mago Thingbu Strategic Link,Transport,Central,Arunachal Pradesh,Tawang (Indo-China Border),Ongoing,Linear,NH_Act_1956,Highway,Section_3A_Notification,420,High_Altitude_Alpine_Forest,185.0,45,0,0.0,FALSE,45.0,FALSE,96.0,Stage_1_Applied,8,TRUE,0,0,None,None,10,TRUE,1.25,Tier_1_National,15.5,0.88,5.8,Scarce,55,0.98,0.45,45.0,20,0.95,0
MOSPI/720437,Arunachal Frontier Highway Mago to Upper Subansiri Sector II,Transport,Central,Arunachal Pradesh,Tawang to Upper Subansiri,Ongoing,Linear,NH_Act_1956,Highway,Section_3A_Notification,390,Glacial_Valley_and_Alpine,320.0,28,0,0.0,FALSE,40.0,FALSE,95.5,Stage_1_Applied,6,TRUE,0,0,None,None,12,TRUE,1.28,Tier_1_National,16.5,0.85,6.0,Scarce,58,0.98,0.45,48.0,20,0.94,0
MOSPI/720438,Arunachal Frontier Highway Upper Subansiri to Tuting Siang,Transport,Central,Arunachal Pradesh,Upper Subansiri to Upper Siang,Ongoing,Linear,NH_Act_1956,Highway,Section_3A_Notification,360,Dense_Forest_and_Siang_Gorge,410.0,65,0,2.5,FALSE,38.0,FALSE,95.0,Stage_1_Applied,10,TRUE,12,0,None,None,15,TRUE,1.30,Tier_1_National,18.0,0.82,6.2,Scarce,60,0.98,0.45,35.0,22,0.93,0
MOSPI/720439,Arunachal Frontier Highway Tuting to Dibang Valley Anini Link,Transport,Central,Arunachal Pradesh,Upper Siang to Dibang Valley,Ongoing,Linear,NH_Act_1956,Highway,Section_3A_Notification,340,Mountainous_Forest_High_Rainfall,380.0,52,0,4.2,FALSE,35.0,FALSE,94.5,Stage_1_Applied,8,TRUE,10,0,None,None,15,TRUE,1.35,Tier_1_National,19.0,0.80,6.5,Scarce,62,0.98,0.45,30.0,24,0.92,0
MOSPI/720440,Arunachal Frontier Highway Anini to Kibithu Anjaw Sector,Transport,Central,Arunachal Pradesh,Dibang Valley to Anjaw,Ongoing,Linear,NH_Act_1956,Highway,Section_3A_Notification,310,Easternmost_Himalayan_Forest,350.0,42,0,3.5,FALSE,32.0,FALSE,94.0,Stage_1_Applied,6,TRUE,8,0,None,None,10,TRUE,1.32,Tier_1_National,18.5,0.82,6.4,Scarce,60,0.98,0.45,32.0,22,0.93,0
MOSPI/720441,Arunachal Frontier Highway Kibithu to Vijaynagar Changlang,Transport,Central,Arunachal Pradesh,Anjaw to Changlang,Ongoing,Linear,NH_Act_1956,Highway,Section_3A_Notification,290,Namdapha_National_Park_Buffer,450.0,38,0,5.5,FALSE,28.0,FALSE,93.5,Stage_1_Applied,8,TRUE,6,0,None,Eco_Sensitive_Zone_Clearance_Hold,15,TRUE,1.40,Tier_1_National,20.0,0.80,6.8,Scarce,65,0.98,0.45,28.0,25,0.91,0
MOSPI/720442,Nechipu Tunnel 2-Lane 500m Balipara Charduar Tawang BCT,Transport,Central,Arunachal Pradesh,West Kameng (Nechipu Pass),Completed,Point,NH_Act_1956,Tunnel,Physical_Possession_Taken,2180,Dense_Fog_Zone_Hilly_Forest,12.5,0,0,0.0,FALSE,100.0,FALSE,98.5,Stage_2_Final_Approved,4,TRUE,0,0,None,None,0,FALSE,1.02,Tier_1_National,6.5,1.15,4.8,Scarce,45,0.98,0.40,35.0,16,0.98,90
MOSPI/720443,Silchar to Saurashtra East West Corridor Lumding Daboka 4L,Transport,Central,Assam,Hojai & Nagaon,Completed,Linear,NH_Act_1956,Highway,Physical_Possession_Taken,2650,Private_Agricultural_and_Forest,245.0,890,0,1.5,FALSE,99.8,TRUE,97.5,Stage_2_Final_Approved,95,TRUE,165,32,None,None,0,FALSE,1.10,Tier_1_National,6.8,1.12,4.8,Adequate,22,0.80,0.22,4.5,14,0.98,180
MOSPI/720444,Harangajao to Maibang 4-Laning East West Corridor Dima Hasao,Transport,Central,Assam,Dima Hasao (North Cachar Hills),Ongoing,Linear,NH_Act_1956,Highway,Physical_Possession_Taken,2980,Mountainous_Forest_and_Sinking_Zone,185.0,620,2,4.8,FALSE,92.0,TRUE,93.0,Stage_2_Final_Approved,65,TRUE,140,28,None,Active_Sinking_Zone_Landslide_Stay,65,TRUE,1.85,Tier_1_National,26.5,0.70,7.5,Scarce,48,0.95,0.42,12.0,28,0.89,2550
MOSPI/720445,Maibang to Lumding 4-Laning East West Corridor Jatinga Valley,Transport,Central,Assam,Dima Hasao to Hojai,Completed,Linear,NH_Act_1956,Highway,Physical_Possession_Taken,2850,Mountainous_Forest_and_Riverbed,210.0,780,1,3.5,FALSE,99.0,TRUE,96.0,Stage_2_Final_Approved,78,TRUE,160,30,None,None,25,TRUE,1.55,Tier_1_National,18.5,0.85,6.5,Adequate,35,0.92,0.38,8.5,22,0.93,1460
MOSPI/720446,Nagaon to Kaliabor Tinali 4-Laning NH-37 Kaziranga Approach,Transport,Central,Assam,Nagaon,Completed,Linear,NH_Act_1956,Highway,Physical_Possession_Taken,2450,Private_Agricultural_Tea_Gardens,195.0,720,0,1.2,FALSE,100.0,TRUE,98.0,Not_Applicable,88,TRUE,135,26,None,None,0,FALSE,1.05,Tier_1_National,5.8,1.15,4.7,Surplus,18,0.82,0.22,3.5,14,0.98,60
MOSPI/720447,Kaziranga Elevated Highway Viaduct 35 km Animal Corridor NH-37,Transport,Central,Assam,Nagaon & Golaghat (Kaziranga Buffer),Ongoing,Linear,NH_Act_1956,Highway,Section_3G_Award,580,National_Park_Buffer_and_Tea_Estate,145.0,380,1,2.5,FALSE,88.5,TRUE,95.5,Stage_2_Final_Approved,85,TRUE,65,18,None,Wildlife_Institute_Alignment_Clearance,15,FALSE,1.10,Tier_1_National,7.5,1.10,5.1,Adequate,26,0.95,0.28,2.2,16,0.96,0
MOSPI/720448,Guwahati Ring Road Baihata Chariali to Khetri Section,Transport,Central,Assam,Kamrup to Kamrup Metropolitan,Ongoing,Linear,NH_Act_1956,Highway,Section_3G_Award,520,Private_Agricultural_and_Floodplain,260.0,950,1,2.8,FALSE,89.0,TRUE,96.0,Stage_1_In_Principle,120,TRUE,180,45,None,None,0,FALSE,1.08,Tier_1_National,6.5,1.14,4.9,Surplus,20,0.85,0.24,3.5,15,0.97,0
MOSPI/720449,Brahmaputra Bridge Palasbari Sualkuchi 6-Lane Cable Stayed,Transport,State,Assam,Kamrup (Palasbari to Sualkuchi),Ongoing,Point,LARR_Act_2013,Bridge,Physical_Possession_Taken,680,Riverbed_and_Riparian_Alluvial,45.0,180,0,1.5,FALSE,94.5,FALSE,97.0,Stage_2_Final_Approved,32,TRUE,28,6,None,None,0,FALSE,1.06,Tier_1_National,6.0,1.14,4.8,Surplus,22,0.88,0.26,2.0,14,0.97,0
MOSPI/720450,Jorhat Teok 4-Laning NH-37 Upper Assam Arterial Corridor,Transport,Central,Assam,Jorhat,Completed,Linear,NH_Act_1956,Highway,Physical_Possession_Taken,2380,Tea_Garden_and_Agricultural,165.0,620,0,1.4,FALSE,100.0,TRUE,98.0,Not_Applicable,75,TRUE,115,22,None,None,0,FALSE,1.04,Tier_1_National,5.5,1.16,4.6,Surplus,18,0.82,0.24,3.0,12,0.99,30
MOSPI/720451,Dimapur Bypass 4-Laning NH-39 connecting NH-36 Nagaland,Transport,Central,Assam & Nagaland,Karbi Anglong to Dimapur,Completed,Linear,NH_Act_1956,Highway,Physical_Possession_Taken,2450,Customary_and_Private_Agricultural,145.0,540,1,16.5,FALSE,99.0,TRUE,95.5,Stage_2_Final_Approved,65,TRUE,120,28,None,Interstate_Boundary_Verification_Halt,20,TRUE,1.35,Tier_2_Regional,14.5,0.92,5.8,Scarce,38,0.90,0.32,15.0,20,0.94,540
MOSPI/720452,Kohima Bypass 2-Laning with Paved Shoulder Western Corridor,Transport,Central,Nagaland,Kohima,Ongoing,Linear,NH_Act_1956,Highway,Physical_Possession_Taken,1450,Mountainous_Forest_and_Customary,95.0,380,0,18.0,FALSE,94.5,TRUE,94.0,Stage_2_Final_Approved,48,TRUE,85,18,None,Landowner_Compensation_Dispute,25,TRUE,1.42,Tier_2_Regional,16.5,0.88,6.2,Scarce,42,0.94,0.36,32.0,22,0.92,420
MOSPI/720453,Mokokchung to Tuensang 2-Laning NH-202 Eastern Nagaland,Transport,Central,Nagaland,Mokokchung & Tuensang,Ongoing,Linear,NH_Act_1956,Highway,Section_3G_Award,1120,Mountainous_Forest_and_Jhum_Land,165.0,490,0,19.5,FALSE,82.0,TRUE,92.5,Stage_1_In_Principle,35,TRUE,65,12,None,Tribal_Council_RoW_Dispute,35,TRUE,1.52,Tier_2_Regional,18.5,0.82,6.5,Scarce,45,0.95,0.38,35.0,25,0.90,365
MOSPI/720454,Wokha to Merapani 2-Laning NH-129 Assam Border Foot Hills,Transport,Central,Nagaland & Assam,Wokha to Golaghat,Ongoing,Linear,NH_Act_1956,Highway,Section_3G_Award,980,Forest_Foothills_and_Customary,120.0,340,0,17.2,FALSE,84.5,TRUE,93.0,Stage_1_In_Principle,28,TRUE,52,10,None,None,15,FALSE,1.38,Tier_2_Regional,15.5,0.88,6.0,Scarce,40,0.92,0.35,28.0,22,0.92,180
MOSPI/720455,Phek to Pfutsero 2-Laning with Paved Shoulder NH-702A,Transport,Central,Nagaland,Phek,Completed,Linear,NH_Act_1956,Highway,Physical_Possession_Taken,2250,Mountainous_Forest_Terraced,110.0,310,0,16.0,FALSE,100.0,TRUE,96.0,Stage_2_Final_Approved,24,TRUE,45,8,None,None,10,FALSE,1.28,Tier_2_Regional,14.0,0.92,5.6,Scarce,38,0.92,0.35,30.0,20,0.94,120
MOSPI/720456,Mon to Sonari 2-Laning Inter-State Foothill Corridor NH-702,Transport,Central,Nagaland & Assam,Mon to Charaideo,Ongoing,Linear,NH_Act_1956,Highway,Section_3G_Award,890,Hilly_Forest_and_Tea_Gardens,135.0,390,0,18.5,FALSE,86.0,TRUE,93.5,Stage_1_In_Principle,32,TRUE,58,12,None,None,12,FALSE,1.35,Tier_2_Regional,15.0,0.90,5.8,Scarce,42,0.94,0.36,25.0,20,0.93,90
MOSPI/720457,Churachandpur to Singngat 2-Laning NH-102B Southern Manipur,Transport,Central,Manipur,Churachandpur,Completed,Linear,NH_Act_1956,Highway,Physical_Possession_Taken,2180,Hilly_Forest_and_Customary,125.0,420,0,15.2,FALSE,100.0,TRUE,95.5,Stage_2_Final_Approved,28,TRUE,55,14,None,None,15,FALSE,1.32,Tier_2_Regional,14.5,0.92,5.8,Scarce,40,0.92,0.32,22.0,20,0.94,180
MOSPI/720458,Ukhrul to Toloi 2-Laning NH-202 Package I Northern Corridor,Transport,Central,Manipur,Ukhrul,Ongoing,Linear,NH_Act_1956,Highway,Section_3G_Award,1180,Mountainous_Forest_Customary,145.0,460,0,18.0,FALSE,85.0,TRUE,93.0,Stage_1_In_Principle,35,TRUE,65,16,None,None,20,FALSE,1.40,Tier_2_Regional,16.5,0.88,6.0,Scarce,42,0.95,0.36,28.0,22,0.91,240
MOSPI/720459,Kangpokpi to Tamenglong 2-Laning Hill Road Package I,Transport,Central,Manipur,Kangpokpi & Tamenglong,Ongoing,Linear,NH_Act_1956,Highway,Section_3G_Award,1120,Mountainous_Forest,160.0,510,1,19.2,FALSE,82.5,TRUE,92.0,Stage_1_In_Principle,40,TRUE,75,18,None,Law_and_Order_Blockade_Halt,45,TRUE,1.65,Tier_2_Regional,22.0,0.78,6.8,Scarce,48,0.96,0.38,32.0,26,0.89,450
MOSPI/720460,Bishnupur to Rengpang 2-Laning Old Cachar Road NH-137,Transport,Central,Manipur,Bishnupur & Noney,Ongoing,Linear,NH_Act_1956,Highway,Section_3G_Award,1050,Steep_Slopes_and_Forest,155.0,480,1,18.5,FALSE,84.0,TRUE,92.5,Stage_1_In_Principle,38,TRUE,68,15,None,None,30,TRUE,1.58,Tier_2_Regional,20.0,0.80,6.5,Scarce,46,0.95,0.38,30.0,24,0.90,365
MOSPI/720461,Kakching to Lamkhai 2-Laning NH-102 Asian Highway 1 Spur,Transport,Central,Manipur,Kakching & Tengnoupal,Completed,Linear,NH_Act_1956,Highway,Physical_Possession_Taken,2380,Valley_Agricultural_and_Hills,95.0,380,0,8.5,FALSE,100.0,TRUE,97.0,Not_Applicable,48,TRUE,65,22,None,None,0,FALSE,1.15,Tier_2_Regional,9.5,1.05,5.2,Adequate,26,0.85,0.22,12.0,16,0.96,60
MOSPI/720462,Tadubi to Pfutsero 2-Laning Inter-State Highway NH-702A,Transport,Central,Manipur & Nagaland,Senapati to Phek,Ongoing,Linear,NH_Act_1956,Highway,Section_3G_Award,920,Mountainous_Customary_Forest,110.0,340,0,17.5,FALSE,86.5,TRUE,93.5,Stage_1_In_Principle,25,TRUE,42,8,None,None,15,FALSE,1.35,Tier_2_Regional,15.5,0.88,6.0,Scarce,40,0.92,0.35,32.0,22,0.92,90
MOSPI/720463,Aizawl to Serchhip 2-Laning NH-54 World Bank Package I,Transport,Central,Mizoram,Aizawl & Serchhip,Completed,Linear,NH_Act_1956,Highway,Physical_Possession_Taken,2650,Mountainous_Forest_and_Bamboo,210.0,680,0,16.5,FALSE,99.5,TRUE,95.0,Stage_2_Final_Approved,52,TRUE,95,24,None,None,10,FALSE,1.40,Tier_2_Regional,16.5,0.88,6.2,Scarce,44,0.98,0.40,42.0,22,0.92,540
MOSPI/720464,Serchhip to Hnahthial 2-Laning NH-54 Central Mizoram Package II,Transport,Central,Mizoram,Serchhip & Hnahthial,Completed,Linear,NH_Act_1956,Highway,Physical_Possession_Taken,2580,Mountainous_Forest_Steep_Ghats,195.0,620,0,17.0,FALSE,100.0,TRUE,95.5,Stage_2_Final_Approved,48,TRUE,85,18,None,None,15,FALSE,1.38,Tier_2_Regional,16.0,0.90,6.0,Scarce,42,0.98,0.40,45.0,22,0.93,420
MOSPI/720465,Hnahthial to Lawngtlai 2-Laning NH-54 Kaladan Corridor Package III,Transport,Central,Mizoram,Hnahthial & Lawngtlai,Ongoing,Linear,NH_Act_1956,Highway,Physical_Possession_Taken,2450,Mountainous_Forest_Customary,220.0,710,1,18.2,FALSE,93.5,TRUE,94.0,Stage_2_Final_Approved,55,TRUE,98,22,None,Monsoon_Landslide_Clearance_Delay,35,TRUE,1.52,Tier_2_Regional,18.5,0.85,6.5,Scarce,48,0.98,0.42,48.0,24,0.91,730
MOSPI/720466,Lawngtlai to Diltlang 2-Laning Kaladan Multi-Modal Highway,Transport,Central,Mizoram,Lawngtlai (Zorinpui Border Link),Ongoing,Linear,NH_Act_1956,Highway,Physical_Possession_Taken,2350,Dense_Rainforest_and_Border_Belt,180.0,480,1,19.5,FALSE,91.0,TRUE,93.5,Stage_2_Final_Approved,35,TRUE,65,12,None,Myanmar_Cross_Border_Instability,40,TRUE,1.65,Tier_2_Regional,22.0,0.78,7.0,Scarce,52,0.98,0.45,52.0,26,0.89,1095
MOSPI/720467,Diltlang to Zorinpui Kaladan Multi-Modal Border Road Last Mile,Transport,Central,Mizoram,Lawngtlai (Indo-Myanmar Zorinpui Border),Ongoing,Linear,NH_Act_1956,Highway,Physical_Possession_Taken,2180,Dense_Forest_and_Steep_Slopes,165.0,390,1,20.0,FALSE,88.5,TRUE,93.0,Stage_2_Final_Approved,28,TRUE,45,8,None,Active_Border_Conflict_Halts,60,TRUE,1.75,Tier_2_Regional,25.0,0.75,7.5,Scarce,55,0.98,0.45,55.0,28,0.87,1250
MOSPI/720468,Kolasib to Bairabi 2-Laning NH-154 Railway Connectivity Link,Transport,Central,Mizoram,Kolasib,Completed,Linear,NH_Act_1956,Highway,Physical_Possession_Taken,2150,Bamboo_Hills_and_Agricultural,95.0,320,0,12.0,FALSE,100.0,TRUE,96.5,Not_Applicable,38,TRUE,52,14,None,None,0,FALSE,1.15,Tier_2_Regional,9.5,1.05,5.2,Adequate,28,0.92,0.30,18.0,16,0.96,60
MOSPI/720469,Agartala to Udaipur 4-Laning NH-44 New NH-8 Southern Tripura,Transport,Central,Tripura,West Tripura & Gomati,Completed,Linear,NH_Act_1956,Highway,Physical_Possession_Taken,2450,Private_Agricultural_and_Hilly,165.0,780,0,2.5,FALSE,100.0,TRUE,98.0,Not_Applicable,72,TRUE,140,35,None,None,0,FALSE,1.05,Tier_1_National,5.8,1.15,4.8,Adequate,22,0.80,0.22,5.5,14,0.98,60
MOSPI/720470,Udaipur to Sabroom 4-Laning NH-8 Port Transit Highway,Transport,Central,Tripura,Gomati & South Tripura,Completed,Linear,NH_Act_1956,Highway,Physical_Possession_Taken,2380,Private_Agricultural,185.0,820,0,2.0,FALSE,100.0,TRUE,98.0,Not_Applicable,78,TRUE,150,38,None,None,0,FALSE,1.02,Tier_1_National,5.5,1.16,4.7,Adequate,20,0.82,0.22,5.0,12,0.99,30
MOSPI/720471,Agartala to Khowai 2-Laning with Paved Shoulder NH-108B,Transport,Central,Tripura,West Tripura & Khowai,Completed,Linear,NH_Act_1956,Highway,Physical_Possession_Taken,2180,Rubber_Plantations_and_Agricultural,110.0,420,0,1.8,FALSE,100.0,TRUE,98.5,Not_Applicable,48,TRUE,75,18,None,None,0,FALSE,0.98,Tier_2_Regional,5.0,1.18,4.5,Adequate,18,0.78,0.20,6.0,12,0.99,0
MOSPI/720472,Manu to Simlung 2-Laning NH-44A Mizoram Border Link,Transport,Central,Tripura,Dhalai & North Tripura,Ongoing,Linear,NH_Act_1956,Highway,Section_3G_Award,950,Dense_Forest_and_Tribal_Belts,145.0,380,0,3.5,FALSE,89.5,TRUE,95.0,Stage_2_Final_Approved,35,TRUE,58,12,None,None,0,FALSE,1.15,Tier_2_Regional,8.5,1.08,5.1,Scarce,32,0.88,0.26,8.5,16,0.96,45
MOSPI/720473,Churaibari to Agartala 4-Laning NH-8 Heavy Freight Overhaul,Transport,Central,Tripura,North Tripura Unakoti Dhalai West Tripura,Ongoing,Linear,NH_Act_1956,Highway,Section_3D/19_Declaration,580,Private_Agricultural_and_Hilly,310.0,1450,2,4.2,TRUE,48.0,TRUE,93.5,Stage_1_Applied,140,TRUE,280,68,None,None,0,FALSE,1.12,Tier_1_National,7.5,1.10,5.2,Adequate,26,0.82,0.24,6.5,18,0.95,0
MOSPI/720474,Umiam to Jorabat 4-Laning NH-40 Expressway Meghalaya Gateway,Transport,Central,Meghalaya & Assam,Ri-Bhoi to Kamrup,Completed,Linear,NH_Act_1956,Highway,Physical_Possession_Taken,3100,Steep_Mountainous_Forest,220.0,950,2,8.5,FALSE,98.5,TRUE,95.5,Stage_2_Final_Approved,110,TRUE,190,48,None,Landslide_Slope_Failure_Restoration,30,TRUE,1.55,Tier_1_National,18.5,0.85,6.5,Scarce,42,0.92,0.35,16.0,24,0.92,1460
MOSPI/720475,Shillong Bypass 2-Laning with Paved Shoulder Mawryngkneng,Transport,Central,Meghalaya,East Khasi Hills & Ri-Bhoi,Completed,Linear,NH_Act_1956,Highway,Physical_Possession_Taken,2450,Mountainous_Pine_and_Customary,145.0,480,0,6.5,FALSE,100.0,TRUE,97.0,Stage_2_Final_Approved,48,TRUE,65,15,None,None,0,FALSE,1.05,Tier_1_National,6.0,1.15,4.8,Adequate,25,0.85,0.28,24.0,14,0.98,60
MOSPI/720476,Mawlyngkhung to Tula 2-Laning NH-51 Garo Hills Package I,Transport,Central,Meghalaya,West Garo Hills,Completed,Linear,NH_Act_1956,Highway,Physical_Possession_Taken,2250,SubHimalayan_Customary_Forest,125.0,380,0,9.2,FALSE,100.0,TRUE,96.5,Stage_2_Final_Approved,38,TRUE,52,10,None,None,0,FALSE,1.12,Tier_2_Regional,8.2,1.10,5.0,Adequate,26,0.90,0.30,12.5,16,0.96,90
MOSPI/720477,Tura to Dalu 2-Laning Indo-Bangladesh Border Highway NH-51,Transport,Central,Meghalaya,West Garo Hills (Dalu Border ICP),Completed,Linear,NH_Act_1956,Highway,Physical_Possession_Taken,2180,Customary_Agricultural_and_Hills,95.0,310,0,8.5,FALSE,100.0,TRUE,97.0,Not_Applicable,32,TRUE,45,12,None,None,0,FALSE,1.08,Tier_2_Regional,7.5,1.12,4.8,Adequate,24,0.92,0.30,10.0,14,0.97,30
MOSPI/720478,Ranikor to Baghmara 2-Laning South West Khasi South Garo NH-62,Transport,Central,Meghalaya,South West Khasi & South Garo Hills,Ongoing,Linear,NH_Act_1956,Highway,Section_3G_Award,920,Coal_Belt_Dense_Forest_and_Gorge,185.0,520,1,12.5,FALSE,82.0,TRUE,93.0,Stage_1_In_Principle,42,TRUE,75,15,None,Coal_Truck_Traffic_Overload_Damage,15,FALSE,1.32,Tier_2_Regional,14.5,0.90,5.8,Scarce,38,0.95,0.38,18.0,22,0.93,180
MOSPI/720479,Dawki Bridge Cable Stayed over Umngot River Indo-Bangladesh,Transport,Central,Meghalaya,West Jaintia Hills (Dawki ICP),Ongoing,Point,NH_Act_1956,Bridge,Physical_Possession_Taken,1250,Riverbed_Gorge_and_Customary,14.5,65,0,4.5,FALSE,96.0,FALSE,96.0,Stage_2_Final_Approved,12,TRUE,15,4,None,Umngot_River_Eco_Activist_Protest,20,FALSE,1.25,Tier_1_National,10.5,0.98,5.4,Scarce,35,0.95,0.36,8.5,18,0.95,120
MOSPI/720480,Singtam to Dikchu 2-Laning NH-510 Teesta Basin Highway,Transport,Central,Sikkim,East & North Sikkim,Completed,Linear,NH_Act_1956,Highway,Physical_Possession_Taken,2450,Teesta_River_Gorge_Steep_Slopes,85.0,240,0,3.5,FALSE,100.0,FALSE,96.5,Stage_2_Final_Approved,28,TRUE,42,8,None,Active_Landslide_Disruption,45,TRUE,1.52,Tier_2_Regional,18.5,0.82,6.5,Scarce,42,0.96,0.40,14.0,24,0.92,480
MOSPI/720481,Dikchu to Mangan 2-Laning North Sikkim Strategic Highway,Transport,Central,Sikkim,North Sikkim,Ongoing,Linear,NH_Act_1956,Highway,Physical_Possession_Taken,1650,Mountainous_Forest_and_Sinking_Zones,98.0,280,1,4.2,FALSE,91.5,FALSE,94.5,Stage_2_Final_Approved,32,TRUE,48,10,None,Glacial_Flash_Flood_Restoration_Halt,60,TRUE,1.68,Tier_2_Regional,24.0,0.75,7.2,Scarce,48,0.98,0.44,12.0,28,0.89,730
MOSPI/720482,Mangan to Chungthang 2-Laning NH-310A High Altitude Corridor,Transport,Central,Sikkim,North Sikkim,Ongoing,Linear,NH_Act_1956,Highway,Physical_Possession_Taken,1450,High_Altitude_Gorge_and_Moraine,112.0,190,1,3.8,FALSE,89.0,FALSE,93.5,Stage_2_Final_Approved,22,TRUE,25,4,None,Teesta_Urja_Dam_Break_Disruption,75,TRUE,1.75,Tier_1_National,26.5,0.72,7.5,Scarce,52,0.98,0.45,15.0,30,0.87,920
MOSPI/720483,Tarku to Ravangla 2-Laning South Sikkim Tourism Highway,Transport,Central,Sikkim,South Sikkim,Completed,Linear,NH_Act_1956,Highway,Physical_Possession_Taken,2180,Mountainous_Forest_and_Tea_Gardens,78.0,180,0,2.2,FALSE,100.0,FALSE,97.5,Stage_2_Final_Approved,24,TRUE,32,6,None,None,0,FALSE,1.10,Tier_2_Regional,7.5,1.10,5.0,Adequate,26,0.92,0.32,25.0,16,0.96,45
MOSPI/720484,Rongli to Rorathang 2-Laning Silk Route Corridor East Sikkim,Transport,Central,Sikkim,Pakyong & East Sikkim,Completed,Linear,NH_Act_1956,Highway,Physical_Possession_Taken,2100,Mountainous_Hilly_Terrain,65.0,140,0,1.8,FALSE,100.0,FALSE,98.0,Stage_2_Final_Approved,18,TRUE,24,4,None,None,0,FALSE,1.08,Tier_2_Regional,7.0,1.12,4.8,Adequate,24,0.90,0.30,22.0,15,0.97,30
MOSPI/720485,Baghdogra Airport New Integrated Terminal Building Siliguri,Transport,Central,West Bengal,Darjeeling (Bagdogra),Ongoing,Point,LARR_Act_2013,Airport,Physical_Possession_Taken,1120,Defense_and_Tea_Garden_Estate,42.5,0,0,0.0,FALSE,100.0,FALSE,98.0,Not_Applicable,35,TRUE,0,0,None,None,0,FALSE,1.06,Tier_1_National,5.5,1.16,4.8,Surplus,18,0.72,0.20,3.5,14,0.98,0
MOSPI/720486,Bir Tikendrajit International Airport Imphal Modern Air Cargo,Transport,Central,Manipur,Imphal West,Completed,Point,LARR_Act_2013,Airport,Physical_Possession_Taken,2250,Government_Airport_Estate,18.0,0,0,0.0,FALSE,100.0,FALSE,98.5,Not_Applicable,24,TRUE,0,0,None,None,0,FALSE,1.04,Tier_1_National,5.2,1.16,4.6,Adequate,22,0.85,0.22,4.0,14,0.98,30
MOSPI/720487,Dimapur Airport Runway Extension for A-320 Operations,Transport,Central,Nagaland,Dimapur,Ongoing,Point,LARR_Act_2013,Airport,Section_11_Preliminary_Notification,820,Private_Agricultural_and_Settlement,58.0,240,1,8.5,FALSE,68.5,FALSE,93.5,Not_Applicable,32,TRUE,85,18,None,Village_Council_Land_Compensation_Stay,25,FALSE,1.22,Tier_2_Regional,11.5,0.98,5.4,Scarce,35,0.88,0.25,5.5,18,0.94,180
MOSPI/720488,Lengpui Airport Modernisation CAT I Instrument Landing System,Transport,State,Mizoram,Mamit (Lengpui),Completed,Point,LARR_Act_2013,Airport,Physical_Possession_Taken,2180,Government_Tabletop_Plateau,22.0,0,0,0.0,FALSE,100.0,FALSE,98.5,Not_Applicable,15,TRUE,0,0,None,None,0,FALSE,1.02,Tier_2_Regional,5.5,1.15,4.7,Scarce,38,0.95,0.36,38.0,14,0.98,60
MOSPI/720489,Maharaja Bir Bikram Airport Agartala New Terminal Operationalization,Transport,Central,Tripura,West Tripura (Agartala),Completed,Point,LARR_Act_2013,Airport,Physical_Possession_Taken,2450,Government_Airport_Estate,38.0,0,0,0.0,FALSE,100.0,FALSE,99.0,Not_Applicable,45,TRUE,0,0,None,None,0,FALSE,0.95,Tier_1_National,4.5,1.20,4.3,Surplus,16,0.78,0.22,3.0,10,0.99,0
MOSPI/720490,Kailashahar Airport Revitalisation Regional UDAN Connectivity,Transport,Central,Tripura,Unakoti (Kailashahar),Ongoing,Point,LARR_Act_2013,Airport,Section_11_Preliminary_Notification,540,Government_Barren_and_Tea_Estate,28.5,45,0,1.2,FALSE,82.0,FALSE,96.5,Not_Applicable,18,TRUE,12,2,None,None,0,FALSE,1.05,Tier_2_Regional,5.8,1.14,4.8,Adequate,22,0.75,0.22,4.5,14,0.97,0
MOSPI/720491,Pakyong Greenfield Airport Slope Protection Geogrid Wall,Transport,Central,Sikkim,Pakyong,Completed,Point,LARR_Act_2013,Airport,Physical_Possession_Taken,2850,Composite_RCC_Reinforced_Soil_Wall,34.0,95,1,2.5,FALSE,100.0,FALSE,95.5,Stage_2_Final_Approved,22,TRUE,28,4,None,Severe_Soil_Creep_Retaining_Failure,35,TRUE,1.65,Tier_1_National,22.5,0.78,7.2,Scarce,48,0.96,0.44,32.0,24,0.91,1460
MOSPI/720492,Rupsi Airport Dhubri Commercial Aviation Terminal UDAN,Transport,Central,Assam,Kokrajhar (Rupsi),Completed,Point,LARR_Act_2013,Airport,Physical_Possession_Taken,2450,Defense_WWII_and_Government,145.0,0,0,0.0,FALSE,100.0,FALSE,98.5,Not_Applicable,18,TRUE,0,0,None,None,0,FALSE,0.94,Tier_1_National,4.5,1.22,4.2,Surplus,15,0.85,0.24,2.5,10,0.99,0
MOSPI/720493,Tezu Airport Lohit Advanced Landing Ground Passenger Terminal,Transport,Central,Arunachal Pradesh,Lohit (Tezu),Completed,Point,LARR_Act_2013,Airport,Physical_Possession_Taken,2350,Defense_and_Government,52.0,0,0,0.0,FALSE,100.0,FALSE,98.0,Not_Applicable,14,TRUE,0,0,None,None,0,FALSE,0.98,Tier_2_Regional,5.0,1.18,4.5,Scarce,35,0.92,0.30,8.5,12,0.98,30
MOSPI/720494,Ziro Advanced Landing Ground Civil Terminal Infrastructure,Transport,Central,Arunachal Pradesh,Lower Subansiri (Ziro Valley),Completed,Point,LARR_Act_2013,Airport,Physical_Possession_Taken,2280,Defense_and_Paddy_Plateau,28.0,0,0,0.0,FALSE,100.0,FALSE,98.5,Not_Applicable,12,TRUE,0,0,None,None,0,FALSE,0.96,Tier_2_Regional,4.8,1.20,4.4,Scarce,34,0.90,0.30,22.0,12,0.99,0
MOSPI/720495,Mechuka Advanced Landing Ground Strategic Border Airstrip,Transport,Central,Arunachal Pradesh,Shi Yomi (Mechuka Valley),Completed,Point,LARR_Act_2013,Airport,Physical_Possession_Taken,2650,High_Altitude_Alpine_Valley,32.0,0,0,0.0,FALSE,100.0,FALSE,98.0,Not_Applicable,8,TRUE,0,0,None,None,0,FALSE,1.05,Tier_2_Regional,6.2,1.12,4.8,Scarce,45,0.95,0.40,30.0,15,0.97,90
MOSPI/720496,Tuting Advanced Landing Ground Siang Border Airstrip,Transport,Central,Arunachal Pradesh,Upper Siang (Tuting),Completed,Point,LARR_Act_2013,Airport,Physical_Possession_Taken,2580,Siang_Gorge_and_Plateau,26.0,0,0,0.0,FALSE,100.0,FALSE,98.0,Not_Applicable,6,TRUE,0,0,None,None,0,FALSE,1.06,Tier_2_Regional,6.5,1.12,4.9,Scarce,48,0.96,0.42,18.0,15,0.97,90
MOSPI/720497,Walong Advanced Landing Ground Strategic Eastern Airstrip,Transport,Central,Arunachal Pradesh,Anjaw (Walong Lohit Gorge),Completed,Point,LARR_Act_2013,Airport,Physical_Possession_Taken,2750,Lohit_River_Terrace,24.5,0,0,0.0,FALSE,100.0,FALSE,98.5,Not_Applicable,8,TRUE,0,0,None,None,0,FALSE,1.08,Tier_2_Regional,7.0,1.10,5.0,Scarce,50,0.95,0.40,12.0,16,0.96,120
MOSPI/720498,Pasighat Airport Commercial Terminal ATR-72 Operations,Transport,Central,Arunachal Pradesh,East Siang (Pasighat),Completed,Point,LARR_Act_2013,Airport,Physical_Possession_Taken,2450,Riverbed_Plateau_and_Defense,48.0,0,0,0.0,FALSE,100.0,FALSE,98.5,Not_Applicable,14,TRUE,0,0,None,None,0,FALSE,0.95,Tier_2_Regional,4.8,1.20,4.4,Scarce,35,0.88,0.28,4.5,12,0.99,0
MOSPI/720499,Daparizo Advanced Landing Ground Civil Helipad Infrastructure,Transport,Central,Arunachal Pradesh,Upper Subansiri,Completed,Point,LARR_Act_2013,Airport,Physical_Possession_Taken,2380,River_Terrace_and_Urban,18.5,0,0,0.0,FALSE,100.0,FALSE,98.5,Not_Applicable,10,TRUE,0,0,None,None,0,FALSE,0.98,Tier_2_Regional,5.2,1.18,4.5,Scarce,38,0.92,0.32,15.0,12,0.98,0
MOSPI/720500,Alinagar to Miryalaguda 2-Laning with Paved Shoulder NH-167 Package II,Transport,Central,Telangana,Nalgonda,Ongoing,Linear,NH_Act_1956,Highway,Physical_Possession_Taken,1850,Private_Agricultural,95.0,340,0,1.5,FALSE,98.0,TRUE,97.0,Not_Applicable,28,TRUE,42,12,None,None,0,FALSE,1.15,Tier_2_Regional,7.5,1.08,5.0,Surplus,18,0.30,0.10,13.5,14,0.97,450
MOSPI/720501,Miryalaguda to Kodad 2-Laning with Paved Shoulder NH-167,Transport,Central,Telangana,Suryapet,Completed,Linear,NH_Act_1956,Highway,Physical_Possession_Taken,2180,Private_Agricultural_and_Canal_RoW,85.0,290,0,1.2,FALSE,100.0,TRUE,98.5,Not_Applicable,32,TRUE,38,10,None,None,0,FALSE,0.98,Tier_2_Regional,5.0,1.18,4.5,Surplus,16,0.32,0.10,12.0,12,0.99,0
MOSPI/720502,Medak to Siddipet 2-Laning with Paved Shoulder NH-765D,Transport,Central,Telangana,Medak & Siddipet,Completed,Linear,NH_Act_1956,Highway,Physical_Possession_Taken,2250,Private_Agricultural,92.0,320,0,1.0,FALSE,100.0,TRUE,98.0,Not_Applicable,38,TRUE,48,12,None,None,0,FALSE,1.02,Tier_2_Regional,5.2,1.16,4.6,Surplus,16,0.30,0.10,14.0,12,0.98,30
MOSPI/720503,Siddipet to Elkathurthi 2-Laning with Paved Shoulder NH-765D,Transport,Central,Telangana,Siddipet & Hanumakonda,Completed,Linear,NH_Act_1956,Highway,Physical_Possession_Taken,2180,Private_Agricultural,88.0,310,0,1.0,FALSE,100.0,TRUE,98.5,Not_Applicable,35,TRUE,42,10,None,None,0,FALSE,0.98,Tier_2_Regional,5.0,1.18,4.5,Surplus,16,0.32,0.10,13.0,12,0.99,0
MOSPI/720504,Bodhan to Nizamabad 4-Laning NH-63 Commercial Corridor,Transport,Central,Telangana,Nizamabad,Completed,Linear,NH_Act_1956,Highway,Physical_Possession_Taken,2350,Private_Agricultural_and_Sugarcane,110.0,420,0,1.2,FALSE,100.0,TRUE,98.5,Not_Applicable,48,TRUE,65,18,None,None,0,FALSE,1.02,Tier_1_National,5.5,1.16,4.6,Surplus,18,0.35,0.12,11.0,12,0.98,0
MOSPI/720505,Nizamabad to Armoor 4-Laning NH-63 Godavari Basin Link,Transport,Central,Telangana,Nizamabad,Completed,Linear,NH_Act_1956,Highway,Physical_Possession_Taken,2410,Private_Agricultural,95.0,380,0,1.0,FALSE,100.0,TRUE,98.5,Not_Applicable,42,TRUE,58,14,None,None,0,FALSE,0.98,Tier_1_National,5.0,1.18,4.5,Surplus,16,0.32,0.10,12.0,12,0.99,0
MOSPI/720506,Armoor to Jagtial 2-Laning with Paved Shoulder NH-63,Transport,Central,Telangana,Nizamabad & Jagtial,Completed,Linear,NH_Act_1956,Highway,Physical_Possession_Taken,2280,Private_Agricultural,125.0,450,0,1.2,FALSE,100.0,TRUE,98.0,Not_Applicable,52,TRUE,75,16,None,None,0,FALSE,1.04,Tier_2_Regional,5.5,1.16,4.6,Surplus,18,0.34,0.12,12.5,14,0.98,30
MOSPI/720507,Jagtial to Mancherial 4-Laning NH-63 Godavari Bridge Luxettipet,Transport,Central,Telangana,Jagtial & Mancherial,Completed,Linear,NH_Act_1956,Highway,Physical_Possession_Taken,2450,Riverbed_and_Agricultural,145.0,580,0,1.5,FALSE,99.8,TRUE,98.0,Stage_2_Final_Approved,65,TRUE,85,22,None,None,0,FALSE,1.06,Tier_1_National,6.0,1.14,4.8,Surplus,18,0.40,0.14,9.0,14,0.98,60
MOSPI/720508,Mancherial to Chandrapur 4-Laning NH-363 Package I Mandamarri,Transport,Central,Telangana & Maharashtra,Mancherial to Komaram Bheem,Completed,Linear,NH_Act_1956,Highway,Physical_Possession_Taken,2410,Colliery_Forest_and_Agricultural,180.0,690,0,1.8,FALSE,100.0,TRUE,98.0,Stage_2_Final_Approved,72,TRUE,110,25,None,None,0,FALSE,1.08,Tier_1_National,6.2,1.14,4.8,Surplus,20,0.42,0.15,9.5,14,0.98,90
MOSPI/720509,Bellampalli to Asifabad 4-Laning NH-363 Package II Tiger Corridor,Transport,Central,Telangana,Komaram Bheem Asifabad,Ongoing,Linear,NH_Act_1956,Highway,Physical_Possession_Taken,1450,Kawal_Tiger_Reserve_Buffer_Forest,165.0,540,1,2.5,FALSE,94.0,TRUE,95.5,Stage_2_Final_Approved,58,TRUE,85,18,None,Wildlife_Crossing_Ecoduct_Compliance,15,FALSE,1.15,Tier_1_National,7.5,1.10,5.0,Adequate,22,0.45,0.16,9.0,16,0.96,180
MOSPI/720510,Asifabad to Maharashtra Border Wankidi 4-Laning NH-363 Package III,Transport,Central,Telangana & Maharashtra,Asifabad to Chandrapur,Completed,Linear,NH_Act_1956,Highway,Physical_Possession_Taken,2350,Forest_and_Agricultural,140.0,480,0,1.5,FALSE,100.0,TRUE,98.0,Stage_2_Final_Approved,52,TRUE,75,16,None,None,0,FALSE,1.05,Tier_1_National,5.8,1.15,4.7,Adequate,20,0.42,0.15,10.0,14,0.98,30
MOSPI/720511,Narketpally to Miryalaguda 4-Laning State Highway Concession,Transport,State,Telangana,Nalgonda,Completed,Linear,LARR_Act_2013,State_Highway,Physical_Possession_Taken,2450,Private_Agricultural,165.0,620,0,1.0,FALSE,100.0,FALSE,98.5,Not_Applicable,65,TRUE,95,20,None,None,0,FALSE,0.98,Tier_1_National,5.0,1.18,4.5,Surplus,16,0.30,0.10,14.0,12,0.99,0
MOSPI/720512,Hyderabad Outer Ring Road Growth Corridor Phase 2 Toll Infrastructure,Transport,State,Telangana,Ranga Reddy & Medchal Malkajgiri,Completed,Linear,LARR_Act_2013,Expressway,Physical_Possession_Taken,2850,Government_and_Private_Urban,240.0,850,0,0.8,FALSE,100.0,FALSE,99.0,Not_Applicable,140,TRUE,120,35,None,None,0,FALSE,0.92,Tier_1_National,4.2,1.22,4.2,Surplus,15,0.22,0.08,18.0,10,0.99,0
MOSPI/720513,Hyderabad Regional Ring Road RRR Northern Arc Sangareddy to Toopran,Transport,Central,Telangana,Sangareddy & Medak,Ongoing,Linear,NH_Act_1956,Highway,Section_3G_Award,680,Private_Agricultural,420.0,1450,1,2.2,FALSE,88.5,TRUE,96.5,Stage_1_In_Principle,110,TRUE,180,38,None,Farmer_Land_Compensation_Protest,15,FALSE,1.08,Tier_1_National,6.5,1.12,4.9,Surplus,18,0.28,0.10,15.0,14,0.97,0
MOSPI/720514,Hyderabad Regional Ring Road RRR Northern Arc Toopran to Choutuppal,Transport,Central,Telangana,Medak Siddipet Yadadri,Ongoing,Linear,NH_Act_1956,Highway,Section_3G_Award,650,Private_Agricultural,450.0,1580,1,2.0,FALSE,87.0,TRUE,96.0,Stage_1_In_Principle,125,TRUE,195,42,None,None,0,FALSE,1.06,Tier_1_National,6.2,1.14,4.8,Surplus,18,0.28,0.10,14.5,14,0.97,0
MOSPI/720515,Hyderabad Regional Ring Road RRR Southern Arc Choutuppal to Shadnagar,Transport,Central,Telangana,Yadadri Ranga Reddy Mahabubnagar,Ongoing,Linear,NH_Act_1956,Highway,Section_3D/19_Declaration,480,Private_Agricultural,480.0,1650,2,3.2,TRUE,52.0,TRUE,94.0,Stage_1_Applied,140,TRUE,210,48,None,None,0,FALSE,1.10,Tier_1_National,6.8,1.10,5.0,Surplus,20,0.25,0.10,16.0,16,0.95,0
MOSPI/720516,Hyderabad Regional Ring Road RRR Southern Arc Shadnagar to Sangareddy,Transport,Central,Telangana,Mahabubnagar Vikarabad Sangareddy,Ongoing,Linear,NH_Act_1956,Highway,Section_3D/19_Declaration,450,Private_Agricultural,440.0,1520,2,3.0,TRUE,48.0,TRUE,94.5,Stage_1_Applied,130,TRUE,190,45,None,None,0,FALSE,1.08,Tier_1_National,6.5,1.12,5.0,Surplus,20,0.25,0.10,16.5,16,0.96,0
MOSPI/720517,Vijayawada Eastern Bypass 6-Laning Amaravati Connectivity NH-16,Transport,Central,Andhra Pradesh,Krishna & Guntur,Ongoing,Linear,NH_Act_1956,Highway,Section_3G_Award,780,Krishna_Riverbed_and_Agricultural,220.0,890,1,2.2,FALSE,91.0,TRUE,96.5,Stage_1_In_Principle,115,TRUE,165,34,None,None,0,FALSE,1.08,Tier_1_National,6.5,1.12,4.8,Surplus,18,0.55,0.18,4.0,14,0.97,45
MOSPI/720518,Amaravati Seed Access Road 8-Laning E3 Highway CRDA,Transport,State,Andhra Pradesh,Guntur (Venkatapalem to Dondapadu),Ongoing,Linear,LARR_Act_2013,Expressway,Physical_Possession_Taken,1450,Land_Pooling_Capital_Region,180.0,320,1,1.5,FALSE,96.5,FALSE,97.0,Not_Applicable,140,TRUE,85,45,None,Land_Pooling_Scheme_Court_Affidavit,10,FALSE,1.20,Tier_1_National,9.5,1.02,5.2,Surplus,22,0.50,0.18,3.5,16,0.95,730
MOSPI/720519,Amaravati Capital City Trunk Infrastructure Roads Phase 1,Transport,State,Andhra Pradesh,Guntur (Amaravati Capital Grid),Ongoing,Polygon,LARR_Act_2013,Industrial_Corridor_Utilities,Physical_Possession_Taken,1250,Land_Pooling_Capital_Region,850.0,1100,2,2.5,FALSE,94.0,FALSE,96.0,Not_Applicable,310,TRUE,140,85,None,AP_High_Court_Masterplan_Verdict,15,FALSE,1.25,Tier_1_National,11.5,0.98,5.4,Surplus,25,0.52,0.18,3.8,18,0.94,620
MOSPI/720520,Kurnool Urban Bypass 4-Laning NH-44 Connecting NH-40,Transport,Central,Andhra Pradesh,Kurnool,Completed,Linear,NH_Act_1956,Highway,Physical_Possession_Taken,2250,Private_Agricultural_Arid,145.0,520,0,1.2,FALSE,100.0,TRUE,98.5,Not_Applicable,65,TRUE,85,18,None,None,0,FALSE,0.98,Tier_1_National,5.0,1.18,4.4,Surplus,16,0.22,0.08,18.0,12,0.99,0
MOSPI/720521,Kadapa to Rayachoti 4-Laning NH-40 Rayalaseema Expressway,Transport,Central,Andhra Pradesh,YSR Kadapa & Annamayya,Completed,Linear,NH_Act_1956,Highway,Physical_Possession_Taken,2380,Private_Agricultural_and_Rocky,165.0,580,0,1.0,FALSE,100.0,TRUE,98.5,Not_Applicable,72,TRUE,95,20,None,None,0,FALSE,1.02,Tier_1_National,5.2,1.16,4.6,Surplus,16,0.25,0.09,17.5,12,0.98,0
MOSPI/720522,Rayachoti to Pileru 4-Laning NH-40 Package II Annamayya Chittoor,Transport,Central,Andhra Pradesh,Annamayya & Chittoor,Completed,Linear,NH_Act_1956,Highway,Physical_Possession_Taken,2350,Private_Agricultural_and_Ghats,155.0,540,0,1.2,FALSE,100.0,TRUE,98.5,Stage_2_Final_Approved,68,TRUE,85,18,None,None,0,FALSE,1.04,Tier_1_National,5.5,1.15,4.6,Surplus,18,0.28,0.10,16.5,14,0.98,30
MOSPI/720523,Pileru to Chittoor 4-Laning NH-40 Package III Industrial Route,Transport,Central,Andhra Pradesh,Chittoor,Completed,Linear,NH_Act_1956,Highway,Physical_Possession_Taken,2310,Private_Agricultural,145.0,510,0,1.0,FALSE,100.0,TRUE,98.5,Not_Applicable,64,TRUE,80,16,None,None,0,FALSE,0.98,Tier_1_National,5.0,1.18,4.5,Surplus,16,0.30,0.10,15.5,12,0.99,0
MOSPI/720524,Nellore to Badvel 2-Laning with Paved Shoulder NH-67 Eastern Ghats,Transport,Central,Andhra Pradesh,Nellore & YSR Kadapa,Completed,Linear,NH_Act_1956,Highway,Physical_Possession_Taken,2250,Eastern_Ghats_Forest_and_Terraced,135.0,420,0,1.5,FALSE,100.0,TRUE,98.0,Stage_2_Final_Approved,48,TRUE,65,12,None,None,0,FALSE,1.05,Tier_2_Regional,6.2,1.14,4.7,Adequate,20,0.35,0.12,14.0,14,0.98,45
MOSPI/720525,Badvel to Mydukur 2-Laning with Paved Shoulder NH-67,Transport,Central,Andhra Pradesh,YSR Kadapa,Completed,Linear,NH_Act_1956,Highway,Physical_Possession_Taken,2180,Private_Agricultural_Arid,95.0,340,0,1.0,FALSE,100.0,TRUE,98.5,Not_Applicable,38,TRUE,45,10,None,None,0,FALSE,0.96,Tier_2_Regional,4.8,1.20,4.4,Surplus,15,0.24,0.08,18.0,12,0.99,0
MOSPI/720526,Guntur to Sattenapalle 4-Laning NH-544G Palnadu Feeder,Transport,Central,Andhra Pradesh,Guntur & Palnadu,Completed,Linear,NH_Act_1956,Highway,Physical_Possession_Taken,2250,Private_Agricultural_Paddy,110.0,420,0,1.2,FALSE,100.0,TRUE,98.5,Not_Applicable,52,TRUE,68,14,None,None,0,FALSE,1.02,Tier_2_Regional,5.2,1.16,4.6,Surplus,16,0.38,0.12,12.0,12,0.98,0
MOSPI/720527,Sattenapalle to Macherla 2-Laning with Paved Shoulder NH-544G,Transport,Central,Andhra Pradesh,Palnadu,Completed,Linear,NH_Act_1956,Highway,Physical_Possession_Taken,2180,Private_Agricultural_and_Limestone,125.0,460,0,1.0,FALSE,100.0,TRUE,98.5,Not_Applicable,48,TRUE,62,12,None,None,0,FALSE,0.98,Tier_2_Regional,5.0,1.18,4.5,Surplus,16,0.35,0.10,13.5,12,0.99,0
MOSPI/720528,Macherla to Dachepalli 2-Laning with Paved Shoulder NH-544G,Transport,Central,Andhra Pradesh,Palnadu,Completed,Linear,NH_Act_1956,Highway,Physical_Possession_Taken,2150,Private_Agricultural,95.0,380,0,0.8,FALSE,100.0,TRUE,99.0,Not_Applicable,42,TRUE,52,10,None,None,0,FALSE,0.95,Tier_2_Regional,4.8,1.20,4.4,Surplus,15,0.32,0.10,14.0,10,0.99,0
MOSPI/720529,Bapatla to Chirala 2-Laning with Paved Shoulder NH-216 Coastal Highway,Transport,Central,Andhra Pradesh,Bapatla,Completed,Linear,NH_Act_1956,Highway,Physical_Possession_Taken,2250,Coastal_Sand_and_Agricultural,85.0,340,0,1.2,FALSE,100.0,TRUE,98.5,Not_Applicable,45,TRUE,58,15,None,None,0,FALSE,0.98,Tier_2_Regional,5.0,1.18,4.5,Surplus,16,0.52,0.16,3.0,12,0.99,0
MOSPI/720530,Chirala to Ongole 2-Laning with Paved Shoulder NH-216 Package II,Transport,Central,Andhra Pradesh,Bapatla & Prakasam,Completed,Linear,NH_Act_1956,Highway,Physical_Possession_Taken,2200,Coastal_and_Agricultural,92.0,360,0,1.0,FALSE,100.0,TRUE,98.5,Not_Applicable,48,TRUE,62,14,None,None,0,FALSE,0.96,Tier_2_Regional,4.8,1.20,4.4,Surplus,15,0.50,0.15,3.5,12,0.99,0
MOSPI/720531,Ongole to Ramayapatnam Port Link 4-Laning NH-216 Extension,Transport,Central,Andhra Pradesh,Prakasam,Ongoing,Linear,NH_Act_1956,Highway,Section_3G_Award,680,Coastal_Saline_and_Private,78.0,280,0,1.4,FALSE,89.5,TRUE,96.5,Stage_1_In_Principle,35,TRUE,48,10,None,None,0,FALSE,1.05,Tier_1_National,5.5,1.15,4.7,Surplus,16,0.55,0.18,2.5,14,0.98,0
MOSPI/720532,Guntur to Tenali 4-Laning State Highway Realignment,Transport,State,Andhra Pradesh,Guntur,Completed,Linear,LARR_Act_2013,State_Highway,Physical_Possession_Taken,2180,Private_Agricultural_Canal,68.0,290,0,1.0,FALSE,100.0,FALSE,98.5,Not_Applicable,38,TRUE,45,12,None,None,0,FALSE,0.95,Tier_2_Regional,4.8,1.20,4.4,Surplus,15,0.45,0.12,6.5,12,0.99,0
MOSPI/720533,Anakapalli to Payakaraopeta 6-Laning NH-16 Visakhapatnam Corridor,Transport,Central,Andhra Pradesh,Anakapalli,Completed,Linear,NH_Act_1956,Highway,Physical_Possession_Taken,2450,Private_Agricultural,220.0,850,0,1.4,FALSE,100.0,TRUE,98.0,Stage_2_Final_Approved,95,TRUE,140,28,None,None,0,FALSE,1.02,Tier_1_National,5.5,1.16,4.6,Surplus,18,0.42,0.14,7.0,12,0.98,30
MOSPI/720534,Payakaraopeta to Tuni 6-Laning NH-16 East Godavari Border,Transport,Central,Andhra Pradesh,Anakapalli & Kakinada,Completed,Linear,NH_Act_1956,Highway,Physical_Possession_Taken,2410,Private_Agricultural,110.0,450,0,1.0,FALSE,100.0,TRUE,98.5,Not_Applicable,52,TRUE,65,14,None,None,0,FALSE,0.98,Tier_1_National,5.0,1.18,4.5,Surplus,16,0.40,0.12,7.5,12,0.99,0
MOSPI/720535,Tuni to Annavaram 6-Laning NH-16 Temple Bypass Corridor,Transport,Central,Andhra Pradesh,Kakinada,Completed,Linear,NH_Act_1956,Highway,Physical_Possession_Taken,2380,Private_Agricultural,125.0,490,0,1.2,FALSE,100.0,TRUE,98.5,Not_Applicable,58,TRUE,75,16,Religious_Shrine,None,0,FALSE,1.00,Tier_1_National,5.2,1.18,4.5,Surplus,16,0.45,0.14,6.5,12,0.99,0
MOSPI/720536,Annavaram to Samarlakota 6-Laning NH-16 Kakinada Port Bypass,Transport,Central,Andhra Pradesh,Kakinada,Completed,Linear,NH_Act_1956,Highway,Physical_Possession_Taken,2450,Private_Agricultural_and_Aquaculture,185.0,780,0,1.4,FALSE,99.8,TRUE,98.0,Stage_2_Final_Approved,85,TRUE,120,25,None,None,0,FALSE,1.04,Tier_1_National,5.6,1.15,4.7,Surplus,18,0.50,0.15,5.0,14,0.98,45
MOSPI/720537,Samarlakota to Rajahmundry 6-Laning NH-16 Godavari Agricultural Belt,Transport,Central,Andhra Pradesh,Kakinada & East Godavari,Completed,Linear,NH_Act_1956,Highway,Physical_Possession_Taken,2410,Private_Agricultural_Delta,195.0,820,0,1.2,FALSE,100.0,TRUE,98.5,Not_Applicable,92,TRUE,135,28,None,None,0,FALSE,1.02,Tier_1_National,5.5,1.16,4.6,Surplus,18,0.52,0.16,4.5,12,0.98,30
MOSPI/720538,Kurnool to Dhone 4-Laning NH-44 Rayalaseema Mineral Corridor,Transport,Central,Andhra Pradesh,Kurnool & Nandyal,Completed,Linear,NH_Act_1956,Highway,Physical_Possession_Taken,2450,Private_Agricultural_Arid,165.0,580,0,1.0,FALSE,100.0,TRUE,98.5,Not_Applicable,68,TRUE,95,18,None,None,0,FALSE,0.98,Tier_1_National,5.0,1.18,4.4,Surplus,16,0.22,0.08,20.0,12,0.99,0
MOSPI/720539,Dhone to Gooty 4-Laning NH-44 Railway Crossing Flyover Section,Transport,Central,Andhra Pradesh,Nandyal to Anantapuramu,Completed,Linear,NH_Act_1956,Highway,Physical_Possession_Taken,2410,Private_Agricultural_Arid,155.0,520,0,1.0,FALSE,100.0,TRUE,98.5,Not_Applicable,62,TRUE,85,16,None,None,0,FALSE,0.96,Tier_1_National,4.8,1.20,4.4,Surplus,15,0.20,0.08,22.0,12,0.99,0
MOSPI/720540,Kakinada Anchorage Port Mechanised Fertilizer Berth Expansion,Transport,State,Andhra Pradesh,Kakinada,Completed,Point,LARR_Act_2013,Port,Physical_Possession_Taken,2180,Coastal_and_Port_Estate,28.0,0,0,0.0,FALSE,100.0,FALSE,98.5,Not_Applicable,22,TRUE,0,0,None,None,0,FALSE,0.98,Tier_1_National,5.0,1.18,4.5,Surplus,16,0.60,0.20,1.8,12,0.99,0
MOSPI/720541,Visakhapatnam Port EQ-1 to EQ-4 Fully Mechanised Coal Berths,Transport,Central,Andhra Pradesh,Visakhapatnam Port,Completed,Polygon,Major_Port_Trusts_Act_1963,Port,Physical_Possession_Taken,2450,Port_Trust_Waters_and_Estate,34.0,0,0,0.0,FALSE,100.0,FALSE,98.5,Not_Applicable,28,TRUE,0,0,None,Environmental_Dust_Barrier_Compliance,0,FALSE,1.02,Tier_1_National,5.2,1.18,4.5,Surplus,18,0.48,0.18,1.2,12,0.98,30
MOSPI/720542,Visakhapatnam Port WQ-7 & WQ-8 Multi-Cargo Berths Outer Harbour,Transport,Central,Andhra Pradesh,Visakhapatnam Port,Completed,Point,Major_Port_Trusts_Act_1963,Port,Physical_Possession_Taken,2380,Marine_and_Reclaimed,22.0,0,0,0.0,FALSE,100.0,FALSE,99.0,Not_Applicable,20,TRUE,0,0,None,None,0,FALSE,0.96,Tier_1_National,4.8,1.20,4.3,Surplus,15,0.50,0.18,1.5,10,0.99,0
MOSPI/720543,Gangavaram Port 9 Cape Size Vessel Deep Draft Berth Expansion,Transport,State,Andhra Pradesh,Visakhapatnam (Gangavaram),Completed,Polygon,LARR_Act_2013,Port,Physical_Possession_Taken,2450,Coastal_Deepwater_Rocky,62.0,45,0,0.5,FALSE,100.0,FALSE,98.5,Stage_2_Final_Approved,24,TRUE,10,2,None,None,0,FALSE,0.98,Tier_1_National,5.0,1.18,4.5,Surplus,18,0.45,0.16,1.5,12,0.98,0
MOSPI/720544,Krishnapatnam Port Container Berth 2 Extension Coastal Hub,Transport,State,Andhra Pradesh,Nellore (Krishnapatnam),Completed,Point,LARR_Act_2013,Port,Physical_Possession_Taken,2380,Reclaimed_Coastal_and_Creek,38.0,0,0,0.0,FALSE,100.0,FALSE,98.5,Not_Applicable,25,TRUE,0,0,None,None,0,FALSE,0.95,Tier_1_National,4.8,1.20,4.4,Surplus,16,0.52,0.18,1.8,12,0.99,0
MOSPI/720545,Jawaharlal Nehru Port Coastal Berth Project Sagar Mala,Transport,Central,Maharashtra,Raigad (JNPA Nhava Sheva),Completed,Point,Major_Port_Trusts_Act_1963,Port,Physical_Possession_Taken,2450,Port_Estate_and_Reclaimed,18.5,0,0,0.0,FALSE,100.0,FALSE,99.0,Not_Applicable,22,TRUE,0,0,None,None,0,FALSE,0.94,Tier_1_National,4.5,1.22,4.2,Surplus,15,0.45,0.20,1.5,10,0.99,0
MOSPI/720546,Deendayal Port Oil Jetty 9 Vadinar Single Point Mooring,Energy,Central,Gujarat,Devbhumi Dwarka (Vadinar),Ongoing,Point,Major_Port_Trusts_Act_1963,Port,Physical_Possession_Taken,980,Marine_Sanctuary_Eco_Buffer,24.0,0,0,0.0,FALSE,100.0,FALSE,98.0,Stage_2_Final_Approved,15,TRUE,0,0,None,Marine_Ecology_Clearance_Hold,12,FALSE,1.08,Tier_1_National,5.8,1.15,4.7,Surplus,20,0.22,0.10,1.0,14,0.97,60
MOSPI/720547,Deendayal Port Cargo Berth 16 Tuna Tekra Multipurpose Deep Draft,Transport,Central,Gujarat,Kutch (Kandla),Ongoing,Polygon,Major_Port_Trusts_Act_1963,Port,Physical_Possession_Taken,1150,Tidal_Mudflat_and_Saline,145.0,0,0,0.0,FALSE,100.0,FALSE,98.0,Stage_2_Final_Approved,28,TRUE,0,0,None,None,0,FALSE,1.05,Tier_1_National,5.2,1.16,4.6,Surplus,18,0.20,0.10,1.5,12,0.98,30
MOSPI/720548,Kamarajar Port General Cargo Berth 2 & Car Parking Terminal,Transport,Central,Tamil Nadu,Thiruvallur (Ennore),Completed,Point,Major_Port_Trusts_Act_1963,Port,Physical_Possession_Taken,2250,Reclaimed_Port_Estate,26.0,0,0,0.0,FALSE,100.0,FALSE,99.0,Not_Applicable,18,TRUE,0,0,None,None,0,FALSE,0.95,Tier_1_National,4.5,1.20,4.3,Surplus,15,0.52,0.18,1.2,12,0.99,0
MOSPI/720549,Chennai Port Jawahar Dock Modernisation Mechanised Coal Handling,Transport,Central,Tamil Nadu,Chennai Port,Completed,Point,Major_Port_Trusts_Act_1963,Port,Physical_Possession_Taken,2450,Port_Trust_Waters_and_Estate,19.5,0,0,0.0,FALSE,100.0,FALSE,98.5,Not_Applicable,24,TRUE,0,0,None,None,0,FALSE,0.98,Tier_1_National,5.0,1.18,4.5,Surplus,16,0.48,0.16,2.0,12,0.98,0
MOSPI/720550,VO Chidambaranar Port North Cargo Berth III Mechanisation,Transport,Central,Tamil Nadu,Thoothukudi,Completed,Point,Major_Port_Trusts_Act_1963,Port,Physical_Possession_Taken,2380,Port_Estate_and_Marine,24.0,0,0,0.0,FALSE,100.0,FALSE,98.5,Not_Applicable,20,TRUE,0,0,None,None,0,FALSE,0.96,Tier_1_National,4.8,1.20,4.4,Surplus,15,0.45,0.16,1.2,12,0.99,0
MOSPI/720551,New Mangalore Port Mechanisation of Deep Draft Coal Berth 16,Transport,Central,Karnataka,Dakshina Kannada (Panambur),Completed,Point,Major_Port_Trusts_Act_1963,Port,Physical_Possession_Taken,2250,Reclaimed_and_Deepwater,21.0,0,0,0.0,FALSE,100.0,FALSE,99.0,Not_Applicable,16,TRUE,0,0,None,None,0,FALSE,0.94,Tier_1_National,4.5,1.22,4.2,Surplus,14,0.75,0.22,2.2,10,0.99,0
MOSPI/720552,Mormugao Port Cruise Terminal Modernisation International Hub,Transport,Central,Goa,South Goa (Mormugao Port),Completed,Point,Major_Port_Trusts_Act_1963,Port,Physical_Possession_Taken,2180,Heritage_Port_Estate,14.0,0,0,0.0,FALSE,100.0,FALSE,98.5,Not_Applicable,15,TRUE,0,0,None,None,0,FALSE,0.98,Tier_1_National,5.0,1.18,4.5,Adequate,18,0.70,0.20,2.0,12,0.98,30
MOSPI/720553,Paradip Port Deep Draft Coal Import Berth BOT Operations,Transport,Central,Odisha,Paradip Port,Completed,Point,Major_Port_Trusts_Act_1963,Port,Physical_Possession_Taken,2450,Port_Trust_Waters_and_Estate,32.0,0,0,0.0,FALSE,100.0,FALSE,98.5,Not_Applicable,24,TRUE,0,0,None,None,0,FALSE,0.98,Tier_1_National,5.2,1.18,4.5,Surplus,18,0.72,0.24,1.0,12,0.99,0
MOSPI/720554,Syama Prasad Mookerjee Port Kolkata Kidderpore Docks Modernisation,Transport,Central,West Bengal,Kolkata (Kidderpore Docks),Completed,Point,Major_Port_Trusts_Act_1963,Port,Physical_Possession_Taken,2380,Riverine_Port_and_Urban,28.5,0,0,0.0,FALSE,100.0,FALSE,98.0,Not_Applicable,35,TRUE,0,0,Heritage_Structure_Proximity,None,0,FALSE,1.02,Tier_1_National,5.5,1.16,4.6,Surplus,16,0.65,0.20,2.5,14,0.98,45
MOSPI/720555,Haldia Dock Complex Outer Terminal Oil Jetty 3 Mechanisation,Energy,Central,West Bengal,Purba Medinipur (Haldia),Completed,Point,Major_Port_Trusts_Act_1963,Port,Physical_Possession_Taken,2250,Riverine_and_Estuarine,22.0,0,0,0.0,FALSE,100.0,FALSE,98.5,Not_Applicable,20,TRUE,0,0,None,None,0,FALSE,0.96,Tier_1_National,4.8,1.20,4.4,Surplus,15,0.70,0.22,2.0,12,0.99,0
MOSPI/720556,Kochi Water Metro Phase 1 Electric Ferry Battery Powered Network,Transport,State,Kerala,Ernakulam (Kochi Islands),Completed,Linear,LARR_Act_2013,Inland_Waterway,Physical_Possession_Taken,1980,Backwaters_and_Public_Jetties,18.5,65,0,0.5,FALSE,100.0,FALSE,98.5,Not_Applicable,45,TRUE,12,18,None,None,0,FALSE,0.96,Tier_1_National,4.8,1.20,4.3,Surplus,16,0.85,0.22,1.2,12,0.99,30
MOSPI/720557,National Waterway 2 Brahmaputra Ro-Ro Terminal Dhubri Hatsingimari,Transport,Central,Assam,Dhubri to South Salmara,Completed,Point,LARR_Act_2013,Inland_Waterway,Physical_Possession_Taken,2450,Riverbed_and_Alluvial,14.5,45,0,1.0,FALSE,100.0,FALSE,98.0,Not_Applicable,18,TRUE,8,2,None,None,0,FALSE,1.02,Tier_2_Regional,5.5,1.16,4.6,Adequate,20,0.92,0.28,2.0,14,0.98,60
MOSPI/720558,National Waterway 2 Bogibeel Ro-Ro Cargo Slipway Terminal,Transport,Central,Assam,Dibrugarh (Bogibeel Ghat),Completed,Point,LARR_Act_2013,Inland_Waterway,Physical_Possession_Taken,2380,Riverbed_and_Riparian,16.0,32,0,0.8,FALSE,100.0,FALSE,98.5,Not_Applicable,15,TRUE,6,0,None,None,0,FALSE,0.98,Tier_2_Regional,5.0,1.18,4.5,Adequate,18,0.88,0.26,2.2,12,0.99,0
MOSPI/720559,National Waterway 3 West Coast Canal Kottapuram to Kozhikode,Transport,Central,Kerala,Ernakulam Thrissur Malappuram Kozhikode,Ongoing,Linear,LARR_Act_2013,Inland_Waterway,Physical_Possession_Taken,1450,Canal_and_Coastal_Settlement,65.0,420,2,3.5,FALSE,92.0,FALSE,95.5,Not_Applicable,85,TRUE,140,85,None,Canal_Bank_Encroachment_Dispute,20,FALSE,1.22,Tier_2_Regional,10.5,0.98,5.4,Adequate,25,0.85,0.24,1.8,18,0.95,240
MOSPI/720560,National Waterway 4 Buckingham Canal Kakinada to Puducherry,Transport,Central,Andhra Pradesh & Tamil Nadu,East Godavari to Cuddalore,Ongoing,Linear,LARR_Act_2013,Inland_Waterway,Section_11_Preliminary_Notification,620,Coastal_Canal_and_Private_Land,145.0,850,3,4.8,TRUE,42.0,FALSE,93.0,Stage_1_Applied,110,TRUE,280,140,None,Citizen_Canal_Widening_Protest,25,FALSE,1.28,Tier_2_Regional,12.5,0.95,5.6,Surplus,25,0.65,0.22,2.5,20,0.93,0
MOSPI/720561,National Waterway 5 Brahmani River Coal Barge Terminal Pankapal,Transport,Central,Odisha,Jajpur (Pankapal),Ongoing,Point,LARR_Act_2013,Inland_Waterway,Physical_Possession_Taken,1120,Riverbed_and_Agricultural,24.0,95,0,1.2,FALSE,95.0,FALSE,96.5,Stage_1_In_Principle,28,TRUE,22,6,None,None,0,FALSE,1.06,Tier_1_National,6.0,1.14,4.8,Surplus,18,0.68,0.20,3.5,14,0.97,45
MOSPI/720562,National Waterway 1 Kalughat Intermodal Cargo Terminal Jetty,Transport,Central,Bihar,Saran (Kalughat Riverfront),Ongoing,Point,LARR_Act_2013,Inland_Waterway,Physical_Possession_Taken,980,Riverbed_and_Alluvial,19.5,85,0,1.4,FALSE,96.5,FALSE,96.5,Not_Applicable,22,TRUE,15,4,None,None,0,FALSE,1.05,Tier_1_National,5.5,1.15,4.7,Surplus,18,0.72,0.22,2.8,14,0.98,30
MOSPI/720563,Farakka Navigation Lock 2nd New Lock Chamber Modernisation,Transport,Central,West Bengal,Murshidabad (Farakka Barrage),Completed,Point,LARR_Act_2013,Inland_Waterway,Physical_Possession_Taken,2450,Barrage_RoW_and_Riparian,22.0,0,0,0.0,FALSE,100.0,FALSE,98.5,Not_Applicable,35,TRUE,0,0,None,None,0,FALSE,0.98,Tier_1_National,5.0,1.18,4.5,Surplus,16,0.78,0.22,2.5,12,0.99,60
MOSPI/720564,Pandu River Port Ship Repair Facility Slipway Guwahati,Transport,Central,Assam,Kamrup (Pandu Port Brahmaputra),Completed,Point,LARR_Act_2013,Inland_Waterway,Physical_Possession_Taken,2180,Riverfront_and_Government,18.0,0,0,0.0,FALSE,100.0,FALSE,98.5,Not_Applicable,24,TRUE,0,0,None,None,0,FALSE,1.02,Tier_1_National,5.5,1.16,4.6,Surplus,18,0.85,0.25,2.0,12,0.98,30
MOSPI/720565,Jogighopa Inland Water Transport Terminal Brahmaputra Logistics,Transport,Central,Assam,Bongaigaon (Jogighopa),Ongoing,Point,LARR_Act_2013,Inland_Waterway,Physical_Possession_Taken,1250,Riverbed_and_Government,32.0,45,0,0.8,FALSE,98.0,FALSE,97.0,Stage_2_Final_Approved,28,TRUE,10,2,None,None,0,FALSE,1.06,Tier_1_National,6.0,1.14,4.8,Surplus,18,0.85,0.25,2.2,14,0.97,45
MOSPI/720566,Haldia Multi Modal Terminal Freight Conveyor System,Transport,Central,West Bengal,Purba Medinipur (Haldia),Completed,Linear,LARR_Act_2013,Inland_Waterway,Physical_Possession_Taken,2150,Industrial_and_Riverfront,14.0,0,0,0.0,FALSE,100.0,FALSE,98.5,Not_Applicable,22,TRUE,0,0,None,None,0,FALSE,0.95,Tier_1_National,4.5,1.20,4.2,Surplus,15,0.72,0.22,1.8,12,0.99,0
MOSPI/720567,Sahibganj Freight Rail Connectivity Spur Multi Modal Terminal,Transport,Central,Jharkhand,Sahibganj,Completed,Linear,Railways_Act_1989,Railway,Physical_Possession_Taken,2280,Private_Agricultural_and_Riparian,24.5,110,0,1.0,FALSE,100.0,FALSE,98.0,Not_Applicable,32,TRUE,28,6,None,None,0,FALSE,1.02,Tier_1_National,5.2,1.16,4.6,Adequate,18,0.68,0.20,3.2,12,0.98,30
MOSPI/720568,Varanasi Multi Modal Terminal Rail Siding Cargo Link,Transport,Central,Uttar Pradesh,Varanasi (Ramnagar),Completed,Linear,Railways_Act_1989,Railway,Physical_Possession_Taken,2350,Private_Agricultural,21.0,95,0,0.8,FALSE,100.0,FALSE,98.5,Not_Applicable,28,TRUE,22,4,None,None,0,FALSE,0.98,Tier_1_National,4.8,1.20,4.4,Surplus,15,0.55,0.18,4.5,12,0.99,0
MOSPI/720569,Kollam Inland Waterway Terminal Passenger Jetty Modernisation,Transport,Central,Kerala,Kollam,Completed,Point,LARR_Act_2013,Inland_Waterway,Physical_Possession_Taken,2100,Government_Backwaters,8.5,0,0,0.0,FALSE,100.0,FALSE,98.5,Not_Applicable,14,TRUE,0,0,None,None,0,FALSE,0.94,Tier_2_Regional,4.2,1.22,4.2,Adequate,15,0.88,0.22,1.5,10,0.99,0
MOSPI/720570,Alappuzha Inland Waterway Cargo Basin Revival Package,Transport,Central,Kerala,Alappuzha,Completed,Point,LARR_Act_2013,Inland_Waterway,Physical_Possession_Taken,2150,Canal_and_Backwaters,11.0,0,0,0.0,FALSE,100.0,FALSE,98.0,Not_Applicable,18,TRUE,0,0,None,None,0,FALSE,0.96,Tier_2_Regional,4.5,1.20,4.3,Adequate,16,0.90,0.24,1.4,12,0.99,0
MOSPI/720571,Kottapuram Inland Waterway Terminal Freight Yard Extension,Transport,Central,Kerala,Thrissur (Kottapuram),Completed,Point,LARR_Act_2013,Inland_Waterway,Physical_Possession_Taken,2180,Backwaters_and_Urban,9.5,0,0,0.0,FALSE,100.0,FALSE,98.5,Not_Applicable,15,TRUE,0,0,None,None,0,FALSE,0.95,Tier_2_Regional,4.5,1.20,4.3,Adequate,15,0.85,0.22,1.8,10,0.99,0
MOSPI/720572,Kakinada Anchorage Deep Water Ro-Ro Jetty National Waterway 4,Transport,Central,Andhra Pradesh,East Godavari (Kakinada),Ongoing,Point,LARR_Act_2013,Inland_Waterway,Physical_Possession_Taken,920,Coastal_and_Estuarine,18.0,24,0,0.5,FALSE,98.0,FALSE,97.5,Stage_2_Final_Approved,14,TRUE,4,0,None,None,0,FALSE,1.04,Tier_2_Regional,5.0,1.18,4.6,Surplus,16,0.58,0.18,1.5,12,0.98,0
MOSPI/720573,Rajahmundry Godavari River Cruise Passenger Terminal,Transport,State,Andhra Pradesh,East Godavari (Rajahmundry Pushkar Ghat),Completed,Point,LARR_Act_2013,Inland_Waterway,Physical_Possession_Taken,2250,Riverfront_and_Government,12.0,0,0,0.0,FALSE,100.0,FALSE,98.5,Not_Applicable,16,TRUE,0,0,Religious_Shrine,None,0,FALSE,0.98,Tier_2_Regional,4.8,1.20,4.4,Surplus,15,0.48,0.15,5.5,12,0.99,0
MOSPI/720574,Vijayawada Prakasam Barrage Waterway Terminal Krishna River,Transport,State,Andhra Pradesh,Krishna (Bhavani Island Riverfront),Completed,Point,LARR_Act_2013,Inland_Waterway,Physical_Possession_Taken,2180,Riverbed_and_Park,14.5,0,0,0.0,FALSE,100.0,FALSE,98.5,Not_Applicable,18,TRUE,0,0,None,None,0,FALSE,0.96,Tier_2_Regional,4.5,1.20,4.3,Surplus,15,0.50,0.15,4.0,10,0.99,0
MOSPI/720575,Wadapally River Port Cement Transport Barge Terminal,Transport,State,Telangana,Nalgonda (Krishna Musi Confluence),Ongoing,Point,LARR_Act_2013,Inland_Waterway,Physical_Possession_Taken,850,Riverbed_and_Industrial,22.0,40,0,0.8,FALSE,96.0,FALSE,96.5,Stage_1_In_Principle,24,TRUE,12,2,None,None,0,FALSE,1.06,Tier_2_Regional,5.5,1.16,4.7,Surplus,18,0.38,0.12,8.5,14,0.98,0
MOSPI/720576,Dhuvaran Combined Cycle Gas Turbine CCGT Modernisation,Energy,State,Gujarat,Anand (Dhuvaran),Completed,Point,LARR_Act_2013,Thermal_Power_Plant,Physical_Possession_Taken,2450,Government_Industrial,45.0,0,0,0.0,FALSE,100.0,FALSE,98.5,Not_Applicable,22,TRUE,0,0,None,None,0,FALSE,0.98,Tier_1_National,4.8,1.20,4.4,Surplus,15,0.28,0.10,8.5,12,0.99,0
MOSPI/720577,Utran Gas Based Power Station Unit II Combined Cycle,Energy,State,Gujarat,Surat (Utran),Completed,Point,LARR_Act_2013,Thermal_Power_Plant,Physical_Possession_Taken,2650,Government_Industrial,38.0,0,0,0.0,FALSE,100.0,FALSE,98.5,Not_Applicable,20,TRUE,0,0,None,None,0,FALSE,0.96,Tier_1_National,4.5,1.20,4.3,Surplus,15,0.38,0.12,6.5,12,0.99,0
MOSPI/720578,Dhuvaran Solar PV Project GSECL 100 MW Ash Pond Site,Energy,State,Gujarat,Anand,Completed,Polygon,LARR_Act_2013,Solar_Power_Plant,Physical_Possession_Taken,1850,Reclaimed_Thermal_Ash_Pond,210.0,0,0,0.0,FALSE,100.0,FALSE,99.0,Not_Applicable,8,TRUE,0,0,None,None,0,FALSE,0.88,Tier_1_National,3.8,1.25,4.0,Surplus,14,0.25,0.10,12.0,10,0.99,0
MOSPI/720579,Raghanesda Ultra Mega Solar Park Phase 1 Banaskantha,Energy,State,Gujarat,Banaskantha (Raghanesda),Completed,Polygon,LARR_Act_2013,Solar_Power_Plant,Physical_Possession_Taken,1980,Government_Arid_Wasteland,1250.0,0,0,0.0,FALSE,100.0,FALSE,99.0,Not_Applicable,12,TRUE,0,0,None,None,0,FALSE,0.90,Tier_1_National,4.0,1.24,4.1,Surplus,15,0.15,0.08,30.0,10,0.99,0
MOSPI/720580,Raghanesda Ultra Mega Solar Park Phase 2 GSECL 700 MW,Energy,State,Gujarat,Banaskantha (Raghanesda),Completed,Polygon,LARR_Act_2013,Solar_Power_Plant,Physical_Possession_Taken,1920,Government_Arid_Wasteland,1400.0,0,0,0.0,FALSE,100.0,FALSE,99.0,Not_Applicable,10,TRUE,0,0,None,None,0,FALSE,0.88,Tier_1_National,3.8,1.25,4.0,Surplus,14,0.14,0.08,32.0,10,0.99,0
MOSPI/720581,Charanka Solar Park Phase II Capacity Addition 200 MW,Energy,State,Gujarat,Patan (Charanka),Completed,Polygon,LARR_Act_2013,Solar_Power_Plant,Physical_Possession_Taken,2180,Government_Saline_Desert,480.0,0,0,0.0,FALSE,100.0,FALSE,98.5,Not_Applicable,14,TRUE,0,0,None,None,0,FALSE,0.92,Tier_1_National,4.2,1.22,4.2,Surplus,15,0.18,0.10,25.0,10,0.99,0
MOSPI/720582,Dholera SIR Solar Park Phase II 500 MW Coastal Node,Energy,State,Gujarat,Ahmedabad (Dholera TP2),Ongoing,Polygon,LARR_Act_2013,Solar_Power_Plant,Physical_Possession_Taken,1150,Coastal_Saline_Industrial_Pooled,1100.0,45,0,0.5,FALSE,98.5,FALSE,98.0,Not_Applicable,18,TRUE,0,0,None,None,0,FALSE,1.02,Tier_1_National,5.2,1.16,4.6,Surplus,18,0.30,0.22,1.8,14,0.98,60
MOSPI/720583,Khavda Wind Energy Farm 500 MW Hybrid Park Adani Green,Energy,Central,Gujarat,Kutch (Khavda),Ongoing,Polygon,LARR_Act_2013,Wind_Farm,Physical_Possession_Taken,1120,Rann_Saline_Mudflat_and_Arid,2450.0,0,0,0.0,FALSE,100.0,FALSE,98.0,Stage_1_Applied,15,TRUE,0,0,None,Flamingo_Migration_Route_PIL,10,FALSE,1.05,Tier_1_National,5.5,1.15,4.8,Surplus,20,0.25,0.18,1.2,14,0.97,45
MOSPI/720584,Khavda Wind Energy Farm 1000 MW Phase II Evacuation Tie,Energy,Central,Gujarat,Kutch (Khavda),Ongoing,Polygon,LARR_Act_2013,Wind_Farm,Physical_Possession_Taken,980,Rann_Saline_Mudflat_and_Arid,3850.0,0,0,0.0,FALSE,100.0,FALSE,98.0,Stage_1_Applied,18,TRUE,0,0,None,None,0,FALSE,1.04,Tier_1_National,5.2,1.16,4.7,Surplus,20,0.22,0.18,1.2,14,0.98,30
MOSPI/720585,Dayapar Wind Energy Farm 300 MW Phase 3 Inox Wind,Energy,Central,Gujarat,Kutch (Dayapar),Ongoing,Polygon,LARR_Act_2013,Wind_Farm,Physical_Possession_Taken,850,Arid_Wasteland_and_Private,1650.0,40,0,0.5,FALSE,99.0,FALSE,98.0,Stage_1_In_Principle,12,TRUE,0,0,None,None,0,FALSE,1.02,Tier_1_National,4.8,1.18,4.5,Surplus,18,0.20,0.15,8.5,12,0.98,0
MOSPI/720586,Ratangarh Wind Energy Farm 150 MW Rajasthan Wind Grid,Energy,State,Rajasthan,Churu (Ratangarh),Completed,Polygon,LARR_Act_2013,Wind_Farm,Physical_Possession_Taken,1980,Private_Agricultural_Arid,620.0,65,0,0.8,FALSE,100.0,FALSE,98.5,Not_Applicable,10,TRUE,0,0,None,None,0,FALSE,0.92,Tier_2_Regional,4.2,1.22,4.2,Surplus,14,0.08,0.05,45.0,10,0.99,0
MOSPI/720587,Jaisalmer Wind Park Cluster 1064 MW Suzlon Suzlon Energy,Energy,State,Rajasthan,Jaisalmer (Tejuva),Completed,Polygon,LARR_Act_2013,Wind_Farm,Physical_Possession_Taken,2450,Government_Arid_Wasteland,4500.0,120,0,0.5,FALSE,100.0,FALSE,98.5,Not_Applicable,16,TRUE,0,0,None,Great_Indian_Bustard_PIL,15,FALSE,0.98,Tier_1_National,4.8,1.18,4.5,Adequate,18,0.05,0.05,52.0,12,0.98,60
MOSPI/720588,Bhadla Solar Park Phase I 65 MW Capacity Commissioning,Energy,State,Rajasthan,Jodhpur (Bhadla),Completed,Polygon,LARR_Act_2013,Solar_Power_Plant,Physical_Possession_Taken,2850,Government_Arid_Wasteland,350.0,0,0,0.0,FALSE,100.0,FALSE,99.0,Not_Applicable,6,TRUE,0,0,None,None,0,FALSE,0.86,Tier_1_National,3.5,1.25,3.8,Surplus,12,0.05,0.05,50.0,10,0.99,0
MOSPI/720589,Bhadla Solar Park Phase II 680 MW Expansion RREDCL,Energy,State,Rajasthan,Jodhpur (Bhadla),Completed,Polygon,LARR_Act_2013,Solar_Power_Plant,Physical_Possession_Taken,2450,Government_Arid_Wasteland,1850.0,18,0,0.0,FALSE,100.0,FALSE,99.0,Not_Applicable,8,TRUE,0,0,None,None,0,FALSE,0.88,Tier_1_National,3.6,1.25,3.9,Surplus,14,0.05,0.05,52.0,10,0.99,0
MOSPI/720590,Nabinagar Super Thermal Power Project Unit 3 660 MW,Energy,Central,Bihar,Aurangabad (Nabinagar),Completed,Point,LARR_Act_2013,Thermal_Power_Plant,Physical_Possession_Taken,2650,Government_Industrial,145.0,110,0,1.0,FALSE,100.0,FALSE,98.0,Stage_2_Final_Approved,45,TRUE,85,12,None,None,0,FALSE,1.08,Tier_1_National,6.5,1.12,4.8,Surplus,20,0.48,0.16,8.5,14,0.98,90
MOSPI/720591,Muzaffarpur Thermal Power Station Unit 4 195 MW Kanti,Energy,Central,Bihar,Muzaffarpur (Kanti),Completed,Point,LARR_Act_2013,Thermal_Power_Plant,Physical_Possession_Taken,2850,Government_Industrial,85.0,45,0,0.8,FALSE,100.0,FALSE,98.5,Not_Applicable,32,TRUE,45,8,None,None,0,FALSE,1.05,Tier_1_National,5.8,1.15,4.7,Surplus,18,0.65,0.18,4.5,12,0.99,0
MOSPI/720592,Barauni Thermal Power Station Stage II 2x250 MW Expansion,Energy,Central,Bihar,Begusarai (Barauni),Completed,Polygon,LARR_Act_2013,Thermal_Power_Plant,Physical_Possession_Taken,2750,Government_Industrial,180.0,95,0,1.2,FALSE,100.0,FALSE,98.0,Not_Applicable,38,TRUE,65,14,None,None,0,FALSE,1.08,Tier_1_National,6.2,1.14,4.8,Surplus,18,0.58,0.16,4.0,14,0.98,45
MOSPI/720593,Kahalgaon Super Thermal Power Station FGD Modernisation,Energy,Central,Bihar,Bhagalpur (Kahalgaon),Ongoing,Point,LARR_Act_2013,Thermal_Power_Plant,Physical_Possession_Taken,1450,Government_Industrial,34.0,0,0,0.0,FALSE,100.0,FALSE,98.0,Not_Applicable,24,TRUE,0,0,None,None,0,FALSE,1.04,Tier_1_National,5.2,1.16,4.6,Surplus,16,0.62,0.18,5.0,12,0.98,0
MOSPI/720594,Farakka Super Thermal Power Station FGD Retrofit 2100 MW,Energy,Central,West Bengal,Murshidabad (Farakka),Ongoing,Point,LARR_Act_2013,Thermal_Power_Plant,Physical_Possession_Taken,1420,Government_Industrial,38.0,0,0,0.0,FALSE,100.0,FALSE,98.0,Not_Applicable,28,TRUE,0,0,None,None,0,FALSE,1.05,Tier_1_National,5.5,1.15,4.7,Surplus,18,0.70,0.22,2.5,14,0.98,0
MOSPI/720595,Mejia Thermal Power Station Unit 7 & 8 2x500 MW DVC,Energy,Central,West Bengal,Bankura (Mejia),Completed,Polygon,LARR_Act_2013,Thermal_Power_Plant,Physical_Possession_Taken,2980,Government_and_Colliery_Land,450.0,1150,1,2.0,FALSE,100.0,FALSE,97.5,Stage_2_Final_Approved,65,TRUE,380,42,None,None,0,FALSE,1.12,Tier_1_National,7.5,1.10,5.0,Surplus,20,0.52,0.18,8.5,15,0.97,180
MOSPI/720596,Raghunathpur Thermal Power Station Phase I 2x600 MW DVC,Energy,Central,West Bengal,Purulia (Raghunathpur),Completed,Polygon,LARR_Act_2013,Thermal_Power_Plant,Physical_Possession_Taken,3100,Private_Agricultural_and_Barren,680.0,1850,2,3.5,FALSE,99.2,FALSE,96.5,Stage_2_Final_Approved,85,TRUE,520,65,None,Water_Pipeline_RoW_Agitation,25,FALSE,1.25,Tier_1_National,11.5,0.98,5.4,Surplus,22,0.50,0.18,9.0,16,0.95,450
MOSPI/720597,Bandel Thermal Power Station Unit 5 215 MW Energy Efficiency,Energy,State,West Bengal,Hooghly (Tribeni),Completed,Point,LARR_Act_2013,Thermal_Power_Plant,Physical_Possession_Taken,2450,Government_Industrial,28.0,0,0,0.0,FALSE,100.0,FALSE,98.5,Not_Applicable,18,TRUE,0,0,None,None,0,FALSE,0.96,Tier_1_National,4.8,1.20,4.4,Surplus,15,0.65,0.20,3.0,12,0.99,0
MOSPI/720598,Sagardighi Thermal Power Project Unit 5 1x660 MW Supercritical,Energy,State,West Bengal,Murshidabad (Manigram),Completed,Polygon,LARR_Act_2013,Thermal_Power_Plant,Physical_Possession_Taken,2250,Government_Industrial,210.0,140,0,0.8,FALSE,100.0,FALSE,98.0,Not_Applicable,45,TRUE,65,12,None,None,0,FALSE,1.04,Tier_1_National,5.2,1.18,4.5,Surplus,18,0.60,0.18,4.5,12,0.98,60
MOSPI/720599,Bakreswar Thermal Power Station FGD Desulphurisation Scheme,Energy,State,West Bengal,Birbhum (Bakreswar),Ongoing,Point,LARR_Act_2013,Thermal_Power_Plant,Physical_Possession_Taken,1150,Government_Industrial,24.0,0,0,0.0,FALSE,100.0,FALSE,98.0,Not_Applicable,16,TRUE,0,0,None,None,0,FALSE,1.02,Tier_1_National,4.8,1.18,4.5,Surplus,16,0.48,0.16,7.5,12,0.98,0
MOSPI/720600,Kolaghat Thermal Power Station Ash Pond Reclamation Solar PV,Energy,State,West Bengal,Purba Medinipur (Kolaghat),Ongoing,Polygon,LARR_Act_2013,Solar_Power_Plant,Physical_Possession_Taken,980,Ash_Pond_Wasteland,145.0,0,0,0.0,FALSE,100.0,FALSE,98.5,Not_Applicable,12,TRUE,0,0,None,None,0,FALSE,0.98,Tier_1_National,4.5,1.20,4.3,Surplus,15,0.68,0.22,2.5,12,0.99,0
MOSPI/720601,Delhi Dehradun Expressway Package 1 Akshardham to Khekra Elevated,Transport,Central,Delhi & Uttar Pradesh,East Delhi to Baghpat,Ongoing,Linear,NH_Act_1956,Elevated_Road,Physical_Possession_Taken,1450,Private_Urban_and_Yamuna_Floodplain,85.4,620,1,1.8,FALSE,97.5,TRUE,98.0,Not_Applicable,280,TRUE,190,140,None,None,0,FALSE,1.08,Tier_1_National,6.5,1.14,4.8,Surplus,18,0.30,0.12,12.0,14,0.98,90
MOSPI/720602,Delhi Dehradun Expressway Package 2 Khekra to Lohadda EPE Interchange,Transport,Central,Uttar Pradesh,Baghpat,Ongoing,Linear,NH_Act_1956,Highway,Physical_Possession_Taken,1380,Private_Agricultural,245.0,850,0,1.5,FALSE,99.0,TRUE,98.5,Not_Applicable,115,TRUE,140,26,None,None,0,FALSE,1.04,Tier_1_National,5.5,1.16,4.6,Surplus,16,0.25,0.09,14.0,12,0.99,60
MOSPI/720603,Delhi Dehradun Expressway Package 3 Lohadda to Karaunda Saharanpur,Transport,Central,Uttar Pradesh,Baghpat Shamli Saharanpur,Ongoing,Linear,NH_Act_1956,Highway,Physical_Possession_Taken,1320,Private_Agricultural,310.0,1120,0,1.2,FALSE,99.2,TRUE,98.5,Not_Applicable,125,TRUE,165,30,None,None,0,FALSE,1.05,Tier_1_National,5.2,1.18,4.5,Surplus,18,0.28,0.08,15.0,12,0.99,45
MOSPI/720604,Delhi Dehradun Expressway Package 4 Ganeshpur to Dat Kali Tunnel,Transport,Central,Uttar Pradesh & Uttarakhand,Saharanpur to Dehradun,Ongoing,Linear,NH_Act_1956,Highway,Physical_Possession_Taken,1280,Rajaji_National_Park_Eco_Sensitive,115.0,140,1,0.0,FALSE,98.5,TRUE,96.5,Stage_2_Final_Approved,65,TRUE,45,8,None,Active_NGT_Stay,15,FALSE,1.18,Tier_1_National,9.5,1.05,5.2,Adequate,25,0.85,0.35,32.0,18,0.95,210
MOSPI/720605,Dat Kali Tunnel 3-Lane Twin Tube Eco Sensitive Rajaji Corridor,Transport,Central,Uttarakhand,Dehradun,Completed,Point,NH_Act_1956,Tunnel,Physical_Possession_Taken,1980,Mountainous_Forest_and_Shivalik,18.5,0,0,0.0,FALSE,100.0,TRUE,98.5,Stage_2_Final_Approved,12,TRUE,0,0,None,None,0,FALSE,0.98,Tier_1_National,5.0,1.20,4.4,Scarce,28,0.88,0.32,25.0,14,0.98,30
MOSPI/720606,Surat Chennai Expressway Package 1 Surat to Navsari Section,Transport,Central,Gujarat,Surat & Navsari,Ongoing,Linear,NH_Act_1956,Highway,Section_3G_Award,750,Private_Agricultural,280.0,950,1,2.0,FALSE,91.0,TRUE,97.0,Not_Applicable,95,TRUE,140,28,None,None,0,FALSE,1.05,Tier_1_National,5.5,1.15,4.7,Surplus,18,0.35,0.12,9.5,14,0.98,30
MOSPI/720607,Surat Chennai Expressway Package 2 Navsari to Valsad Section,Transport,Central,Gujarat,Navsari & Valsad,Ongoing,Linear,NH_Act_1956,Highway,Section_3G_Award,720,Private_Agricultural_and_Horticulture,295.0,980,0,1.8,FALSE,92.5,TRUE,97.0,Not_Applicable,110,TRUE,155,32,None,None,0,FALSE,1.04,Tier_1_National,5.2,1.16,4.6,Surplus,18,0.38,0.12,8.5,14,0.98,0
MOSPI/720608,Surat Chennai Expressway Package 3 Nashik Dindori Section,Transport,Central,Maharashtra,Nashik,Ongoing,Linear,NH_Act_1956,Highway,Section_3G_Award,680,Private_Agricultural_Vineyards,320.0,1180,1,2.5,FALSE,88.5,TRUE,96.0,Stage_1_In_Principle,125,TRUE,180,45,None,Farmer_Land_Compensation_Protest,15,FALSE,1.10,Tier_1_National,6.8,1.12,4.9,Surplus,20,0.32,0.12,14.0,15,0.97,90
MOSPI/720609,Surat Chennai Expressway Package 4 Ahmednagar Rahuri Section,Transport,Central,Maharashtra,Ahmednagar,Ongoing,Linear,NH_Act_1956,Highway,Section_3G_Award,650,Private_Agricultural_Sugarcane,340.0,1250,1,2.2,FALSE,89.0,TRUE,96.0,Stage_1_In_Principle,115,TRUE,190,38,None,None,0,FALSE,1.08,Tier_1_National,6.5,1.14,4.8,Surplus,20,0.30,0.10,15.0,15,0.97,45
MOSPI/720610,Surat Chennai Expressway Package 5 Solapur Mohol Section,Transport,Central,Maharashtra,Solapur,Ongoing,Linear,NH_Act_1956,Highway,Section_3G_Award,620,Private_Agricultural_Arid,360.0,1320,0,1.5,FALSE,92.0,TRUE,96.5,Not_Applicable,105,TRUE,175,34,None,None,0,FALSE,1.05,Tier_1_National,5.8,1.15,4.7,Surplus,18,0.25,0.09,18.0,14,0.98,30
MOSPI/720611,Surat Chennai Expressway Package 6 Kalaburagi Afzalpur Section,Transport,Central,Karnataka,Kalaburagi,Ongoing,Linear,NH_Act_1956,Highway,Section_3G_Award,680,Private_Agricultural_Black_Cotton,380.0,1420,1,2.8,FALSE,87.5,TRUE,95.5,Not_Applicable,120,TRUE,210,38,None,None,0,FALSE,1.10,Tier_1_National,7.2,1.10,5.0,Adequate,22,0.28,0.18,16.5,16,0.96,60
MOSPI/720612,Surat Chennai Expressway Package 7 Yadgir Shahapur Section,Transport,Central,Karnataka,Yadgir,Ongoing,Linear,NH_Act_1956,Highway,Section_3G_Award,650,Private_Agricultural,350.0,1280,0,2.0,FALSE,89.5,TRUE,96.0,Not_Applicable,110,TRUE,180,32,None,None,0,FALSE,1.08,Tier_1_National,6.5,1.12,4.8,Adequate,20,0.25,0.12,18.0,15,0.97,45
MOSPI/720613,Surat Chennai Expressway Package 8 Raichur Krishna River Bridge,Transport,Central,Karnataka & Telangana,Raichur to Jogulamba Gadwal,Ongoing,Linear,NH_Act_1956,Highway,Section_3G_Award,620,Krishna_Riverbed_and_Agricultural,285.0,980,1,2.2,FALSE,88.0,TRUE,96.0,Stage_1_In_Principle,95,TRUE,140,28,None,None,0,FALSE,1.08,Tier_1_National,6.8,1.12,4.9,Surplus,20,0.45,0.15,11.0,15,0.97,60
MOSPI/720614,Surat Chennai Expressway Package 9 Kurnool Kodumur Section,Transport,Central,Andhra Pradesh,Kurnool,Ongoing,Linear,NH_Act_1956,Highway,Section_3G_Award,710,Private_Agricultural_Arid,320.0,1150,0,1.5,FALSE,92.5,TRUE,97.0,Not_Applicable,85,TRUE,150,25,None,None,0,FALSE,1.05,Tier_1_National,5.5,1.16,4.6,Surplus,18,0.22,0.08,20.0,14,0.98,0
MOSPI/720615,Surat Chennai Expressway Package 10 Nandyal Banaganapalli Section,Transport,Central,Andhra Pradesh,Nandyal,Ongoing,Linear,NH_Act_1956,Highway,Section_3G_Award,690,Private_Agricultural,310.0,1080,0,1.8,FALSE,91.0,TRUE,96.5,Not_Applicable,88,TRUE,145,24,None,None,0,FALSE,1.04,Tier_1_National,5.2,1.16,4.7,Surplus,18,0.25,0.09,19.0,14,0.98,30
MOSPI/720616,Surat Chennai Expressway Package 11 Kadapa Jammalamadugu Section,Transport,Central,Andhra Pradesh,YSR Kadapa,Ongoing,Linear,NH_Act_1956,Highway,Section_3G_Award,680,Private_Agricultural_Rocky,330.0,1120,0,1.4,FALSE,92.0,TRUE,96.5,Not_Applicable,82,TRUE,135,22,None,None,0,FALSE,1.02,Tier_1_National,5.0,1.18,4.5,Surplus,16,0.24,0.08,22.0,12,0.99,0
MOSPI/720617,Surat Chennai Expressway Package 12 Tirupati Renigunta Section,Transport,Central,Andhra Pradesh,Tirupati,Ongoing,Linear,NH_Act_1956,Highway,Section_3G_Award,720,Private_Agricultural_and_Urban,280.0,1240,1,2.0,FALSE,89.5,TRUE,96.0,Stage_1_In_Principle,115,TRUE,180,48,Religious_Shrine,None,0,FALSE,1.08,Tier_1_National,6.5,1.12,4.8,Surplus,18,0.35,0.12,12.0,14,0.97,45
MOSPI/720618,Surat Chennai Expressway Package 13 Tiruvallur Tamil Nadu Link,Transport,Central,Tamil Nadu,Tiruvallur,Ongoing,Linear,NH_Act_1956,Highway,Section_3G_Award,750,Private_Agricultural_and_Paddy,245.0,1180,1,2.2,FALSE,88.0,TRUE,96.0,Not_Applicable,125,TRUE,190,52,None,None,0,FALSE,1.10,Tier_1_National,6.8,1.12,4.9,Surplus,20,0.45,0.14,6.5,15,0.97,60
MOSPI/720619,Indore Hyderabad Economic Corridor Package 1 Tepla to Phulambri,Transport,Central,Maharashtra,Aurangabad,Ongoing,Linear,NH_Act_1956,Highway,Section_3G_Award,650,Private_Agricultural,260.0,920,0,1.8,FALSE,90.5,TRUE,96.5,Not_Applicable,85,TRUE,130,24,None,None,0,FALSE,1.05,Tier_1_National,5.5,1.15,4.7,Surplus,18,0.28,0.10,15.0,14,0.98,30
MOSPI/720620,Indore Hyderabad Economic Corridor Package 2 Jalna to Nanded,Transport,Central,Maharashtra,Jalna & Nanded,Ongoing,Linear,NH_Act_1956,Highway,Section_3G_Award,620,Private_Agricultural,290.0,1050,1,2.0,FALSE,88.5,TRUE,96.0,Stage_1_In_Principle,95,TRUE,160,32,None,None,0,FALSE,1.08,Tier_1_National,6.2,1.14,4.8,Surplus,20,0.32,0.12,14.0,15,0.97,45
MOSPI/720621,Indore Hyderabad Economic Corridor Package 3 Degloor to Nizamabad,Transport,Central,Maharashtra & Telangana,Nanded to Nizamabad,Ongoing,Linear,NH_Act_1956,Highway,Section_3G_Award,610,Private_Agricultural,240.0,880,0,1.5,FALSE,91.5,TRUE,96.5,Not_Applicable,80,TRUE,125,22,None,None,0,FALSE,1.04,Tier_1_National,5.2,1.16,4.6,Surplus,18,0.30,0.10,13.5,14,0.98,30
MOSPI/720622,Nagpur Vijayawada Economic Corridor Package 1 Wardha to Yavatmal,Transport,Central,Maharashtra,Wardha & Yavatmal,Ongoing,Linear,NH_Act_1956,Highway,Section_3G_Award,720,Private_Agricultural,285.0,980,0,1.8,FALSE,90.0,TRUE,96.5,Not_Applicable,92,TRUE,140,26,None,None,0,FALSE,1.05,Tier_1_National,5.5,1.15,4.7,Surplus,18,0.32,0.10,14.0,14,0.98,30
MOSPI/720623,Nagpur Vijayawada Economic Corridor Package 2 Chandrapur Adilabad,Transport,Central,Maharashtra & Telangana,Chandrapur to Adilabad,Ongoing,Linear,NH_Act_1956,Highway,Section_3G_Award,690,Private_Agricultural_and_Forest,310.0,1080,1,2.5,FALSE,87.0,TRUE,95.5,Stage_2_Final_Approved,110,TRUE,165,34,None,None,0,FALSE,1.08,Tier_1_National,6.5,1.12,4.9,Surplus,20,0.38,0.14,12.0,15,0.97,60
MOSPI/720624,Nagpur Vijayawada Economic Corridor Package 3 Mancherial Warangal,Transport,Central,Telangana,Mancherial to Warangal,Ongoing,Linear,NH_Act_1956,Highway,Section_3G_Award,680,Private_Agricultural,325.0,1150,1,2.2,FALSE,88.5,TRUE,96.0,Stage_1_In_Principle,115,TRUE,175,38,None,None,0,FALSE,1.06,Tier_1_National,6.0,1.14,4.8,Surplus,18,0.35,0.12,11.5,14,0.97,45
MOSPI/720625,Nagpur Vijayawada Economic Corridor Package 4 Khammam Vijayawada,Transport,Central,Telangana & Andhra Pradesh,Khammam to NTR District,Ongoing,Linear,NH_Act_1956,Highway,Section_3G_Award,650,Private_Agricultural,295.0,1050,0,1.6,FALSE,92.0,TRUE,96.5,Not_Applicable,98,TRUE,150,30,None,None,0,FALSE,1.04,Tier_1_National,5.5,1.15,4.7,Surplus,18,0.42,0.14,9.0,14,0.98,30
MOSPI/720626,Durg Raipur Arang 6-Lane Greenfield Expressway Package 1 Durg Bypass,Transport,Central,Chhattisgarh,Durg & Raipur,Ongoing,Linear,NH_Act_1956,Highway,Section_3G_Award,750,Private_Agricultural_and_Urban,240.0,920,1,2.2,FALSE,89.5,TRUE,96.5,Not_Applicable,120,TRUE,170,45,None,None,0,FALSE,1.08,Tier_1_National,6.2,1.14,4.9,Surplus,18,0.30,0.10,12.5,14,0.97,45
MOSPI/720627,Durg Raipur Arang 6-Lane Greenfield Expressway Package 2 Arang Spur,Transport,Central,Chhattisgarh,Raipur (Arang Mahanadi Link),Ongoing,Linear,NH_Act_1956,Highway,Section_3G_Award,710,Private_Agricultural_Mahanadi_Basin,260.0,980,0,1.8,FALSE,91.5,TRUE,97.0,Stage_1_In_Principle,95,TRUE,155,32,None,None,0,FALSE,1.05,Tier_1_National,5.8,1.15,4.8,Surplus,18,0.38,0.12,10.0,14,0.98,30
MOSPI/720628,Chennai Salem 8-Lane Expressway Package 1 Tambaram Harur,Transport,Central,Tamil Nadu,Kanchipuram & Tiruvannamalai,Ongoing,Linear,NH_Act_1956,Highway,Section_3D/19_Declaration,420,Private_Agricultural_and_Orchards,480.0,1850,4,5.2,TRUE,38.0,TRUE,92.5,Stage_1_Applied,180,TRUE,380,85,None,Madras_HC_Farmer_PIL_Stay_Revived,35,FALSE,1.25,Tier_1_National,11.5,0.98,5.4,Surplus,25,0.38,0.12,14.0,18,0.94,0
MOSPI/720629,Chennai Salem 8-Lane Expressway Package 2 Harur to Salem Manjawadi,Transport,Central,Tamil Nadu,Dharmapuri & Salem,Ongoing,Linear,NH_Act_1956,Highway,Section_3D/19_Declaration,410,Eastern_Ghats_Dense_Forest,420.0,1450,3,4.8,TRUE,40.0,TRUE,93.0,Stage_1_Applied,140,TRUE,290,65,None,Active_Citizen_Protest,30,FALSE,1.22,Tier_1_National,10.8,1.02,5.2,Adequate,24,0.40,0.15,15.0,18,0.95,0
MOSPI/720630,Bengaluru Kadapa Vijayawada Expressway Package 1 Hoskote Malur,Transport,Central,Karnataka,Bengaluru Rural & Kolar,Ongoing,Linear,NH_Act_1956,Highway,Section_3G_Award,780,Private_Agricultural,220.0,850,1,1.8,FALSE,92.0,TRUE,97.0,Not_Applicable,95,TRUE,140,32,None,None,0,FALSE,1.05,Tier_1_National,5.5,1.16,4.8,Surplus,18,0.28,0.10,15.5,14,0.98,30
MOSPI/720631,Bengaluru Kadapa Vijayawada Expressway Package 2 Kolar Chittoor Border,Transport,Central,Karnataka & Andhra Pradesh,Kolar to Chittoor,Ongoing,Linear,NH_Act_1956,Highway,Section_3G_Award,740,Private_Agricultural,245.0,910,0,1.5,FALSE,93.5,TRUE,97.0,Not_Applicable,88,TRUE,130,28,None,None,0,FALSE,1.04,Tier_1_National,5.2,1.16,4.7,Surplus,16,0.28,0.10,15.0,14,0.98,0
MOSPI/720632,Bengaluru Kadapa Vijayawada Expressway Package 3 Pileru Rayachoti,Transport,Central,Andhra Pradesh,Annamayya,Ongoing,Linear,NH_Act_1956,Highway,Section_3G_Award,710,Private_Agricultural_and_Hills,265.0,980,0,1.8,FALSE,91.5,TRUE,96.5,Stage_1_In_Principle,82,TRUE,125,24,None,None,0,FALSE,1.04,Tier_1_National,5.2,1.15,4.7,Surplus,18,0.25,0.09,17.0,14,0.98,30
MOSPI/720633,Bengaluru Kadapa Vijayawada Expressway Package 4 Rayachoti Kadapa,Transport,Central,Andhra Pradesh,Annamayya & YSR Kadapa,Ongoing,Linear,NH_Act_1956,Highway,Section_3G_Award,690,Private_Agricultural_Rocky,250.0,920,0,1.5,FALSE,92.5,TRUE,97.0,Not_Applicable,78,TRUE,115,20,None,None,0,FALSE,1.02,Tier_1_National,5.0,1.18,4.5,Surplus,16,0.22,0.08,18.5,12,0.99,0
MOSPI/720634,Bengaluru Kadapa Vijayawada Expressway Package 5 Kadapa Mydukur,Transport,Central,Andhra Pradesh,YSR Kadapa,Ongoing,Linear,NH_Act_1956,Highway,Section_3G_Award,680,Private_Agricultural_Arid,280.0,990,0,1.4,FALSE,93.0,TRUE,97.0,Not_Applicable,75,TRUE,120,22,None,None,0,FALSE,1.02,Tier_1_National,4.8,1.18,4.5,Surplus,16,0.24,0.08,18.0,12,0.99,0
MOSPI/720635,Bengaluru Kadapa Vijayawada Expressway Package 6 Mydukur Singarayakonda,Transport,Central,Andhra Pradesh,YSR Kadapa to Prakasam,Ongoing,Linear,NH_Act_1956,Highway,Section_3G_Award,660,Private_Agricultural,310.0,1150,1,2.0,FALSE,90.5,TRUE,96.5,Stage_1_In_Principle,95,TRUE,150,28,None,None,0,FALSE,1.06,Tier_1_National,5.8,1.15,4.8,Surplus,18,0.30,0.10,14.0,14,0.98,30
MOSPI/720636,Bengaluru Kadapa Vijayawada Expressway Package 7 Singarayakonda Guntur,Transport,Central,Andhra Pradesh,Prakasam Bapatla Guntur,Ongoing,Linear,NH_Act_1956,Highway,Section_3G_Award,640,Private_Agricultural_Delta,340.0,1280,1,2.2,FALSE,89.0,TRUE,96.0,Not_Applicable,110,TRUE,175,35,None,None,0,FALSE,1.08,Tier_1_National,6.2,1.12,4.8,Surplus,18,0.45,0.14,8.5,14,0.97,45
MOSPI/720637,Hyderabad Visakhapatnam Greenfield Expressway Package 1 Choutuppal,Transport,Central,Telangana,Yadadri Bhuvanagiri,Ongoing,Linear,NH_Act_1956,Highway,Section_3D/19_Declaration,480,Private_Agricultural,310.0,1100,1,2.8,TRUE,45.0,TRUE,94.0,Not_Applicable,115,TRUE,160,34,None,Farmer_Compensation_Protest,10,FALSE,1.08,Tier_1_National,6.5,1.12,4.9,Surplus,20,0.28,0.10,14.5,15,0.96,0
MOSPI/720638,Hyderabad Visakhapatnam Greenfield Expressway Package 2 Suryapet,Transport,Central,Telangana,Suryapet,Ongoing,Linear,NH_Act_1956,Highway,Section_3D/19_Declaration,460,Private_Agricultural,330.0,1180,1,2.5,TRUE,42.0,TRUE,94.0,Not_Applicable,110,TRUE,165,30,None,None,0,FALSE,1.06,Tier_1_National,6.2,1.14,4.8,Surplus,18,0.30,0.10,14.0,15,0.97,0
MOSPI/720639,Hyderabad Visakhapatnam Greenfield Expressway Package 3 Khammam,Transport,Central,Telangana,Khammam,Ongoing,Linear,NH_Act_1956,Highway,Section_3D/19_Declaration,450,Private_Agricultural,345.0,1250,1,2.5,TRUE,40.0,TRUE,94.5,Stage_1_Applied,120,TRUE,180,35,None,None,0,FALSE,1.08,Tier_1_National,6.5,1.12,4.9,Surplus,20,0.35,0.12,12.0,16,0.96,0
MOSPI/720640,Hyderabad Visakhapatnam Greenfield Expressway Package 4 Rajahmundry,Transport,Central,Andhra Pradesh,East Godavari,Ongoing,Linear,NH_Act_1956,Highway,Section_3D/19_Declaration,420,Private_Agricultural_Godavari_Basin,360.0,1350,2,3.2,TRUE,38.0,TRUE,93.5,Stage_1_Applied,140,TRUE,210,48,None,None,0,FALSE,1.10,Tier_1_National,7.0,1.10,5.1,Surplus,22,0.48,0.15,6.5,16,0.95,0
MOSPI/720641,Hyderabad Visakhapatnam Greenfield Expressway Package 5 Anakapalli,Transport,Central,Andhra Pradesh,Anakapalli & Visakhapatnam,Ongoing,Linear,NH_Act_1956,Highway,Section_3D/19_Declaration,410,Private_Agricultural_and_Urban,280.0,1420,2,3.5,TRUE,35.0,TRUE,93.0,Stage_1_Applied,150,TRUE,240,65,None,None,0,FALSE,1.12,Tier_1_National,7.5,1.08,5.2,Surplus,22,0.45,0.14,7.0,16,0.95,0
MOSPI/720642,Delhi Amritsar Katra Expressway Package 18 Katra Bypass Multi Modal,Transport,Central,Jammu & Kashmir,Reasi (Katra Shrine Board Terminal),Ongoing,Point,NH_Act_1956,Highway,Physical_Possession_Taken,1450,Hilly_Urban_and_Agricultural,48.5,310,0,1.5,FALSE,98.5,TRUE,97.0,Not_Applicable,85,TRUE,65,42,Religious_Shrine,None,0,FALSE,1.06,Tier_1_National,5.8,1.14,4.8,Scarce,25,0.48,0.18,20.0,14,0.97,120
MOSPI/720643,Varanasi Ranchi Kolkata Expressway Package 18 Uluberia Kona Link,Transport,Central,West Bengal,Howrah (Uluberia to Kona),Ongoing,Linear,NH_Act_1956,Highway,Section_3D/19_Declaration,450,Dense_Settlement_and_Riparian,185.0,1850,4,5.8,TRUE,42.0,TRUE,91.5,Not_Applicable,280,TRUE,520,380,None,Citizen_Encroachment_Protest,25,FALSE,1.28,Tier_1_National,12.5,0.95,5.6,Surplus,25,0.75,0.25,2.2,22,0.93,0
MOSPI/720644,Raipur Visakhapatnam Expressway Package 9 Sabbavaram Port Expressway,Transport,Central,Andhra Pradesh,Visakhapatnam (Port Connectivity Link),Ongoing,Linear,NH_Act_1956,Highway,Physical_Possession_Taken,980,Private_Agricultural_and_Industrial,145.0,620,0,1.5,FALSE,98.0,TRUE,97.5,Stage_2_Final_Approved,95,TRUE,110,35,None,None,0,FALSE,1.04,Tier_1_National,5.2,1.18,4.6,Surplus,16,0.42,0.14,5.5,12,0.98,0
MOSPI/720645,Gorakhpur Siliguri Expressway Package 12 Siliguri Bypass Asian Highway Link,Transport,Central,West Bengal,Darjeeling & Jalpaiguri,Ongoing,Linear,NH_Act_1956,Highway,Section_3A_Notification,540,Tea_Garden_and_Semi_Urban,240.0,1280,1,3.2,TRUE,26.0,TRUE,93.5,Stage_1_Applied,135,TRUE,210,65,None,Tea_Garden_Workers_Union_Protest,15,FALSE,1.10,Tier_1_National,6.5,1.12,5.0,Adequate,22,0.80,0.24,3.5,18,0.95,0
MOSPI/720646,Amritsar Jamnagar Expressway Package 20 Jamnagar IOCL Marine Terminal,Transport,Central,Gujarat,Jamnagar (Moti Khavdi to Sikka Port),Completed,Linear,NH_Act_1956,Highway,Physical_Possession_Taken,1220,Coastal_Saline_and_Industrial,165.0,420,0,1.0,FALSE,100.0,TRUE,98.5,Not_Applicable,52,TRUE,65,18,None,None,0,FALSE,0.95,Tier_1_National,4.8,1.20,4.4,Surplus,15,0.22,0.12,14.0,12,0.99,15
MOSPI/720647,Ludhiana Bathinda Greenfield Highway Package 4 Malout Spur,Transport,Central,Punjab,Muktsar (Malout to Dabwali Link),Ongoing,Linear,NH_Act_1956,Highway,Section_3G_Award,690,Private_Agricultural_Canal,185.0,650,1,2.2,FALSE,87.0,TRUE,95.5,Not_Applicable,72,TRUE,110,20,None,Farmer_Compensation_Protest,15,TRUE,1.10,Tier_1_National,6.5,1.10,4.9,Adequate,18,0.18,0.08,15.0,15,0.97,90
MOSPI/720648,Jalandhar Bypass Greenfield Highway Package 2 Kapurthala Link,Transport,Central,Punjab,Kapurthala,Ongoing,Linear,NH_Act_1956,Highway,Section_3G_Award,660,Private_Agricultural,165.0,680,1,2.5,FALSE,85.5,TRUE,95.0,Not_Applicable,82,TRUE,125,28,None,Farmer_Compensation_Protest,15,TRUE,1.12,Tier_1_National,7.0,1.08,5.0,Surplus,18,0.22,0.09,12.5,15,0.96,120
MOSPI/720649,Moradabad Kashipur 4L NH-734 Package 3 Kashipur Industrial Bypass,Transport,Central,Uttarakhand,Udham Singh Nagar (Kashipur Outer),Ongoing,Linear,NH_Act_1956,Highway,Section_3G_Award,680,Private_Agricultural_and_Industrial,145.0,590,0,1.5,FALSE,91.0,TRUE,96.5,Not_Applicable,74,TRUE,95,22,None,None,0,FALSE,1.05,Tier_1_National,5.5,1.15,4.7,Surplus,18,0.32,0.10,12.0,14,0.98,30
MOSPI/720650,Ayodhya Ring Road Phase 3 NH-330 to NH-27 Western Arc,Transport,Central,Uttar Pradesh,Ayodhya,Ongoing,Linear,NH_Act_1956,Highway,Section_3G_Award,790,Private_Agricultural,210.0,880,1,2.0,FALSE,91.0,TRUE,97.0,Stage_1_In_Principle,115,TRUE,155,34,Religious_Shrine,None,0,FALSE,1.06,Tier_1_National,6.0,1.14,4.9,Surplus,16,0.38,0.12,8.0,14,0.97,60
MOSPI/720651,Kanpur Ring Road Phase 5 Mandhana Kalyanpur Urban Elevated,Transport,Central,Uttar Pradesh,Kanpur Nagar,Ongoing,Linear,NH_Act_1956,Highway,Section_3D/19_Declaration,540,Dense_Commercial_and_Railway_RoW,45.0,920,2,3.8,TRUE,48.0,TRUE,93.5,Not_Applicable,195,TRUE,310,180,None,None,0,FALSE,1.14,Tier_1_National,7.8,1.08,5.2,Surplus,22,0.30,0.10,14.5,16,0.95,0
MOSPI/720652,Indore Western Ring Road Greenfield 6L Package 3 Rau Junction,Transport,Central,Madhya Pradesh,Indore (Rau to AB Road),Ongoing,Linear,NH_Act_1956,Highway,Section_3G_Award,780,Private_Agricultural_and_Industrial,165.0,680,0,1.5,FALSE,93.5,TRUE,97.0,Not_Applicable,85,TRUE,120,26,None,None,0,FALSE,1.04,Tier_1_National,5.2,1.16,4.7,Surplus,18,0.22,0.08,16.0,12,0.98,0
MOSPI/720653,Jabalpur Ring Road Greenfield 4L Package 3 NH-30 to Barela,Transport,Central,Madhya Pradesh,Jabalpur,Ongoing,Linear,NH_Act_1956,Highway,Section_3G_Award,790,Private_Agricultural_and_Forest,210.0,760,1,2.0,FALSE,91.0,TRUE,96.5,Stage_2_Final_Approved,88,TRUE,125,22,None,None,0,FALSE,1.05,Tier_1_National,5.5,1.15,4.8,Surplus,18,0.35,0.12,12.0,14,0.98,30
MOSPI/720654,Nagpur Outer Ring Road Phase 3 Kamptee to Kanhan Bypass,Transport,Central,Maharashtra,Nagpur,Completed,Linear,NH_Act_1956,Highway,Physical_Possession_Taken,2380,Private_Agricultural_and_Industrial,185.0,720,0,1.0,FALSE,100.0,TRUE,98.5,Not_Applicable,85,TRUE,125,24,None,None,0,FALSE,0.94,Tier_1_National,4.5,1.22,4.2,Surplus,15,0.25,0.09,14.5,12,0.99,0
MOSPI/720655,Jaipur Northern Ring Road Package 2 Delhi Road to Agra Road Link,Transport,Central,Rajasthan,Jaipur,Ongoing,Linear,NH_Act_1956,Highway,Section_3D/19_Declaration,490,Private_Agricultural,260.0,980,1,2.8,TRUE,42.0,TRUE,94.0,Not_Applicable,125,TRUE,180,42,None,Farmer_Land_Compensation_Protest,15,FALSE,1.10,Tier_1_National,6.8,1.12,4.8,Surplus,18,0.18,0.08,25.0,15,0.96,0
MOSPI/720656,Guwahati Ring Road Package 2 North Guwahati Bridge Approach,Transport,Central,Assam,Kamrup Metropolitan,Ongoing,Linear,NH_Act_1956,Highway,Section_3G/23_Award,240,Riverfront_Alluvial_and_Hills,145.0,620,1,3.0,FALSE,85.0,TRUE,95.5,Stage_1_In_Principle,85,TRUE,140,32,None,None,0,FALSE,1.08,Tier_1_National,6.5,1.12,5.0,Surplus,20,0.85,0.24,2.5,15,0.96,0
MOSPI/720657,Silchar Badarpur Churaibari NH-37 Package 2 Badarpur Bypass,Transport,Central,Assam,Karimganj,Ongoing,Linear,NH_Act_1956,Highway,Section_3G/23_Award,220,Riparian_and_Private_Agricultural,125.0,540,1,3.8,FALSE,82.0,TRUE,94.5,Stage_1_In_Principle,78,TRUE,110,26,None,None,0,FALSE,1.12,Tier_2_Regional,8.5,1.05,5.2,Adequate,24,0.88,0.22,3.0,16,0.95,0
MOSPI/720658,Rajasthan Part II 765kV ISTS Green Transmission System,Energy,Central,Rajasthan,Bikaner to Fatehgarh,Ongoing,Linear,Indian_Telegraph_Act_1885,Power_Transmission_Line,Section_164_Conferred,240,Private_Agricultural_Arid,160.0,310,0,0.5,FALSE,98.0,FALSE,98.5,Not_Applicable,42,TRUE,0,0,None,Bird_Diverter_GIB_Monitoring,12,FALSE,0.96,Tier_1_National,4.6,1.18,4.5,Adequate,20,0.08,0.05,48.0,14,0.98,0
MOSPI/720659,NMDC Slurry Pipeline Project Phase 2 Vizag Port Pellets Link,Mining,Central,Andhra Pradesh,Visakhapatnam,Ongoing,Linear,PMP_Act_1962,Pipeline,RoU_Acquired,1450,Industrial_and_Coastal,65.0,240,1,2.0,FALSE,94.5,FALSE,96.0,Stage_2_Final_Approved,48,TRUE,45,12,None,None,0,FALSE,1.15,Tier_1_National,7.5,1.08,5.0,Surplus,22,0.52,0.18,4.5,15,0.96,180
MOSPI/720660,Varanasi Airport Runway Extension 4000m Cat III Instrument Landing,Transport,Central,Uttar Pradesh,Varanasi (Babatpur),Ongoing,Point,LARR_Act_2013,Airport,Physical_Possession_Taken,480,Private_Agricultural,95.0,450,1,1.8,FALSE,96.0,TRUE,97.5,Not_Applicable,65,TRUE,120,24,None,None,0,FALSE,1.04,Tier_1_National,5.0,1.18,4.7,Surplus,16,0.28,0.09,12.0,12,0.99,0
MOSPI/720661,NTPC Talcher Thermal Power Project Stage III Unit 2 660 MW,Energy,Central,Odisha,Angul,Ongoing,Point,LARR_Act_2013,Thermal_Power_Plant,Physical_Possession_Taken,1380,Government_Industrial,180.0,0,0,0.0,FALSE,100.0,FALSE,97.0,Stage_2_Final_Approved,38,TRUE,45,10,None,None,0,FALSE,1.08,Tier_1_National,6.5,1.12,5.0,Surplus,20,0.48,0.15,10.0,14,0.98,180
MOSPI/720662,Rourkela Steel Plant Sinter Plant 4 Augmentation,Industrial_Infrastructure,Central,Odisha,Sundargarh (Rourkela),Ongoing,Point,LARR_Act_2013,Industrial_Corridor,Physical_Possession_Taken,1150,Government_Industrial,65.0,0,0,0.0,FALSE,100.0,FALSE,98.0,Not_Applicable,18,TRUE,0,0,None,None,0,FALSE,1.05,Tier_1_National,5.5,1.15,4.8,Surplus,16,0.42,0.14,10.0,12,0.99,90
MOSPI/720663,Bhilai Steel Plant Rail and Structural Mill Modernisation,Industrial_Infrastructure,Central,Chhattisgarh,Durg (Bhilai),Ongoing,Point,LARR_Act_2013,Industrial_Corridor,Physical_Possession_Taken,920,Government_Industrial,85.0,0,0,0.0,FALSE,100.0,FALSE,98.5,Not_Applicable,22,TRUE,0,0,None,None,0,FALSE,1.04,Tier_1_National,5.2,1.16,4.7,Surplus,16,0.35,0.12,12.5,12,0.99,60
MOSPI/720664,Bokaro Steel Plant Continuous Casting Facility Revamp,Industrial_Infrastructure,Central,Jharkhand,Bokaro,Ongoing,Point,LARR_Act_2013,Industrial_Corridor,Physical_Possession_Taken,850,Government_Industrial,72.0,0,0,0.0,FALSE,100.0,FALSE,98.5,Not_Applicable,18,TRUE,0,0,None,None,0,FALSE,1.02,Tier_1_National,5.0,1.18,4.6,Surplus,16,0.40,0.14,10.5,12,0.99,45
MOSPI/720665,Durgapur Steel Plant Wheel and Axle Plant Automation,Industrial_Infrastructure,Central,West Bengal,Paschim Bardhaman,Ongoing,Point,LARR_Act_2013,Industrial_Corridor,Physical_Possession_Taken,750,Government_Industrial,45.0,0,0,0.0,FALSE,100.0,FALSE,98.5,Not_Applicable,15,TRUE,0,0,None,None,0,FALSE,1.02,Tier_1_National,4.8,1.18,4.5,Surplus,15,0.45,0.15,9.0,12,0.99,30
MOSPI/720666,IISCO Steel Plant Blast Furnace Kalyani Productivity Upgrade,Industrial_Infrastructure,Central,West Bengal,Paschim Bardhaman (Burnpur),Ongoing,Point,LARR_Act_2013,Industrial_Corridor,Physical_Possession_Taken,580,Government_Industrial,58.0,0,0,0.0,FALSE,100.0,FALSE,98.0,Not_Applicable,22,TRUE,0,0,None,None,0,FALSE,1.05,Tier_1_National,5.8,1.14,4.8,Surplus,18,0.45,0.15,9.5,14,0.98,0
MOSPI/720667,Baddi Barotiwala Nalagarh Common Effluent Treatment Plant Node,Industrial_Infrastructure,Central,Himachal Pradesh,Solan (Baddi),Ongoing,Polygon,LARR_Act_2013,Effluent_Treatment_Plant,Physical_Possession_Taken,480,Government_Industrial,28.0,45,0,1.0,FALSE,94.5,FALSE,96.5,Stage_1_In_Principle,35,TRUE,15,4,None,None,0,FALSE,1.08,Tier_2_Regional,7.5,1.10,5.0,Adequate,20,0.45,0.18,15.0,16,0.96,0
MOSPI/720668,Kopparthy Mega Industrial Park Water Distribution Treatment Node,Industrial_Infrastructure,Central,Andhra Pradesh,YSR Kadapa,Ongoing,Point,LARR_Act_2013,Industrial_Corridor_Utilities,Physical_Possession_Taken,580,Government_Pooled_Land,45.0,20,0,0.8,FALSE,98.0,FALSE,97.5,Not_Applicable,24,TRUE,12,2,None,None,0,FALSE,1.02,Tier_1_National,4.8,1.18,4.6,Surplus,16,0.20,0.08,18.0,12,0.99,0
MOSPI/720669,Krishnapatnam Industrial Node Power Substation 220kV Node,Industrial_Infrastructure,Central,Andhra Pradesh,Nellore,Ongoing,Point,LARR_Act_2013,Industrial_Corridor_Utilities,Physical_Possession_Taken,780,Coastal_Government_Land,32.0,15,0,0.5,FALSE,99.0,FALSE,98.0,Not_Applicable,28,TRUE,8,0,None,None,0,FALSE,1.04,Tier_1_National,5.0,1.16,4.7,Surplus,18,0.48,0.16,3.5,12,0.98,0
MOSPI/720670,Kalughat Intermodal Terminal Heavy Cargo Crane Yard System,Transport,Central,Bihar,Saran,Ongoing,Point,LARR_Act_2013,Inland_Waterway,Physical_Possession_Taken,780,Riverbank_and_Riparian,12.0,30,0,1.0,FALSE,98.0,FALSE,97.0,Not_Applicable,18,TRUE,8,2,None,None,0,FALSE,1.04,Tier_2_Regional,5.5,1.14,4.7,Surplus,16,0.72,0.22,2.5,12,0.98,30
MOSPI/720671,Buxar Thermal Power Project Unit 2 660 MW Turbo Generator,Energy,Central,Bihar,Buxar (Chausa),Ongoing,Point,LARR_Act_2013,Thermal_Power_Plant,Physical_Possession_Taken,1850,Government_Industrial,180.0,0,0,0.0,FALSE,100.0,FALSE,96.5,Not_Applicable,48,TRUE,0,0,None,None,15,FALSE,1.22,Tier_1_National,10.5,1.04,5.2,Surplus,20,0.50,0.16,6.0,16,0.96,540
MOSPI/720672,Patratu Super Thermal Power Station Unit 2 800 MW Boiler Island,Energy,Central,Jharkhand,Ramgarh,Ongoing,Point,LARR_Act_2013,Thermal_Power_Plant,Physical_Possession_Taken,1720,Government_Industrial,165.0,0,0,0.0,FALSE,100.0,FALSE,96.5,Stage_2_Final_Approved,45,TRUE,0,0,None,None,10,FALSE,1.15,Tier_1_National,8.0,1.10,5.0,Surplus,20,0.42,0.15,11.0,15,0.97,480
MOSPI/720673,Gare Palma Sector II Coal Mine Pit Head Coal Handling Plant,Mining,Central,Chhattisgarh,Raigarh,Ongoing,Point,Coal_Bearing_Areas_Act_1957,Coal_Mine,Physical_Possession_Taken,1280,Forest_and_Industrial,145.0,420,1,3.5,FALSE,82.0,FALSE,93.5,Stage_2_Final_Approved,38,TRUE,85,14,None,None,15,FALSE,1.25,Tier_1_National,12.5,0.95,5.6,Scarce,32,0.50,0.20,9.5,20,0.94,365
MOSPI/720674,Wardha Nanded Railway Line Package 2 Yavatmal Digras 60 km,Transport,Central,Maharashtra,Yavatmal,Ongoing,Linear,Railways_Act_1989,Railway,Physical_Possession_Taken,2250,Private_Agricultural,380.0,1150,1,3.2,FALSE,94.5,FALSE,95.0,Stage_2_Final_Approved,85,TRUE,280,38,None,None,10,FALSE,1.25,Tier_1_National,11.5,0.98,5.4,Surplus,24,0.36,0.14,14.5,18,0.95,1240
MOSPI/720675,Wadsa Gadchiroli Railway Line Package 1 Wadsa to Armori 28 km,Transport,Central,Maharashtra,Gadchiroli,Ongoing,Linear,Railways_Act_1989,Railway,Section_20G_Award_Declared,780,Forest_and_Tribal_Agricultural,145.0,480,1,6.5,TRUE,65.0,FALSE,92.5,Stage_1_Applied,42,TRUE,140,18,None,Security_Escort_Civil_Works_Halt,45,TRUE,1.45,Tier_2_Regional,16.5,0.85,6.2,Scarce,38,0.52,0.22,9.0,24,0.92,0
MOSPI/720676,Pune Miraj Londa Rail Doubling Package 2 Karad to Sangli,Transport,Central,Maharashtra,Satara & Sangli,Ongoing,Linear,Railways_Act_1989,Railway,Physical_Possession_Taken,2650,Private_Agricultural_Sugarcane,240.0,890,1,2.5,FALSE,98.0,FALSE,96.5,Not_Applicable,110,TRUE,190,35,None,None,0,FALSE,1.15,Tier_1_National,8.5,1.05,5.1,Surplus,20,0.40,0.15,12.0,16,0.96,820
MOSPI/720677,Kalyan Kasara 3rd Line Package 2 Asangaon to Kasara Tunnels,Transport,Central,Maharashtra,Thane,Ongoing,Linear,Railways_Act_1989,Railway,Physical_Possession_Taken,1750,Thal_Ghat_Steep_Slopes_and_Forest,85.0,450,1,2.5,FALSE,95.5,FALSE,96.0,Stage_2_Final_Approved,115,TRUE,180,48,None,None,10,FALSE,1.25,Tier_1_National,11.0,0.98,5.4,Surplus,22,0.68,0.24,3.5,16,0.96,480
MOSPI/720678,Panvel Karjat Suburban Rail Corridor Package 2 Wavarle Tunnel,Transport,Joint,Maharashtra,Raigad,Ongoing,Linear,Railways_Act_1989,Suburban_Railway,Physical_Possession_Taken,1880,Hilly_Basalt_and_Forest,45.0,180,0,1.5,FALSE,98.0,FALSE,97.0,Stage_2_Final_Approved,65,TRUE,65,18,None,None,0,FALSE,1.12,Tier_1_National,7.5,1.08,5.0,Surplus,18,0.55,0.18,4.5,15,0.97,365
MOSPI/720679,Virar Dahanu Road Quadrupling Package 2 Palghar to Dahanu,Transport,Central,Maharashtra,Palghar,Ongoing,Linear,Railways_Act_1989,Railway,Physical_Possession_Taken,1780,Coastal_and_Agricultural,95.0,450,1,2.0,FALSE,94.0,FALSE,95.5,Stage_2_Final_Approved,98,TRUE,165,35,None,None,5,FALSE,1.18,Tier_1_National,8.5,1.05,5.2,Surplus,20,0.65,0.20,2.5,16,0.96,540
MOSPI/720680,Tumakuru Chitradurga Davangere Direct Rail Line Package 2,Transport,Central,Karnataka,Chitradurga,Ongoing,Linear,Railways_Act_1989,Railway,Section_20G_Award_Declared,1380,Private_Agricultural_Arid,380.0,1180,1,2.5,FALSE,85.5,FALSE,95.0,Not_Applicable,75,TRUE,190,28,None,None,0,FALSE,1.12,Tier_1_National,8.0,1.08,5.0,Surplus,20,0.22,0.08,22.0,15,0.96,365
MOSPI/720681,Gadag Wadi Rail Line Package 2 Koppal to Raichur Section,Transport,Central,Karnataka,Koppal & Raichur,Ongoing,Linear,Railways_Act_1989,Railway,Physical_Possession_Taken,2850,Private_Agricultural,480.0,1650,1,3.0,FALSE,95.5,FALSE,95.5,Not_Applicable,110,TRUE,280,38,None,None,10,FALSE,1.25,Tier_1_National,10.5,0.98,5.2,Surplus,22,0.25,0.10,20.0,16,0.95,1095
MOSPI/720682,Bagalkot Kudachi Railway Line Package 2 Terdal to Jamkhandi,Transport,Central,Karnataka,Bagalkot,Ongoing,Linear,Railways_Act_1989,Railway,Section_20G_Award_Declared,2650,Private_Agricultural,310.0,980,1,2.8,FALSE,89.0,FALSE,94.5,Not_Applicable,78,TRUE,180,24,None,None,0,FALSE,1.22,Tier_1_National,9.8,1.02,5.1,Surplus,20,0.28,0.10,18.0,16,0.96,850
MOSPI/720683,Kazipet Vijayawada 3rd Line Package 2 Khammam to Kondapalli,Transport,Central,Telangana & Andhra Pradesh,Khammam to NTR District,Ongoing,Linear,Railways_Act_1989,Railway,Physical_Possession_Taken,2100,Private_Agricultural,240.0,850,0,1.8,FALSE,98.0,FALSE,97.0,Stage_2_Final_Approved,115,TRUE,150,28,None,None,0,FALSE,1.08,Tier_1_National,6.2,1.14,4.8,Surplus,18,0.40,0.12,9.0,14,0.98,310
MOSPI/720684,Bhadrak Vizianagaram 3rd Line Package 2 Cuttack to Khurda Road,Transport,Central,Odisha,Cuttack & Khurda,Ongoing,Linear,Railways_Act_1989,Railway,Physical_Possession_Taken,2380,Mahanadi_Basin_Alluvial_and_Urban,320.0,1420,1,2.8,FALSE,96.5,FALSE,96.5,Stage_2_Final_Approved,145,TRUE,290,65,None,None,0,FALSE,1.10,Tier_1_National,7.5,1.10,4.9,Surplus,20,0.62,0.18,3.2,15,0.97,620
MOSPI/720685,Kharagpur Adityapur 3rd Line Package 2 Jhargram to Ghatsila,Transport,Central,West Bengal & Jharkhand,Jhargram to East Singhbhum,Ongoing,Linear,Railways_Act_1989,Railway,Physical_Possession_Taken,2580,Private_Agricultural_and_Forest,180.0,680,0,2.0,FALSE,98.5,FALSE,97.0,Stage_2_Final_Approved,95,TRUE,160,28,None,None,0,FALSE,1.08,Tier_1_National,6.8,1.12,4.8,Surplus,18,0.45,0.14,8.0,14,0.97,450
MOSPI/720686,Ranchi Hatia Bondamunda Track Doubling Package 2 Nuagaon Link,Transport,Central,Jharkhand & Odisha,Simdega to Sundargarh,Ongoing,Linear,Railways_Act_1989,Railway,Physical_Possession_Taken,2650,Forest_and_Tribal_Agricultural,220.0,850,1,3.2,FALSE,95.5,FALSE,95.5,Stage_2_Final_Approved,90,TRUE,190,35,None,None,5,FALSE,1.18,Tier_1_National,9.2,1.02,5.2,Adequate,22,0.48,0.16,9.5,16,0.96,650
MOSPI/720687,Sonnagar Dankuni Freight Corridor Package 2 Gaya to Koderma,Transport,Central,Bihar & Jharkhand,Gaya to Koderma,Ongoing,Linear,Railways_Act_1989,Freight_Corridor,Section_20F_Declaration,1580,Private_Agricultural_and_Ghats,650.0,2100,2,4.2,TRUE,52.0,FALSE,92.5,Stage_1_In_Principle,160,TRUE,480,95,None,None,15,FALSE,1.28,Tier_1_National,12.5,0.95,5.5,Surplus,25,0.50,0.16,8.5,20,0.94,0
MOSPI/720688,Dimapur Kohima Zubza Rail Line Package 2 Molvom to Priphema Tunnels,Transport,Central,Nagaland,Chumoukedima & Kohima,Ongoing,Linear,Railways_Act_1989,Railway,Section_20G_Award_Declared,1780,Mountainous_Forest_Customary,110.0,340,1,18.0,FALSE,82.5,FALSE,91.5,Stage_1_Applied,28,TRUE,95,16,None,None,25,TRUE,1.60,Tier_2_Regional,21.5,0.78,6.8,Scarce,46,0.95,0.38,38.0,26,0.89,1250
MOSPI/720689,Sivok Rangpo Rail Tunnel Project Package 2 Teesta Valley Underpass,Transport,Central,West Bengal & Sikkim,Kalimpong to Pakyong,Ongoing,Linear,Railways_Act_1989,Railway,Physical_Possession_Taken,1880,Mountainous_Forest_and_Tunnels,85.0,180,0,1.8,FALSE,96.0,FALSE,95.0,Stage_2_Final_Approved,24,TRUE,45,8,None,Cavity_Water_Ingress_Disruption,20,TRUE,1.48,Tier_1_National,18.5,0.85,6.2,Scarce,44,0.94,0.38,35.0,20,0.94,980
MOSPI/720690,Araria Galgalia Rail Project Package 2 Bahadurganj to Thakurganj,Transport,Central,Bihar,Kishanganj,Ongoing,Linear,Railways_Act_1989,Railway,Section_20G_Award_Declared,1350,Private_Agricultural_Mahananda_Basin,165.0,680,1,2.8,FALSE,88.5,FALSE,94.5,Stage_1_In_Principle,65,TRUE,180,26,None,None,0,FALSE,1.12,Tier_1_National,7.8,1.08,5.0,Surplus,20,0.70,0.20,3.2,16,0.96,240
MOSPI/720691,Hajipur Sugauli Rail Line Package 2 Vaishali to Lalganj,Transport,Central,Bihar,Vaishali,Ongoing,Linear,Railways_Act_1989,Railway,Section_20G_Award_Declared,2650,Private_Agricultural_Banana_Belt,180.0,780,1,3.8,FALSE,85.0,FALSE,93.0,Stage_1_In_Principle,78,TRUE,210,35,None,None,10,FALSE,1.25,Tier_1_National,11.5,0.98,5.2,Surplus,22,0.65,0.18,4.5,18,0.94,1095
MOSPI/720692,Nadikudi Srikalahasti Rail Line Package 2 Savalyapuram to Vinukonda,Transport,Central,Andhra Pradesh,Palnadu,Ongoing,Linear,Railways_Act_1989,Railway,Physical_Possession_Taken,2550,Private_Agricultural,280.0,890,1,2.5,FALSE,92.0,FALSE,95.0,Stage_2_Final_Approved,75,TRUE,190,32,None,None,0,FALSE,1.15,Tier_1_National,8.5,1.05,5.0,Surplus,20,0.30,0.10,13.0,16,0.96,540
MOSPI/720693,Kotipalli Narsapur Rail Line Package 2 Gowthami Godavari Mega Bridge,Transport,Central,Andhra Pradesh,Dr BR Ambedkar Konaseema,Ongoing,Point,Railways_Act_1989,Bridge,Physical_Possession_Taken,2750,Godavari_Estuary_and_Tidal,65.0,320,2,4.0,TRUE,82.0,FALSE,92.5,Stage_2_Final_Approved,48,TRUE,110,24,None,None,15,FALSE,1.38,Tier_1_National,14.5,0.90,5.6,Adequate,28,0.70,0.22,1.8,20,0.93,1460
MOSPI/720694,Kazipet Ballharshah 3rd Line Package 2 Bellampalli to Sirpur Kaghaznagar,Transport,Central,Telangana,Komaram Bheem Asifabad,Ongoing,Linear,Railways_Act_1989,Railway,Physical_Possession_Taken,2250,Private_Agricultural_and_Forest,210.0,740,0,2.0,FALSE,97.5,FALSE,96.5,Stage_2_Final_Approved,85,TRUE,140,24,None,None,0,FALSE,1.08,Tier_1_National,6.8,1.12,4.8,Surplus,18,0.38,0.12,11.0,15,0.97,365
MOSPI/720695,Akola Khandwa Gauge Conversion Package 2 Amlakhurd to Sanawad,Transport,Central,Madhya Pradesh,Burhanpur & Khandwa,Ongoing,Linear,Railways_Act_1989,Railway,Physical_Possession_Taken,2450,Narmada_Basin_Agricultural,220.0,680,1,3.5,FALSE,92.5,FALSE,94.5,Stage_1_In_Principle,82,TRUE,150,25,None,None,15,FALSE,1.25,Tier_1_National,11.0,0.98,5.2,Surplus,22,0.40,0.14,14.0,18,0.95,730
MOSPI/720696,Itarsi Nagpur 3rd Line Package 2 Amla to Betul Section,Transport,Central,Madhya Pradesh,Betul,Ongoing,Linear,Railways_Act_1989,Railway,Physical_Possession_Taken,2450,Forest_Plateau_and_Agricultural,245.0,780,1,2.8,FALSE,96.0,FALSE,95.5,Stage_2_Final_Approved,90,TRUE,175,32,None,None,5,FALSE,1.15,Tier_1_National,9.2,1.05,5.1,Adequate,24,0.42,0.15,15.0,16,0.96,450
MOSPI/720697,Dhanbad Sonnagar Eastern DFC Package 2 Sasaram to Dehri on Sone,Transport,Central,Bihar,Rohtas,Ongoing,Linear,Railways_Act_1989,Freight_Corridor,Physical_Possession_Taken,2750,Private_Agricultural_and_Sone_Bridge,480.0,1550,1,2.8,FALSE,97.0,FALSE,95.5,Stage_2_Final_Approved,140,TRUE,380,68,None,None,0,FALSE,1.12,Tier_1_National,7.8,1.08,5.0,Surplus,22,0.42,0.14,8.5,15,0.97,730
MOSPI/720698,Rani Kalanus Rail Doubling Package 2 Hapa to Jamnagar Station,Transport,Central,Gujarat,Jamnagar,Ongoing,Linear,Railways_Act_1989,Railway,Physical_Possession_Taken,1550,Private_Agricultural_and_Urban,95.0,380,0,1.0,FALSE,97.5,FALSE,97.0,Not_Applicable,48,TRUE,65,18,None,None,0,FALSE,1.02,Tier_1_National,4.8,1.20,4.5,Surplus,15,0.20,0.08,18.0,12,0.99,60
MOSPI/720699,Mathura Jhansi 3rd Line Package 2 Dholpur to Morena Chambal Crossing,Transport,Central,Rajasthan & Madhya Pradesh,Dholpur to Morena,Ongoing,Linear,Railways_Act_1989,Railway,Physical_Possession_Taken,2380,Chambal_Sanctuary_Eco_Sensitive,240.0,780,1,2.2,FALSE,98.0,FALSE,97.0,Stage_2_Final_Approved,85,TRUE,160,28,None,Chambal_Crocodile_Clearance_Hold,10,FALSE,1.08,Tier_1_National,6.5,1.14,4.8,Surplus,18,0.25,0.10,18.0,14,0.97,310
MOSPI/720700,Katni Durg 3rd Line Package 2 Shahdol to Anuppur Coal Belt,Transport,Central,Madhya Pradesh,Shahdol & Anuppur,Ongoing,Linear,Railways_Act_1989,Railway,Physical_Possession_Taken,2050,Forest_and_Colliery_Agricultural,295.0,920,1,2.5,FALSE,93.0,FALSE,95.0,Stage_2_Final_Approved,95,TRUE,210,35,None,None,5,FALSE,1.15,Tier_1_National,8.5,1.08,5.0,Surplus,22,0.40,0.15,11.5,16,0.96,365
MOSPI/720701,Durg Nagpur 3rd Line Package 2 Dongargarh to Salekasa Ghat,Transport,Central,Chhattisgarh & Maharashtra,Rajnandgaon to Gondia,Ongoing,Linear,Railways_Act_1989,Railway,Physical_Possession_Taken,2180,Mountainous_Forest_and_Curves,210.0,680,1,2.2,FALSE,95.5,FALSE,96.0,Stage_2_Final_Approved,82,TRUE,140,24,None,None,0,FALSE,1.10,Tier_1_National,7.0,1.12,4.9,Surplus,18,0.35,0.12,13.5,15,0.97,310
MOSPI/720702,Gonda Utraula Barhni Rail Line Package 2 Utraula to Tulsipur,Transport,Central,Uttar Pradesh,Balrampur,Ongoing,Linear,Railways_Act_1989,Railway,Section_20G_Award_Declared,1180,Private_Agricultural,145.0,540,1,2.2,FALSE,85.0,FALSE,94.0,Stage_1_In_Principle,52,TRUE,110,18,None,None,0,FALSE,1.10,Tier_2_Regional,7.5,1.08,5.0,Surplus,20,0.55,0.16,5.5,16,0.96,0
MOSPI/720703,Sahjanwa Dohrighat Rail Line Package 2 Gola to Barhalganj,Transport,Central,Uttar Pradesh,Gorakhpur,Ongoing,Linear,Railways_Act_1989,Railway,Section_20G_Award_Declared,1080,Private_Agricultural_Ghaghra_Basin,115.0,460,0,1.8,FALSE,88.0,FALSE,94.5,Stage_1_In_Principle,48,TRUE,95,16,None,None,0,FALSE,1.08,Tier_2_Regional,7.0,1.12,4.8,Surplus,18,0.58,0.16,5.0,15,0.97,0
MOSPI/720704,Bahraich Khalilabad Rail Line Package 2 Bhinga to Shravasti,Transport,Central,Uttar Pradesh,Shravasti,Ongoing,Linear,Railways_Act_1989,Railway,Section_20F_Declaration,780,Private_Agricultural_and_Terai,260.0,920,1,3.5,TRUE,52.0,FALSE,92.0,Stage_1_Applied,65,TRUE,190,32,None,None,0,FALSE,1.18,Tier_1_National,9.5,1.02,5.2,Surplus,22,0.60,0.18,4.5,18,0.94,0
MOSPI/720705,Sultanganj Katoria Rail Line Package 2 Asarganj to Belhar,Transport,Central,Bihar,Banka,Ongoing,Linear,Railways_Act_1989,Railway,Section_20G_Award_Declared,1380,Private_Agricultural_and_Hills,125.0,460,0,2.2,FALSE,82.0,FALSE,93.5,Not_Applicable,48,TRUE,95,15,None,None,0,FALSE,1.14,Tier_2_Regional,8.5,1.08,5.0,Surplus,20,0.58,0.16,7.0,16,0.95,0
MOSPI/720706,Ranaghat Gede Rail Doubling Package 2 Majhdia to Gede Border,Transport,Central,West Bengal,Nadia,Ongoing,Linear,Railways_Act_1989,Railway,Physical_Possession_Taken,1380,Private_Agricultural_and_Riparian,48.0,210,0,1.5,FALSE,95.0,FALSE,96.0,Not_Applicable,35,TRUE,54,12,None,None,0,FALSE,1.05,Tier_2_Regional,6.5,1.12,4.8,Surplus,18,0.70,0.18,3.5,14,0.98,90
MOSPI/720707,Barasat Hasnabad Rail Doubling Package 2 Basirhat to Hasnabad,Transport,Central,West Bengal,North 24 Parganas,Ongoing,Linear,Railways_Act_1989,Railway,Section_20F_Declaration,1180,Dense_Settlement_and_Sundarbans_Edge,64.0,580,2,5.2,TRUE,65.0,FALSE,92.5,Not_Applicable,85,TRUE,240,65,None,Encroachment_Relocation_Stay,15,FALSE,1.28,Tier_1_National,12.5,0.95,5.4,Surplus,22,0.78,0.22,2.0,20,0.93,240
MOSPI/720708,Saraighat Double Line Railway Bridge Pier Foundations in River,Transport,Central,Assam,Kamrup (Brahmaputra Deep Channel),Ongoing,Point,Railways_Act_1989,Bridge,Physical_Possession_Taken,1380,Deep_Scour_Brahmaputra_Bed,12.0,0,0,0.0,FALSE,100.0,FALSE,97.0,Stage_2_Final_Approved,18,TRUE,0,0,None,Flood_High_Velocity_Current_Halt,25,FALSE,1.08,Tier_1_National,6.5,1.12,4.9,Surplus,22,0.92,0.28,1.5,14,0.97,90
MOSPI/720709,Tetelia Byrnihat Rail Line Package 2 Kamalajar to Byrnihat,Transport,Central,Assam & Meghalaya,Ri-Bhoi Border,Ongoing,Linear,Railways_Act_1989,Railway,Physical_Possession_Taken,2850,Mountainous_Forest_and_Customary,48.0,180,1,11.5,FALSE,94.0,FALSE,94.0,Stage_2_Final_Approved,24,TRUE,55,10,None,KSU_Intermittent_Picketing,25,TRUE,1.42,Tier_2_Regional,16.5,0.85,6.0,Scarce,42,0.90,0.35,16.0,20,0.93,730
MOSPI/720710,Dhubri Phulbari Bridge Caisson Foundation Sinking Brahmaputra,Transport,Central,Assam & Meghalaya,Dhubri Channel,Ongoing,Point,NH_Act_1956,Bridge,Physical_Possession_Taken,1750,Deep_Well_Foundations_in_Silt,45.0,0,0,0.0,FALSE,100.0,TRUE,96.5,Stage_2_Final_Approved,32,TRUE,0,0,None,Scour_and_Turbulent_Current_Halt,30,FALSE,1.25,Tier_1_National,14.5,0.94,5.6,Adequate,32,0.96,0.36,1.0,20,0.94,365
MOSPI/720711,Gohpur Numaligarh Tunnel Expressway South Bank Ventilation Shaft,Transport,Central,Assam,Golaghat (Brahmaputra South),Ongoing,Point,NH_Act_1956,Tunnel,Section_3D/19_Declaration,420,Riparian_Tea_Garden_Land,45.0,85,0,2.0,TRUE,42.0,TRUE,94.0,Stage_1_Applied,18,TRUE,12,2,None,None,0,FALSE,1.12,Tier_1_National,7.5,1.08,5.0,Surplus,22,0.90,0.35,1.5,16,0.96,0
MOSPI/720712,Kona Expressway Elevated Corridor Package 2 Santragachi Flyover,Transport,Central,West Bengal,Howrah (Santragachi Railway Junction),Ongoing,Point,NH_Act_1956,Elevated_Road,Physical_Possession_Taken,780,Dense_Urban_Traffic_RoW,14.5,210,1,2.0,FALSE,97.5,TRUE,97.5,Not_Applicable,110,TRUE,65,140,None,Traffic_Diversion_Restriction,0,FALSE,1.10,Tier_1_National,6.8,1.10,5.0,Surplus,16,0.68,0.20,2.8,14,0.98,60
MOSPI/720713,Barasat Bongaon NH-112 Package 2 Habra Gaighata Bypass,Transport,Central,West Bengal,North 24 Parganas,Ongoing,Linear,NH_Act_1956,Highway,Physical_Possession_Taken,1780,Private_Agricultural_and_Commercial,85.0,920,2,4.5,TRUE,88.0,TRUE,93.5,Not_Applicable,140,TRUE,380,240,None,None,20,FALSE,1.32,Tier_1_National,14.0,0.92,5.6,Surplus,22,0.70,0.20,3.0,20,0.93,850
MOSPI/720714,Cuttack Angul NH-55 Package 2 Dhenkanal Bypass Four Laning,Transport,Central,Odisha,Dhenkanal,Ongoing,Linear,NH_Act_1956,Highway,Physical_Possession_Taken,2580,Private_Agricultural_and_Forest,185.0,780,2,3.8,FALSE,94.0,TRUE,94.0,Stage_2_Final_Approved,110,TRUE,240,48,None,None,25,TRUE,1.42,Tier_1_National,15.0,0.88,5.6,Adequate,28,0.58,0.18,7.0,22,0.93,1250
MOSPI/720715,Angul Sambalpur NH-55 Package 2 Rairakhol Forest Diversion,Transport,Central,Odisha,Sambalpur,Ongoing,Linear,NH_Act_1956,Highway,Physical_Possession_Taken,2490,Elephant_Crossing_Reserve_Forest,195.0,840,1,4.2,FALSE,92.5,TRUE,93.5,Stage_2_Final_Approved,120,TRUE,260,52,None,Forest_Tree_Cutting_Clearance_Hold,30,TRUE,1.48,Tier_1_National,16.5,0.85,5.8,Adequate,30,0.55,0.20,7.5,22,0.92,1460
MOSPI/720716,Talcher Coalfield Evacuation Road Package 2 Kaniha NTPC Link,Transport,Central,Odisha,Angul,Ongoing,Linear,NH_Act_1956,Highway,Physical_Possession_Taken,1380,Heavy_Coal_Truck_Corridor,58.0,310,1,2.5,FALSE,95.5,TRUE,95.5,Stage_1_In_Principle,45,TRUE,85,22,None,None,10,FALSE,1.15,Tier_1_National,8.5,1.05,5.0,Surplus,20,0.52,0.18,9.0,15,0.96,210
MOSPI/720717,Paradip Smart Industrial Port City Internal Drainage & Common Utility,Industrial_Infrastructure,Central,Odisha,Jagatsinghpur,Ongoing,Polygon,Major_Port_Trusts_Act_1963,Industrial_Corridor_Utilities,Physical_Possession_Taken,1180,Coastal_Saline_Industrial,220.0,65,0,0.8,FALSE,99.0,FALSE,97.0,Stage_2_Final_Approved,35,TRUE,18,6,None,None,0,FALSE,1.04,Tier_1_National,5.2,1.16,4.7,Surplus,18,0.70,0.22,2.0,12,0.98,60
MOSPI/720718,Western Dock Bulk Cargo Berth Deep Water Conveyor Stacker Paradip,Transport,Central,Odisha,Paradip Port,Ongoing,Point,Major_Port_Trusts_Act_1963,Port,Physical_Possession_Taken,920,Reclaimed_Dock_Basin,24.0,0,0,0.0,FALSE,100.0,FALSE,98.5,Stage_2_Final_Approved,16,TRUE,0,0,None,None,0,FALSE,1.02,Tier_1_National,4.8,1.20,4.5,Surplus,16,0.72,0.24,0.5,12,0.99,30
MOSPI/720719,Machilipatnam Deep Sea Port Package 2 North Breakwater & Dredging,Transport,State,Andhra Pradesh,Krishna (Gilakaladindi),Ongoing,Polygon,LARR_Act_2013,Port,Physical_Possession_Taken,880,Intertidal_Mudflat_and_Marine,450.0,180,1,2.2,FALSE,94.0,FALSE,95.5,Stage_2_Final_Approved,32,TRUE,45,8,None,None,15,FALSE,1.12,Tier_1_National,7.5,1.08,5.1,Surplus,22,0.62,0.22,1.5,15,0.97,120
MOSPI/720720,Ramayapatnam Greenfield Port Package 2 South Breakwater & Berths,Transport,State,Andhra Pradesh,Prakasam,Ongoing,Polygon,LARR_Act_2013,Port,Physical_Possession_Taken,1080,Coastal_Sand_and_Marine,210.0,95,0,1.2,FALSE,97.0,FALSE,97.0,Stage_2_Final_Approved,24,TRUE,22,4,None,None,0,FALSE,1.05,Tier_1_National,5.2,1.16,4.7,Surplus,18,0.55,0.18,2.0,12,0.98,45
MOSPI/720721,Mulapeta Port Srikakulam Package 2 Cargo Berths 3 & 4,Transport,State,Andhra Pradesh,Srikakulam,Ongoing,Polygon,LARR_Act_2013,Port,Physical_Possession_Taken,810,Coastal_Marine_and_Tidal,240.0,140,1,1.8,FALSE,93.0,FALSE,95.5,Stage_2_Final_Approved,28,TRUE,38,6,None,None,5,FALSE,1.10,Tier_1_National,6.8,1.10,4.9,Surplus,20,0.65,0.20,1.5,14,0.97,60
MOSPI/720722,Chennai Port Maduravoyal Elevated Double Decker Pier Works Cooum,Transport,Central,Tamil Nadu,Chennai (Aminjikarai to Koyambedu),Ongoing,Linear,NH_Act_1956,Highway,Physical_Possession_Taken,1180,Riverbank_and_Slum_RoW,26.0,1950,2,4.2,FALSE,94.0,TRUE,95.5,Stage_2_Final_Approved,95,TRUE,580,280,Religious_Shrine,Slum_Dwellers_Protest,20,FALSE,1.32,Tier_1_National,14.0,0.92,5.6,Surplus,20,0.50,0.18,2.0,16,0.95,620
MOSPI/720723,Tuticorin Outer Harbour Rubble Mound Breakwater 4 km,Transport,Central,Tamil Nadu,Thoothukudi,Ongoing,Point,Major_Port_Trusts_Act_1963,Port,Physical_Possession_Taken,740,Deep_Sea_Water,380.0,0,0,0.0,FALSE,100.0,FALSE,98.5,Stage_2_Final_Approved,15,TRUE,0,0,None,None,0,FALSE,1.04,Tier_1_National,5.0,1.18,4.5,Surplus,16,0.42,0.15,1.0,12,0.98,0
MOSPI/720724,Deendayal Port Cargo Berth 16 Superstructure & Rail Siding,Transport,Central,Gujarat,Kutch (Tuna Tekra),Ongoing,Point,Major_Port_Trusts_Act_1963,Port,Physical_Possession_Taken,1080,Coastal_Saline_Mudflat,85.0,0,0,0.0,FALSE,100.0,FALSE,98.0,Stage_2_Final_Approved,20,TRUE,0,0,None,None,0,FALSE,1.04,Tier_1_National,5.0,1.18,4.5,Surplus,16,0.20,0.10,1.5,12,0.98,0
MOSPI/720725,Kandla Vadinar Single Point Mooring Crude Unloading Buoy 3,Energy,Central,Gujarat,Devbhumi Dwarka (Vadinar Offshore),Ongoing,Point,Major_Port_Trusts_Act_1963,Port,Physical_Possession_Taken,920,Marine_Offshore_Arabian_Sea,0.0,0,0,0.0,FALSE,100.0,FALSE,98.5,Stage_2_Final_Approved,10,TRUE,0,0,None,None,0,FALSE,1.06,Tier_1_National,5.5,1.16,4.6,Surplus,18,0.24,0.12,0.0,14,0.97,45
MOSPI/720726,National Waterway 3 Extension Kozhikode to Bekal North Canal,Transport,Central,Kerala,Kozhikode Kannur Kasaragod,Ongoing,Linear,LARR_Act_2013,Inland_Waterway,Section_11_Preliminary_Notification,580,Coastal_Wetlands_and_Plantations,95.0,680,2,4.2,TRUE,38.0,FALSE,93.0,Stage_1_Applied,65,TRUE,210,95,None,Citizen_Canal_Bank_Protest,15,FALSE,1.22,Tier_2_Regional,11.5,0.95,5.4,Adequate,25,0.85,0.24,2.0,18,0.94,0
MOSPI/720727,National Waterway 4 Krishna River Vijayawada to Muktyala Industrial Route,Transport,Central,Andhra Pradesh,NTR & Krishna,Ongoing,Linear,LARR_Act_2013,Inland_Waterway,Physical_Possession_Taken,1050,Riverbed_and_Riparian,48.0,140,0,1.5,FALSE,96.5,FALSE,96.5,Stage_2_Final_Approved,24,TRUE,25,6,None,None,0,FALSE,1.05,Tier_2_Regional,6.0,1.15,4.7,Surplus,18,0.48,0.15,4.0,14,0.97,45
MOSPI/720728,National Waterway 5 Talcher to Dhamra Coal Waterway Fairway,Transport,Central,Odisha,Angul Dhenkanal Kendrapara Bhadrak,Ongoing,Linear,LARR_Act_2013,Inland_Waterway,Section_11_Preliminary_Notification,520,Brahmani_Riverbed_and_Alluvial,165.0,520,1,3.2,TRUE,45.0,FALSE,94.0,Stage_1_Applied,55,TRUE,110,24,None,None,10,FALSE,1.12,Tier_1_National,8.0,1.10,5.0,Surplus,20,0.65,0.20,3.5,16,0.95,0
MOSPI/720729,Dholera SIR Solar Park 300 MW Tata Power Renewable Solar PV,Energy,State,Gujarat,Ahmedabad (Dholera TP2),Ongoing,Polygon,LARR_Act_2013,Solar_Power_Plant,Physical_Possession_Taken,1080,Coastal_Saline_Industrial_Pooled,650.0,0,0,0.0,FALSE,100.0,FALSE,98.5,Not_Applicable,12,TRUE,0,0,None,None,0,FALSE,1.00,Tier_1_National,4.5,1.20,4.4,Surplus,16,0.28,0.20,1.5,12,0.98,30
MOSPI/720730,Khavda Renewable Energy Park 2000 MW Solar PV NTPC Green,Energy,Central,Gujarat,Kutch (Khavda),Ongoing,Polygon,LARR_Act_2013,Solar_Power_Plant,Physical_Possession_Taken,1050,Rann_Saline_Wasteland,4800.0,0,0,0.0,FALSE,100.0,FALSE,98.5,Not_Applicable,18,TRUE,0,0,None,None,0,FALSE,1.02,Tier_1_National,4.8,1.18,4.5,Surplus,18,0.22,0.15,1.2,12,0.98,30
MOSPI/720731,Dayapar Wind Energy Farm 150 MW Package 4 Adani Wind,Energy,Central,Gujarat,Kutch (Dayapar),Ongoing,Polygon,LARR_Act_2013,Wind_Farm,Physical_Possession_Taken,780,Arid_Wasteland_and_Private,950.0,25,0,0.5,FALSE,99.5,FALSE,98.5,Stage_1_In_Principle,10,TRUE,0,0,None,None,0,FALSE,1.00,Tier_1_National,4.5,1.20,4.3,Surplus,16,0.18,0.12,10.0,12,0.99,0
MOSPI/720732,Kahalgaon Super Thermal Power Station Wet Ash Disposal Reclamation,Energy,Central,Bihar,Bhagalpur,Ongoing,Polygon,LARR_Act_2013,Solar_Power_Plant,Physical_Possession_Taken,1380,Ash_Pond_Reclaimed,110.0,0,0,0.0,FALSE,100.0,FALSE,98.5,Not_Applicable,14,TRUE,0,0,None,None,0,FALSE,1.02,Tier_1_National,4.8,1.18,4.5,Surplus,16,0.60,0.18,5.0,12,0.99,0
MOSPI/720733,Farakka Super Thermal Power Station Ash Water Recirculation Revamp,Energy,Central,West Bengal,Murshidabad,Ongoing,Point,LARR_Act_2013,Thermal_Power_Plant,Physical_Possession_Taken,1350,Government_Industrial,22.0,0,0,0.0,FALSE,100.0,FALSE,98.5,Not_Applicable,16,TRUE,0,0,None,None,0,FALSE,1.02,Tier_1_National,4.8,1.20,4.4,Surplus,15,0.70,0.22,2.5,12,0.99,0
MOSPI/720734,Mejia Thermal Power Station Flue Gas Desulphurisation DVC Unit 5 & 6,Energy,Central,West Bengal,Bankura,Ongoing,Point,LARR_Act_2013,Thermal_Power_Plant,Physical_Possession_Taken,1250,Government_Industrial,18.5,0,0,0.0,FALSE,100.0,FALSE,98.0,Not_Applicable,20,TRUE,0,0,None,None,0,FALSE,1.05,Tier_1_National,5.2,1.16,4.6,Surplus,18,0.50,0.18,8.5,14,0.98,60
MOSPI/720735,Raghunathpur Thermal Power Station Unit 3 660 MW Ultra Supercritical,Energy,Central,West Bengal,Purulia,Ongoing,Point,LARR_Act_2013,Thermal_Power_Plant,Physical_Possession_Taken,1120,Government_Industrial,145.0,85,0,1.2,FALSE,98.0,FALSE,97.5,Stage_2_Final_Approved,35,TRUE,28,4,None,None,0,FALSE,1.08,Tier_1_National,6.0,1.14,4.8,Surplus,18,0.48,0.16,9.0,15,0.97,90
MOSPI/720736,Sagardighi Thermal Power Project Unit 5 Superheater Boiler Island,Energy,State,West Bengal,Murshidabad,Completed,Point,LARR_Act_2013,Thermal_Power_Plant,Physical_Possession_Taken,2180,Government_Industrial,34.0,0,0,0.0,FALSE,100.0,FALSE,98.5,Not_Applicable,22,TRUE,0,0,None,None,0,FALSE,1.02,Tier_1_National,4.8,1.20,4.4,Surplus,16,0.60,0.18,4.5,12,0.99,30
MOSPI/720737,Paradip Dual Feed Cracker Complex Polypropylene Line 2 IOCL,Energy,Central,Odisha,Jagatsinghpur,Ongoing,Point,LARR_Act_2013,Refinery,Physical_Possession_Taken,1180,Government_Industrial,45.0,0,0,0.0,FALSE,100.0,FALSE,98.0,Not_Applicable,28,TRUE,0,0,None,None,0,FALSE,1.06,Tier_1_National,5.5,1.15,4.8,Surplus,18,0.70,0.24,1.8,14,0.98,0
MOSPI/720738,Nagapattinam Cauvery Basin Refinery Crude Oil Desalter System,Energy,Central,Tamil Nadu,Nagapattinam,Ongoing,Point,LARR_Act_2013,Refinery,Physical_Possession_Taken,780,Coastal_Industrial,65.0,40,0,1.5,FALSE,96.0,FALSE,96.5,Stage_2_Final_Approved,32,TRUE,15,2,None,None,0,FALSE,1.08,Tier_1_National,6.2,1.14,4.8,Surplus,20,0.52,0.18,2.8,15,0.97,0
MOSPI/720739,Barauni Guwahati Pipeline Gas Compressor Station Siliguri,Energy,Central,West Bengal,Jalpaiguri (Siliguri),Completed,Point,PMP_Act_1962,Gas_Pipeline,RoU_Acquired,2100,Government_Industrial,18.0,0,0,0.0,FALSE,100.0,FALSE,98.5,Not_Applicable,20,TRUE,0,0,None,None,0,FALSE,1.02,Tier_1_National,4.8,1.20,4.4,Surplus,18,0.78,0.22,3.0,12,0.99,0
MOSPI/720740,North East Natural Gas Grid IGGL Brahmaputra Trenchless Crossing,Energy,Central,Assam,Kamrup (Guwahati Subsurface),Ongoing,Point,PMP_Act_1962,Gas_Pipeline,RoU_Acquired,1650,Subsurface_River_Bed_Drilling,12.0,0,0,0.0,FALSE,100.0,FALSE,97.5,Stage_2_Final_Approved,18,TRUE,0,0,None,Riverbed_HDD_Silt_Resistance,15,FALSE,1.25,Tier_1_National,11.5,0.95,5.4,Surplus,24,0.95,0.32,1.5,18,0.95,240
MOSPI/720741,Indo-Bangla Friendship Pipeline Product Dispatch Terminal Numaligarh,Energy,Central,Assam,Golaghat,Completed,Point,PMP_Act_1962,Pipeline,Physical_Possession_Taken,2380,Government_Industrial,16.5,0,0,0.0,FALSE,100.0,FALSE,99.0,Not_Applicable,14,TRUE,0,0,None,None,0,FALSE,0.94,Tier_1_National,4.2,1.22,4.0,Adequate,15,0.82,0.24,3.2,10,0.99,0
MOSPI/720742,Bina Panki Multi Product Pipeline Panki Kanpur Receiving Terminal,Energy,Central,Uttar Pradesh,Kanpur Nagar (Panki),Completed,Point,PMP_Act_1962,Pipeline,Physical_Possession_Taken,2410,Government_Industrial,22.0,0,0,0.0,FALSE,100.0,FALSE,99.0,Not_Applicable,18,TRUE,0,0,None,None,0,FALSE,0.95,Tier_1_National,4.5,1.20,4.2,Surplus,15,0.28,0.10,12.0,10,0.99,0
MOSPI/720743,Amritsar Jamnagar Refined Fuels Pipeline Abohar Pumping Station,Energy,Central,Punjab,Fazilka (Abohar),Ongoing,Point,PMP_Act_1962,Pipeline,RoU_Acquired,1180,Private_Agricultural,24.0,45,0,0.8,FALSE,98.5,FALSE,97.5,Not_Applicable,22,TRUE,8,2,None,None,0,FALSE,1.04,Tier_1_National,5.2,1.16,4.6,Surplus,18,0.15,0.08,24.0,14,0.98,0
MOSPI/720744,Chhabra Thermal Power Plant Flue Gas Desulphurisation Wet Limestone,Energy,State,Rajasthan,Baran,Completed,Point,LARR_Act_2013,Thermal_Power_Plant,Physical_Possession_Taken,2380,Government_Industrial,19.5,0,0,0.0,FALSE,100.0,FALSE,98.5,Not_Applicable,18,TRUE,0,0,None,None,0,FALSE,1.02,Tier_1_National,5.0,1.18,4.5,Surplus,16,0.20,0.08,18.0,12,0.99,45
MOSPI/720745,Suratgarh Super Critical Thermal Plant Ash Slurry Disposal Line,Energy,State,Rajasthan,Sri Ganganagar,Completed,Linear,LARR_Act_2013,Thermal_Power_Plant,Physical_Possession_Taken,2580,Government_Arid_RoW,28.0,0,0,0.0,FALSE,100.0,FALSE,99.0,Not_Applicable,12,TRUE,0,0,None,None,0,FALSE,0.98,Tier_1_National,4.8,1.20,4.4,Surplus,15,0.08,0.05,45.0,10,0.99,0
MOSPI/720746,Bhadla II to Fatehgarh II 765kV D/C Green Interconnection Circuit,Energy,Central,Rajasthan,Jodhpur to Jaisalmer,Completed,Linear,Indian_Telegraph_Act_1885,Power_Transmission_Line,Section_164_Conferred,2180,Private_Agricultural_Arid,125.0,210,0,0.5,FALSE,100.0,FALSE,99.0,Not_Applicable,24,TRUE,0,0,None,Bird_Diverters_Installed,0,FALSE,0.95,Tier_1_National,4.2,1.20,4.2,Adequate,16,0.08,0.05,50.0,12,0.99,0
MOSPI/720747,Fatehgarh IV Pooling Substation 765kV 3000 MVA RE Evacuation,Energy,Central,Rajasthan,Jaisalmer (Fatehgarh),Ongoing,Point,Indian_Telegraph_Act_1885,Power_Transmission_Line,Section_164_Conferred,450,Government_Arid_Wasteland,48.0,0,0,0.0,FALSE,100.0,FALSE,99.0,Not_Applicable,12,TRUE,0,0,None,None,0,FALSE,0.98,Tier_1_National,4.5,1.20,4.3,Adequate,18,0.05,0.05,52.0,12,0.99,0
MOSPI/720748,Banaskantha to Ahmedabad 400kV D/C Line GUVNL Evacuation Link,Energy,Central,Gujarat,Banaskantha to Gandhinagar,Completed,Linear,Indian_Telegraph_Act_1885,Power_Transmission_Line,Section_164_Conferred,2380,Private_Agricultural,95.0,340,0,1.2,FALSE,99.5,FALSE,98.5,Not_Applicable,35,TRUE,6,0,None,None,0,FALSE,1.00,Tier_1_National,4.8,1.18,4.4,Surplus,16,0.22,0.08,18.0,12,0.99,30
MOSPI/720749,Warora to Wardha 400kV D/C Line Western Grid Tie,Energy,Central,Maharashtra,Chandrapur to Wardha,Completed,Linear,Indian_Telegraph_Act_1885,Power_Transmission_Line,Section_164_Conferred,2580,Private_Agricultural,64.0,180,0,1.0,FALSE,100.0,FALSE,98.5,Not_Applicable,24,TRUE,4,0,None,None,0,FALSE,0.98,Tier_1_National,4.5,1.20,4.3,Surplus,15,0.30,0.10,14.0,10,0.99,0
MOSPI/720750,Parli to Pune 765kV D/C Transmission Line Industrial Corridor,Energy,Central,Maharashtra,Beed Ahmednagar Pune,Completed,Linear,Indian_Telegraph_Act_1885,Power_Transmission_Line,Section_164_Conferred,2450,Private_Agricultural,180.0,520,0,1.4,FALSE,99.0,FALSE,98.0,Stage_2_Final_Approved,52,TRUE,12,0,None,None,0,FALSE,1.04,Tier_1_National,5.2,1.16,4.6,Surplus,18,0.28,0.10,15.0,12,0.98,45
MOSPI/720751,Alipurduar to Bongaigaon 400kV D/C Line North East Interconnector,Energy,Central,West Bengal & Assam,Alipurduar to Kokrajhar,Completed,Linear,Indian_Telegraph_Act_1885,Power_Transmission_Line,Section_164_Conferred,2350,Tea_Garden_and_Terai_Forest,110.0,380,0,2.0,FALSE,98.8,FALSE,97.5,Stage_2_Final_Approved,48,TRUE,15,0,None,None,0,FALSE,1.05,Tier_1_National,5.8,1.15,4.7,Adequate,20,0.85,0.22,3.5,14,0.98,30
MOSPI/720752,Teesta Low Dam IV to New Siliguri 220kV D/C Transmission Line,Energy,Central,West Bengal,Darjeeling to Siliguri,Completed,Linear,Indian_Telegraph_Act_1885,Power_Transmission_Line,Section_164_Conferred,2850,Teesta_Gorge_Steep_Forest,45.0,95,0,1.5,FALSE,100.0,FALSE,97.0,Stage_2_Final_Approved,24,TRUE,0,0,None,Landslide_Tower_Restoration,20,TRUE,1.32,Tier_1_National,12.5,0.92,5.6,Scarce,35,0.95,0.38,28.0,18,0.95,450
MOSPI/720753,Koteshwar to Meerut 765kV Transmission Line National Capital Link,Energy,Central,Uttarakhand & Uttar Pradesh,Tehri to Meerut,Completed,Linear,Indian_Telegraph_Act_1885,Power_Transmission_Line,Section_164_Conferred,2750,Mountainous_Forest_and_Gangetic_Plain,185.0,680,1,1.8,FALSE,99.0,FALSE,97.5,Stage_2_Final_Approved,65,TRUE,22,0,None,None,0,FALSE,1.08,Tier_1_National,6.2,1.14,4.8,Surplus,18,0.38,0.12,12.0,14,0.98,90
MOSPI/720754,Tehri Pumped Storage Plant Underground Powerhouse Excavation 1000MW,Energy,Central,Uttarakhand,Tehri Garhwal,Ongoing,Point,LARR_Act_2013,Hydroelectric_Dam,Physical_Possession_Taken,1380,Subsurface_Cavity_Rock,12.0,0,0,0.0,FALSE,100.0,FALSE,96.5,Stage_2_Final_Approved,12,TRUE,0,0,None,Rockburst_Geotechnical_Remediation,25,TRUE,1.22,Tier_1_National,11.5,0.98,5.5,Scarce,35,0.92,0.38,30.0,18,0.95,180
MOSPI/720755,Rampur Hydroelectric Station Desilting Chamber Concrete Lining,Energy,Central,Himachal Pradesh,Shimla,Completed,Point,LARR_Act_2013,Hydroelectric_Dam,Physical_Possession_Taken,2580,Mountainous_Forest,24.0,0,0,0.0,FALSE,100.0,FALSE,98.0,Stage_2_Final_Approved,15,TRUE,0,0,None,None,0,FALSE,1.08,Tier_1_National,6.5,1.14,4.8,Scarce,30,0.90,0.35,35.0,14,0.98,60
MOSPI/720756,Parbati II Head Race Tunnel TBM Breakthrough 800 MW NHPC,Energy,Central,Himachal Pradesh,Kullu,Ongoing,Point,LARR_Act_2013,Hydroelectric_Dam,Physical_Possession_Taken,3750,High_Cover_Fissured_Quartzite,32.0,85,1,3.5,FALSE,94.0,FALSE,94.0,Stage_2_Final_Approved,22,TRUE,45,6,None,High_Pressure_Water_Ingress_Cavity,45,TRUE,1.75,Tier_1_National,24.0,0.75,7.0,Scarce,52,0.95,0.45,40.0,26,0.90,2850
MOSPI/720757,Luhri Stage I Hydro Station Barrage Spillway Radial Gates Satluj,Energy,Central,Himachal Pradesh,Shimla & Kullu,Ongoing,Point,LARR_Act_2013,Hydroelectric_Dam,Physical_Possession_Taken,1180,Riverbed_and_Steep_Slopes,48.0,140,0,1.5,FALSE,97.5,FALSE,96.5,Stage_2_Final_Approved,18,TRUE,28,4,None,None,0,FALSE,1.06,Tier_1_National,6.5,1.14,4.8,Scarce,32,0.88,0.35,28.0,15,0.97,60
MOSPI/720758,Dhaulasidh Hydro Dam Concrete Gravity Wall Foundation Beas,Energy,Central,Himachal Pradesh,Hamirpur,Ongoing,Point,LARR_Act_2013,Hydroelectric_Dam,Physical_Possession_Taken,1080,Sandstone_Riverbed_Foundation,38.0,110,0,1.2,FALSE,98.0,FALSE,97.0,Stage_2_Final_Approved,14,TRUE,18,2,None,None,0,FALSE,1.05,Tier_1_National,6.0,1.15,4.7,Adequate,28,0.85,0.32,22.0,14,0.98,45
MOSPI/720759,Sunni Dam Hydro Station Diversion Tunnel Dry Season Construction,Energy,Central,Himachal Pradesh,Shimla & Mandi,Ongoing,Point,LARR_Act_2013,Hydroelectric_Dam,Physical_Possession_Taken,810,River_Gorge_and_Forest,42.0,120,0,2.0,FALSE,95.5,FALSE,96.0,Stage_2_Final_Approved,16,TRUE,22,4,None,None,0,FALSE,1.08,Tier_1_National,7.2,1.12,4.9,Scarce,35,0.88,0.34,25.0,16,0.96,0
MOSPI/720760,Kiru Hydroelectric Dam Coffer Dam & River Diversion Chenab,Energy,Central,Jammu & Kashmir,Kishtwar,Ongoing,Point,LARR_Act_2013,Hydroelectric_Dam,Physical_Possession_Taken,1580,Gneiss_Rock_Riverbed_Gorge,58.0,210,0,1.8,FALSE,96.0,FALSE,95.5,Stage_2_Final_Approved,24,TRUE,35,6,None,None,10,FALSE,1.28,Tier_1_National,13.5,0.90,5.8,Scarce,45,0.90,0.40,8.5,20,0.94,310
MOSPI/720761,Kwar Hydro Station Underground Powerhouse Cavern Excavation,Energy,Central,Jammu & Kashmir,Kishtwar,Ongoing,Point,LARR_Act_2013,Hydroelectric_Dam,Physical_Possession_Taken,1250,Subsurface_Granite_Cavern,45.0,180,0,2.0,FALSE,96.0,FALSE,96.0,Stage_2_Final_Approved,20,TRUE,28,4,None,None,5,FALSE,1.25,Tier_1_National,12.0,0.92,5.6,Scarce,42,0.90,0.40,9.0,18,0.95,180
MOSPI/720762,Uri II Hydroelectric Station Tail Race Tunnel Discharge Channel,Energy,Central,Jammu & Kashmir,Baramulla,Completed,Point,LAA_1894,Hydroelectric_Dam,Physical_Possession_Taken,3380,Subsurface_Tunnel_Border_Zone,28.0,0,0,0.0,FALSE,100.0,FALSE,98.0,Stage_2_Final_Approved,16,TRUE,0,0,None,None,30,TRUE,1.38,Tier_1_National,14.5,0.88,6.0,Scarce,45,0.92,0.38,12.0,20,0.94,980
MOSPI/720763,Kishanganga Power Evacuation Line 220kV Amargarh Circuit,Energy,Central,Jammu & Kashmir,Bandipora to Baramulla,Completed,Linear,Indian_Telegraph_Act_1885,Power_Transmission_Line,Section_164_Conferred,2850,Snowbound_Razdan_Pass_and_Forest,58.0,140,0,1.5,FALSE,100.0,FALSE,97.0,Stage_2_Final_Approved,22,TRUE,0,0,None,Avalanche_Tower_Protection_Works,20,TRUE,1.45,Tier_1_National,16.5,0.85,6.2,Scarce,50,0.94,0.42,15.0,24,0.93,1250
MOSPI/720764,Salal Hydro Power Station Dam Sluice Gates Hydraulic Overhaul,Energy,Central,Jammu & Kashmir,Reasi,Completed,Point,LARR_Act_2013,Hydroelectric_Dam,Physical_Possession_Taken,2580,Concrete_Dam_Structure,12.0,0,0,0.0,FALSE,100.0,FALSE,98.5,Not_Applicable,14,TRUE,0,0,None,None,0,FALSE,0.95,Tier_1_National,4.8,1.20,4.4,Adequate,20,0.85,0.30,4.0,12,0.99,0
MOSPI/720765,Dulhasti Hydro Station Head Race Tunnel Desilting Modification,Energy,Central,Jammu & Kashmir,Kishtwar,Completed,Point,LAA_1894,Hydroelectric_Dam,Physical_Possession_Taken,4050,Mountainous_Subsurface_Tunnel,18.0,0,0,0.0,FALSE,100.0,FALSE,96.0,Stage_2_Final_Approved,28,TRUE,0,0,None,None,90,TRUE,1.85,Tier_1_National,24.5,0.70,7.8,Scarce,55,0.92,0.42,8.0,26,0.90,3650
MOSPI/720766,Upper Bhadra Lift Irrigation National Project Package 1 Tarikere,Water_Resources,Central,Karnataka,Chikkamagaluru,Ongoing,Polygon,LARR_Act_2013,Lift_Irrigation,Physical_Possession_Taken,1450,Forest_and_Agricultural,850.0,620,1,3.2,FALSE,91.5,FALSE,94.5,Stage_2_Final_Approved,58,TRUE,280,35,None,Citizen_Activist_Protest,15,FALSE,1.22,Tier_1_National,11.5,0.95,5.4,Adequate,28,0.55,0.20,14.0,20,0.95,365
MOSPI/720767,Upper Bhadra Lift Irrigation Package 2 Ajjampura Tunnel,Water_Resources,Central,Karnataka,Chikkamagaluru & Chitradurga,Ongoing,Linear,LARR_Act_2013,Lift_Irrigation,Physical_Possession_Taken,1380,Subsurface_Canal_Tunnel,125.0,210,0,2.0,FALSE,94.0,FALSE,95.5,Stage_2_Final_Approved,32,TRUE,45,8,None,None,0,FALSE,1.18,Tier_1_National,9.5,1.02,5.2,Surplus,25,0.48,0.18,16.5,18,0.96,240
MOSPI/720768,Upper Bhadra Lift Irrigation Package 3 Chitradurga Branch Canal,Water_Resources,Central,Karnataka,Chitradurga,Ongoing,Linear,LARR_Act_2013,Lift_Irrigation,Physical_Possession_Taken,1280,Private_Agricultural_Arid,480.0,1150,1,2.8,FALSE,88.5,FALSE,95.0,Not_Applicable,85,TRUE,180,24,None,None,0,FALSE,1.10,Tier_1_National,7.5,1.10,5.0,Surplus,22,0.25,0.10,22.0,16,0.96,180
MOSPI/720769,Gosikhurd National Irrigation Project Left Bank Canal 100 km,Water_Resources,Central,Maharashtra,Bhandara & Nagpur,Completed,Linear,LARR_Act_2013,Multi_Purpose_Dam,Physical_Possession_Taken,3850,Private_Agricultural_and_Forest,1250.0,3400,2,4.8,FALSE,98.5,FALSE,95.5,Stage_2_Final_Approved,140,TRUE,650,85,None,None,20,FALSE,1.45,Tier_1_National,16.5,0.88,6.0,Surplus,25,0.40,0.16,10.5,22,0.93,2550
MOSPI/720770,Gosikhurd National Irrigation Project Right Bank Canal 99 km,Water_Resources,Central,Maharashtra,Bhandara & Chandrapur,Completed,Linear,LARR_Act_2013,Multi_Purpose_Dam,Physical_Possession_Taken,3750,Private_Agricultural,1180.0,3100,2,4.5,FALSE,99.0,FALSE,96.0,Stage_2_Final_Approved,125,TRUE,580,72,None,None,15,FALSE,1.40,Tier_1_National,15.0,0.90,5.8,Surplus,24,0.38,0.15,11.0,20,0.94,2190
MOSPI/720771,Lower Suktel Major Irrigation Dam Balangir National Project,Water_Resources,Central,Odisha,Balangir,Ongoing,Polygon,LARR_Act_2013,Multi_Purpose_Dam,Physical_Possession_Taken,3100,Forest_and_Agricultural,1850.0,4200,3,6.5,FALSE,88.5,FALSE,93.0,Stage_2_Final_Approved,85,TRUE,1450,110,None,Displaced_Villagers_R&R_Agitation,45,TRUE,1.55,Tier_1_National,18.5,0.85,6.2,Adequate,32,0.45,0.18,9.5,24,0.92,2920
MOSPI/720772,Subarnarekha Multi Purpose Irrigation Project Chandil Dam Canals,Water_Resources,Central,Jharkhand,Seraikela Kharsawan,Ongoing,Polygon,LARR_Act_2013,Multi_Purpose_Dam,Physical_Possession_Taken,4150,Forest_Tribal_and_Agricultural,3450.0,8500,4,8.2,FALSE,92.0,FALSE,92.5,Stage_2_Final_Approved,120,TRUE,2800,195,None,Submergence_Compensation_PIL,60,TRUE,1.68,Tier_1_National,22.0,0.78,6.8,Adequate,35,0.50,0.20,8.5,26,0.90,3650
MOSPI/720773,Rengali Left Bank Canal Irrigation Network Phase 2 Dhenkanal,Water_Resources,State,Odisha,Dhenkanal & Jajpur,Completed,Linear,LARR_Act_2013,Canal_Network,Physical_Possession_Taken,3450,Private_Agricultural_and_Forest,850.0,2850,1,3.5,FALSE,99.2,FALSE,96.5,Stage_2_Final_Approved,110,TRUE,480,65,None,None,0,FALSE,1.25,Tier_1_National,10.5,1.02,5.2,Surplus,22,0.55,0.18,7.5,18,0.96,1460
MOSPI/720774,Upper Indravati Irrigation Lift Canal Extension Kalahandi,Water_Resources,State,Odisha,Kalahandi,Completed,Linear,LARR_Act_2013,Lift_Irrigation,Physical_Possession_Taken,2450,Private_Agricultural,420.0,1280,0,1.8,FALSE,100.0,FALSE,98.0,Stage_2_Final_Approved,65,TRUE,190,28,None,None,0,FALSE,1.05,Tier_1_National,5.8,1.15,4.7,Surplus,18,0.42,0.14,10.0,14,0.98,90
MOSPI/720775,Ghataprabha Right Bank Canal Modernisation Phase III,Water_Resources,State,Karnataka,Bagalkot & Belagavi,Completed,Linear,LARR_Act_2013,Canal_Network,Physical_Possession_Taken,2650,Private_Agricultural,380.0,950,0,1.5,FALSE,100.0,FALSE,98.5,Not_Applicable,58,TRUE,140,18,None,None,0,FALSE,1.02,Tier_1_National,5.2,1.18,4.5,Surplus,16,0.30,0.10,16.0,12,0.99,30
MOSPI/720776,Malaprabha Dam Reservoir Desiltation & Canal Lining Package,Water_Resources,State,Karnataka,Belagavi,Completed,Point,LARR_Act_2013,Canal_Network,Physical_Possession_Taken,2410,Reservoir_Bed_and_Canal_RoW,45.0,0,0,0.0,FALSE,100.0,FALSE,98.5,Not_Applicable,28,TRUE,0,0,None,None,0,FALSE,0.98,Tier_1_National,4.8,1.20,4.4,Surplus,15,0.32,0.10,15.5,12,0.99,0
MOSPI/720777,Koyna Hydroelectric Project Stage IV Modernisation 1000MW,Energy,State,Maharashtra,Satara (Alore Underground Powerhouse),Completed,Point,LARR_Act_2013,Hydroelectric_Dam,Physical_Possession_Taken,2980,Western_Ghats_Dense_Forest,68.0,0,0,0.0,FALSE,100.0,FALSE,98.0,Stage_2_Final_Approved,24,TRUE,0,0,None,None,0,FALSE,1.05,Tier_1_National,6.0,1.15,4.8,Surplus,18,0.85,0.28,6.0,14,0.98,90
MOSPI/720778,Ghatghar Pumped Storage Hydroelectric Project 250 MW,Energy,State,Maharashtra,Ahmednagar (Ghatghar Sahyadri),Completed,Polygon,LARR_Act_2013,Hydroelectric_Dam,Physical_Possession_Taken,3100,Steep_Western_Ghats_Forest,145.0,180,0,1.2,FALSE,100.0,FALSE,97.5,Stage_2_Final_Approved,22,TRUE,15,2,None,None,0,FALSE,1.15,Tier_1_National,8.5,1.08,5.0,Scarce,25,0.90,0.32,12.0,16,0.97,365
MOSPI/720779,Bhira Pumped Storage Hydroelectric Plant 150 MW Tata Power,Energy,State,Maharashtra,Raigad (Bhira Hydro Tailrace),Completed,Point,LARR_Act_2013,Hydroelectric_Dam,Physical_Possession_Taken,2850,Western_Ghats_Tailrace,38.0,0,0,0.0,FALSE,100.0,FALSE,98.5,Not_Applicable,18,TRUE,0,0,None,None,0,FALSE,1.02,Tier_1_National,5.2,1.18,4.5,Surplus,16,0.85,0.26,5.5,12,0.99,0
MOSPI/720780,Sharavathi Pumped Storage Hydroelectric Scheme 2000 MW KPCL,Energy,State,Karnataka,Shivamogga & Uttara Kannada,Ongoing,Polygon,LARR_Act_2013,Hydroelectric_Dam,Section_11_Preliminary_Notification,480,Sharavathi_Valley_Wildlife_Sanctuary,220.0,45,2,6.5,TRUE,18.0,FALSE,92.0,Stage_1_Applied,15,TRUE,10,0,None,Sanctuary_Eco_Clearance_PIL_Stay,25,TRUE,1.35,Tier_1_National,14.5,0.90,5.8,Scarce,42,0.95,0.36,10.0,22,0.93,0
MOSPI/720781,Varahi Underground Hydroelectric Power Station Stage II 460 MW,Energy,State,Karnataka,Udupi (Hosangadi),Completed,Point,LARR_Act_2013,Hydroelectric_Dam,Physical_Possession_Taken,2950,Western_Ghats_Dense_Forest,58.0,65,0,0.8,FALSE,100.0,FALSE,98.0,Stage_2_Final_Approved,18,TRUE,0,0,None,None,0,FALSE,1.12,Tier_1_National,7.5,1.10,5.0,Adequate,22,0.92,0.30,4.5,15,0.97,240
MOSPI/720782,Srisailam Left Bank Underground Hydroelectric Station 900 MW,Energy,State,Telangana,Nagar Kurnool (Srisailam Left Bank),Completed,Point,LAA_1894,Hydroelectric_Dam,Physical_Possession_Taken,3850,Nallamala_Forest_and_Gorge,72.0,0,0,0.0,FALSE,100.0,FALSE,98.0,Stage_2_Final_Approved,32,TRUE,0,0,None,None,15,FALSE,1.25,Tier_1_National,12.5,0.95,5.5,Adequate,26,0.55,0.22,12.0,18,0.95,1460
MOSPI/720783,Nagarjunasagar Tail Pond Hydroelectric Project 50 MW,Energy,State,Andhra Pradesh & Telangana,Palnadu & Nalgonda,Completed,Point,LARR_Act_2013,Hydroelectric_Dam,Physical_Possession_Taken,2650,Krishna_Riverbed_and_Submergence,85.0,110,0,1.0,FALSE,100.0,FALSE,98.0,Stage_2_Final_Approved,24,TRUE,12,2,None,None,0,FALSE,1.08,Tier_1_National,6.5,1.14,4.8,Surplus,18,0.48,0.18,8.5,14,0.98,180
MOSPI/720784,Lower Sileru Hydroelectric Project Expansion 2x115 MW APGENCO,Energy,State,Andhra Pradesh,Alluri Sitharama Raju (Mothugudem),Ongoing,Point,LARR_Act_2013,Hydroelectric_Dam,Physical_Possession_Taken,1450,Dense_Forest_and_Tribal_Hills,48.0,65,0,2.5,FALSE,96.0,FALSE,96.0,Stage_2_Final_Approved,18,TRUE,15,0,None,None,0,FALSE,1.12,Tier_1_National,7.5,1.10,5.0,Adequate,24,0.72,0.24,6.5,15,0.96,120
MOSPI/720785,Upper Sileru Pumped Storage Scheme 1350 MW APGENCO,Energy,State,Andhra Pradesh,Alluri Sitharama Raju (Upper Sileru),Ongoing,Polygon,LARR_Act_2013,Hydroelectric_Dam,Section_11_Preliminary_Notification,420,Forest_and_Riverbed_Terraces,185.0,95,1,4.2,FALSE,65.0,FALSE,94.0,Stage_1_Applied,22,TRUE,28,2,None,None,0,FALSE,1.10,Tier_1_National,6.8,1.12,4.9,Adequate,25,0.70,0.24,7.0,16,0.96,0
MOSPI/720786,Balimela Hydroelectric Station Extension Unit 7 & 8 2x75 MW,Energy,State,Odisha,Malkangiri (Balimela Sileru),Completed,Point,LARR_Act_2013,Hydroelectric_Dam,Physical_Possession_Taken,3100,Forest_and_Tribal_Terrace,42.0,0,0,0.0,FALSE,100.0,FALSE,97.5,Stage_2_Final_Approved,22,TRUE,0,0,None,Security_Escort_LWE_Zone,35,TRUE,1.48,Tier_2_Regional,16.5,0.85,6.2,Scarce,38,0.68,0.24,8.0,22,0.93,1825
MOSPI/720787,Upper Kolab Hydroelectric Scheme Capacity Augmentation OHPC,Energy,State,Odisha,Koraput,Completed,Point,LARR_Act_2013,Hydroelectric_Dam,Physical_Possession_Taken,2450,Forest_and_Reservoir_RoW,32.0,0,0,0.0,FALSE,100.0,FALSE,98.5,Not_Applicable,16,TRUE,0,0,None,None,0,FALSE,0.98,Tier_1_National,5.2,1.18,4.5,Adequate,20,0.65,0.22,10.0,12,0.99,0
MOSPI/720788,Indirasagar Hydroelectric Project 1000 MW NHDC Narmada Basin,Energy,Central,Madhya Pradesh,Khandwa (Narmadanagar),Completed,Polygon,LAA_1894,Hydroelectric_Dam,Physical_Possession_Taken,4450,Forest_and_Agricultural_Submergence,12500.0,42000,12,9.5,TRUE,94.0,FALSE,94.0,Stage_2_Final_Approved,180,TRUE,12500,450,None,Narmada_Bachao_Andolan_Litigation,380,TRUE,1.95,Tier_1_National,22.5,0.75,7.5,Adequate,40,0.45,0.18,14.0,28,0.89,2920
MOSPI/720789,Omkareshwar Hydroelectric Project 520 MW NHDC Narmada,Energy,Central,Madhya Pradesh,Khandwa (Omkareshwar),Completed,Polygon,LAA_1894,Hydroelectric_Dam,Physical_Possession_Taken,4150,Riverbed_and_Forest_Submergence,6200.0,18500,6,7.8,FALSE,98.0,FALSE,95.5,Stage_2_Final_Approved,110,TRUE,5400,210,None,Omkareshwar_Submergence_Litigation,140,TRUE,1.65,Tier_1_National,18.0,0.85,6.5,Adequate,32,0.42,0.16,15.0,24,0.92,1825
MOSPI/720790,Omkareshwar Floating Solar Project 600 MW Reservoir Surface,Energy,Central,Madhya Pradesh,Khandwa (Omkareshwar Reservoir),Completed,Polygon,LARR_Act_2013,Solar_Power_Plant,Physical_Possession_Taken,1450,Reservoir_Water_Surface_No_Land,0.0,0,0,0.0,FALSE,100.0,FALSE,98.5,Not_Applicable,14,TRUE,0,0,None,None,0,FALSE,0.95,Tier_1_National,4.5,1.22,4.3,Surplus,15,0.35,0.10,0.0,12,0.99,60
MOSPI/720791,Getalsud Dam Floating Solar Power Plant 100 MW Ranchi,Energy,State,Jharkhand,Ranchi (Getalsud Reservoir),Ongoing,Polygon,LARR_Act_2013,Solar_Power_Plant,Physical_Possession_Taken,820,Reservoir_Water_Surface_No_Land,0.0,0,0,0.0,FALSE,100.0,FALSE,98.5,Not_Applicable,10,TRUE,0,0,None,None,0,FALSE,1.02,Tier_1_National,4.8,1.20,4.4,Surplus,16,0.48,0.15,0.0,12,0.98,0
MOSPI/720792,Ramagundam Floating Solar PV Project 100 MW NTPC Thermal Reservoir,Energy,Central,Telangana,Peddapalli (Ramagundam Balancing Reservoir),Completed,Polygon,LARR_Act_2013,Solar_Power_Plant,Physical_Possession_Taken,1850,Reservoir_Water_Surface_No_Land,0.0,0,0,0.0,FALSE,100.0,FALSE,99.0,Not_Applicable,8,TRUE,0,0,None,None,0,FALSE,0.92,Tier_1_National,4.0,1.24,4.1,Surplus,14,0.35,0.12,0.0,10,0.99,0
MOSPI/720793,Kayamkulam Floating Solar PV Project 92 MW NTPC Backwaters,Energy,Central,Kerala,Alappuzha (Kayamkulam Lake Basin),Completed,Polygon,LARR_Act_2013,Solar_Power_Plant,Physical_Possession_Taken,1720,Saline_Backwaters_Water_Surface,0.0,0,0,0.0,FALSE,100.0,FALSE,99.0,Not_Applicable,6,TRUE,0,0,None,None,0,FALSE,0.90,Tier_1_National,3.8,1.25,4.0,Surplus,14,0.85,0.22,0.0,10,0.99,0
MOSPI/720794,Simhadri Floating Solar PV Project 25 MW NTPC Reservoir,Energy,Central,Andhra Pradesh,Visakhapatnam (Simhadri Thermal Raw Water),Completed,Polygon,LARR_Act_2013,Solar_Power_Plant,Physical_Possession_Taken,1650,Thermal_Raw_Water_Reservoir,0.0,0,0,0.0,FALSE,100.0,FALSE,99.0,Not_Applicable,6,TRUE,0,0,None,None,0,FALSE,0.92,Tier_1_National,4.0,1.22,4.2,Surplus,14,0.42,0.14,0.0,10,0.99,0
MOSPI/720795,Bhadravati High Voltage Direct Current HVDC Back to Back Modernisation,Energy,Central,Maharashtra,Chandrapur (Bhadravati),Completed,Point,Indian_Telegraph_Act_1885,Power_Transmission_Line,Section_164_Conferred,2180,Government_Substation_Estate,24.0,0,0,0.0,FALSE,100.0,FALSE,99.0,Not_Applicable,14,TRUE,0,0,None,None,0,FALSE,0.95,Tier_1_National,4.5,1.20,4.2,Surplus,15,0.35,0.10,12.0,10,0.99,0
MOSPI/720796,Vindhyachal HVDC Back to Back Interconnector Renovation 2x500MW,Energy,Central,Madhya Pradesh,Singrauli (Vindhyachal),Completed,Point,Indian_Telegraph_Act_1885,Power_Transmission_Line,Section_164_Conferred,2250,Government_Industrial_Substation,28.0,0,0,0.0,FALSE,100.0,FALSE,99.0,Not_Applicable,16,TRUE,0,0,None,None,0,FALSE,0.94,Tier_1_National,4.4,1.20,4.2,Surplus,15,0.40,0.12,14.0,10,0.99,0
MOSPI/720797,Gazuwaka HVDC Back to Back East South Interconnector 2x500MW,Energy,Central,Andhra Pradesh,Visakhapatnam (Gazuwaka),Completed,Point,Indian_Telegraph_Act_1885,Power_Transmission_Line,Section_164_Conferred,2380,Substation_Estate,26.0,0,0,0.0,FALSE,100.0,FALSE,99.0,Not_Applicable,18,TRUE,0,0,None,None,0,FALSE,0.96,Tier_1_National,4.6,1.20,4.3,Surplus,16,0.45,0.14,10.0,10,0.99,0
MOSPI/720798,Champa Kurukshetra 800kV HVDC Bipole Line Western to Northern Link,Energy,Central,Chhattisgarh to Haryana,Janjgir Champa to Kurukshetra,Completed,Linear,Indian_Telegraph_Act_1885,Power_Transmission_Line,Section_164_Conferred,2850,Private_Agricultural_and_Forest,1450.0,12500,4,2.5,FALSE,99.2,FALSE,97.5,Stage_2_Final_Approved,380,TRUE,280,45,None,Farmer_Crop_Compensation_Protest,30,TRUE,1.15,Tier_1_National,8.5,1.05,5.2,Surplus,25,0.32,0.12,14.0,16,0.96,480
MOSPI/720799,Biswanath Chariali to Agra 800kV Multi Terminal HVDC Interconnector,Energy,Central,Assam WB Bihar UP,Sonitpur to Agra,Completed,Linear,Indian_Telegraph_Act_1885,Power_Transmission_Line,Section_164_Conferred,3450,Chicken_Neck_Corridor_and_Gangetic,1850.0,18500,8,4.2,FALSE,98.5,FALSE,96.0,Stage_2_Final_Approved,520,TRUE,480,85,None,Chicken_Neck_Siliguri_RoW_Stay,45,TRUE,1.38,Tier_1_National,15.5,0.88,5.8,Adequate,30,0.65,0.20,8.5,20,0.94,1460
MOSPI/720800,Khavda to Nagpur 765kV D/C Inter Regional Power Transmission Grid,Energy,Central,Gujarat & Maharashtra,Kutch Surendranagar Wardha Nagpur,Ongoing,Linear,Indian_Telegraph_Act_1885,Power_Transmission_Line,Section_164_Conferred,480,Private_Agricultural_and_Arid,420.0,1180,1,1.5,FALSE,95.5,FALSE,97.0,Stage_1_In_Principle,140,TRUE,65,12,None,None,0,FALSE,1.05,Tier_1_National,5.5,1.15,4.8,Surplus,20,0.25,0.10,16.0,14,0.98,0